-- phpMyAdmin SQL Dump
-- version 4.9.1
-- https://www.phpmyadmin.net/
--
-- Host: 127.0.0.1
-- Generation Time: Dec 25, 2019 at 06:18 PM
-- Server version: 10.4.8-MariaDB
-- PHP Version: 7.3.10

SET SQL_MODE = "NO_AUTO_VALUE_ON_ZERO";
SET AUTOCOMMIT = 0;
START TRANSACTION;
SET time_zone = "+00:00";


/*!40101 SET @OLD_CHARACTER_SET_CLIENT=@@CHARACTER_SET_CLIENT */;
/*!40101 SET @OLD_CHARACTER_SET_RESULTS=@@CHARACTER_SET_RESULTS */;
/*!40101 SET @OLD_COLLATION_CONNECTION=@@COLLATION_CONNECTION */;
/*!40101 SET NAMES utf8mb4 */;

--
-- Database: `gazipur-citycorpo.lara`
--

-- --------------------------------------------------------

--
-- Table structure for table `anniversary_asset_cat_class_rate`
--

CREATE TABLE `anniversary_asset_cat_class_rate` (
  `id` int(11) NOT NULL,
  `anniversary_range_id` int(11) NOT NULL,
  `asset_cat_class_id` int(11) NOT NULL,
  `squarefeet_rate` decimal(10,0) NOT NULL,
  `square_meter` decimal(10,0) NOT NULL
) ENGINE=InnoDB DEFAULT CHARSET=utf8mb4;

--
-- Dumping data for table `anniversary_asset_cat_class_rate`
--

INSERT INTO `anniversary_asset_cat_class_rate` (`id`, `anniversary_range_id`, `asset_cat_class_id`, `squarefeet_rate`, `square_meter`) VALUES
(1, 1, 1, '900', '0'),
(2, 1, 2, '700', '0'),
(3, 1, 3, '500', '0'),
(4, 1, 4, '300', '0'),
(5, 2, 1, '1000', '0'),
(6, 2, 2, '800', '0'),
(7, 2, 3, '600', '0'),
(8, 2, 4, '400', '0'),
(9, 3, 1, '1200', '0'),
(10, 3, 2, '1000', '0'),
(11, 3, 3, '800', '0'),
(12, 3, 4, '600', '0');

-- --------------------------------------------------------

--
-- Table structure for table `anniversary_asset_cat_percentage`
--

CREATE TABLE `anniversary_asset_cat_percentage` (
  `id` int(11) NOT NULL,
  `anniversary_range_id` int(11) NOT NULL,
  `asset_category_id` int(11) NOT NULL,
  `percentage` int(3) NOT NULL,
  `updated_at` int(11) NOT NULL
) ENGINE=InnoDB DEFAULT CHARSET=utf8mb4;

--
-- Dumping data for table `anniversary_asset_cat_percentage`
--

INSERT INTO `anniversary_asset_cat_percentage` (`id`, `anniversary_range_id`, `asset_category_id`, `percentage`, `updated_at`) VALUES
(1, 1, 1, 10, 0),
(2, 1, 1, 9, 0),
(3, 1, 3, 8, 0),
(4, 2, 1, 10, 0),
(5, 2, 2, 9, 0),
(6, 2, 3, 8, 0),
(7, 3, 1, 10, 0),
(8, 3, 2, 9, 0),
(9, 3, 3, 8, 0);

-- --------------------------------------------------------

--
-- Table structure for table `anniversary_range`
--

CREATE TABLE `anniversary_range` (
  `ar_id` int(11) NOT NULL,
  `ar_title` varchar(50) NOT NULL,
  `ar_title_slug` varchar(50) NOT NULL,
  `ar_from` date NOT NULL,
  `ar_to` date NOT NULL,
  `inserted_at` datetime NOT NULL
) ENGINE=InnoDB DEFAULT CHARSET=utf8mb4;

--
-- Dumping data for table `anniversary_range`
--

INSERT INTO `anniversary_range` (`ar_id`, `ar_title`, `ar_title_slug`, `ar_from`, `ar_to`, `inserted_at`) VALUES
(1, 'পৌরসভা কালীন সময়', 'পৌরসভা', '0000-00-00', '2012-12-31', '0000-00-00 00:00:00'),
(2, '১ম পঞ্চবার্ষিকী', '১ম-পঞ্চবার্ষিকী', '2013-01-01', '2017-12-31', '0000-00-00 00:00:00'),
(3, '২য় পঞ্চবার্ষিকী', '২য়-পঞ্চবার্ষিকী', '2018-01-01', '2022-12-31', '0000-00-00 00:00:00');

-- --------------------------------------------------------

--
-- Table structure for table `asset_category`
--

CREATE TABLE `asset_category` (
  `asset_category_id` int(11) NOT NULL,
  `asset_category_title` varchar(100) NOT NULL,
  `asset_category_slug` varchar(100) NOT NULL,
  `updated_at` datetime NOT NULL
) ENGINE=InnoDB DEFAULT CHARSET=utf8mb4;

--
-- Dumping data for table `asset_category`
--

INSERT INTO `asset_category` (`asset_category_id`, `asset_category_title`, `asset_category_slug`, `updated_at`) VALUES
(1, 'Commercial / বাণিজ্যিক', 'commercial', '0000-00-00 00:00:00'),
(2, 'Industrial / শিল্প', 'industrial', '0000-00-00 00:00:00'),
(3, 'Residential / আবাসিক', 'residential', '0000-00-00 00:00:00');

-- --------------------------------------------------------

--
-- Table structure for table `asset_category_class`
--

CREATE TABLE `asset_category_class` (
  `asset_cat_class_id` int(11) NOT NULL,
  `asset_cat_class_title` varchar(100) NOT NULL,
  `asset_cat_class_slug` varchar(100) NOT NULL,
  `updated_at` datetime NOT NULL
) ENGINE=InnoDB DEFAULT CHARSET=utf8mb4;

--
-- Dumping data for table `asset_category_class`
--

INSERT INTO `asset_category_class` (`asset_cat_class_id`, `asset_cat_class_title`, `asset_cat_class_slug`, `updated_at`) VALUES
(1, 'পাকা (First Class)', '1st-class', '0000-00-00 00:00:00'),
(2, 'আধা পাকা (2nd Class)', '2nd-class', '0000-00-00 00:00:00'),
(3, 'টিন সেড (3rd Class)', '3rd-class', '0000-00-00 00:00:00'),
(4, 'কাঁচা (4th Class)', '4th-class', '0000-00-00 00:00:00');

-- --------------------------------------------------------

--
-- Table structure for table `asset_category_of_using`
--

CREATE TABLE `asset_category_of_using` (
  `asset_cat_using_id` int(11) NOT NULL,
  `asset_cat_using_title` varchar(100) NOT NULL,
  `asset_cat_using_slug` varchar(100) NOT NULL,
  `updated_at` datetime NOT NULL
) ENGINE=InnoDB DEFAULT CHARSET=utf8mb4;

--
-- Dumping data for table `asset_category_of_using`
--

INSERT INTO `asset_category_of_using` (`asset_cat_using_id`, `asset_cat_using_title`, `asset_cat_using_slug`, `updated_at`) VALUES
(1, 'নিজ ব্যেবহৃত', 'self', '0000-00-00 00:00:00'),
(2, 'ভাড়ায় ব্যেবহৃত', 'rent', '0000-00-00 00:00:00'),
(3, 'মিশ্র ব্যেবহার', 'self-and-rent', '0000-00-00 00:00:00');

-- --------------------------------------------------------

--
-- Table structure for table `customers`
--

CREATE TABLE `customers` (
  `id` bigint(20) UNSIGNED NOT NULL,
  `name` varchar(128) COLLATE utf8mb4_unicode_ci NOT NULL,
  `phone` varchar(128) COLLATE utf8mb4_unicode_ci NOT NULL,
  `email` varchar(128) COLLATE utf8mb4_unicode_ci NOT NULL,
  `nid` varchar(28) COLLATE utf8mb4_unicode_ci NOT NULL,
  `photo` varchar(255) COLLATE utf8mb4_unicode_ci NOT NULL,
  `address` varchar(255) COLLATE utf8mb4_unicode_ci NOT NULL,
  `google_map_data` text COLLATE utf8mb4_unicode_ci NOT NULL,
  `location_photo` varchar(255) COLLATE utf8mb4_unicode_ci NOT NULL,
  `zone_id` bigint(20) UNSIGNED NOT NULL,
  `occupation` varchar(128) COLLATE utf8mb4_unicode_ci NOT NULL,
  `opening_amount` decimal(10,2) NOT NULL,
  `opening_amount_due` decimal(10,2) NOT NULL,
  `bill_amount` decimal(10,2) NOT NULL,
  `connection_srv_bill` decimal(10,2) NOT NULL,
  `connection_srv_bill_due` decimal(10,2) NOT NULL,
  `connection_date` datetime NOT NULL,
  `package_id` bigint(20) UNSIGNED NOT NULL,
  `discount_amount` decimal(10,2) NOT NULL,
  `ip` varchar(30) COLLATE utf8mb4_unicode_ci NOT NULL,
  `is_reseller` tinyint(1) NOT NULL DEFAULT 0,
  `reseller_id` bigint(20) UNSIGNED NOT NULL DEFAULT 0,
  `created_by` bigint(20) UNSIGNED NOT NULL,
  `status` varchar(30) COLLATE utf8mb4_unicode_ci NOT NULL,
  `created_at` timestamp NULL DEFAULT NULL,
  `updated_at` timestamp NULL DEFAULT NULL
) ENGINE=InnoDB DEFAULT CHARSET=utf8mb4 COLLATE=utf8mb4_unicode_ci;

-- --------------------------------------------------------

--
-- Table structure for table `failed_jobs`
--

CREATE TABLE `failed_jobs` (
  `id` bigint(20) UNSIGNED NOT NULL,
  `connection` text COLLATE utf8mb4_unicode_ci NOT NULL,
  `queue` text COLLATE utf8mb4_unicode_ci NOT NULL,
  `payload` longtext COLLATE utf8mb4_unicode_ci NOT NULL,
  `exception` longtext COLLATE utf8mb4_unicode_ci NOT NULL,
  `failed_at` timestamp NOT NULL DEFAULT current_timestamp()
) ENGINE=InnoDB DEFAULT CHARSET=utf8mb4 COLLATE=utf8mb4_unicode_ci;

-- --------------------------------------------------------

--
-- Stand-in structure for view `gdfsgfg`
-- (See below for the actual view)
--
CREATE TABLE `gdfsgfg` (
`holding_no` varchar(50)
);

-- --------------------------------------------------------

--
-- Table structure for table `holder_anniversary_asset`
--

CREATE TABLE `holder_anniversary_asset` (
  `id` int(11) NOT NULL,
  `holding_id` int(11) NOT NULL,
  `fiscal_year` varchar(9) NOT NULL,
  `asset_category_id` int(11) NOT NULL,
  `asset_cat_class_id` int(11) NOT NULL,
  `sqr_feet` decimal(10,0) NOT NULL,
  `asset_qty` int(4) NOT NULL
) ENGINE=InnoDB DEFAULT CHARSET=utf8mb4;

--
-- Dumping data for table `holder_anniversary_asset`
--

INSERT INTO `holder_anniversary_asset` (`id`, `holding_id`, `fiscal_year`, `asset_category_id`, `asset_cat_class_id`, `sqr_feet`, `asset_qty`) VALUES
(1, 6, '2010-2011', 1, 3, '1000', 1),
(2, 6, '2011-2012', 2, 4, '1100', 2),
(3, 6, '2012-2013', 3, 1, '1200', 3),
(4, 6, '2013-2014', 1, 2, '800', 1),
(5, 6, '2014-2015', 2, 3, '900', 2),
(6, 6, '2015-2016', 3, 4, '1100', 1),
(7, 6, '2016-2017', 3, 1, '800', 1),
(8, 6, '2017-2018', 2, 2, '1300', 2),
(9, 6, '2018-2019', 1, 1, '1100', 1),
(10, 6, '2019-2020', 2, 4, '1300', 3);

-- --------------------------------------------------------

--
-- Table structure for table `holdings`
--

CREATE TABLE `holdings` (
  `id` int(11) NOT NULL,
  `holding_no` varchar(50) NOT NULL,
  `holding_slug` varchar(10) NOT NULL,
  `owner_name` varchar(100) NOT NULL,
  `owner_fathers_name` varchar(100) NOT NULL,
  `asset_category_id` int(11) NOT NULL,
  `asset_cat_class_id` int(11) NOT NULL,
  `sqr_feet` int(13) NOT NULL,
  `asset_qty` int(3) NOT NULL DEFAULT 1,
  `yearly_amount` decimal(10,0) NOT NULL,
  `yearly_percentage` int(3) NOT NULL,
  `description` text NOT NULL,
  `phone` varchar(100) NOT NULL,
  `email` varchar(100) NOT NULL,
  `nid` varchar(50) NOT NULL,
  `google_map_data` text NOT NULL,
  `ward_id` int(11) NOT NULL,
  `area_id` int(11) NOT NULL,
  `road_id` int(11) NOT NULL,
  `status` tinyint(1) NOT NULL DEFAULT 1,
  `created_at` datetime NOT NULL
) ENGINE=InnoDB DEFAULT CHARSET=utf8mb4;

--
-- Dumping data for table `holdings`
--

INSERT INTO `holdings` (`id`, `holding_no`, `holding_slug`, `owner_name`, `owner_fathers_name`, `asset_category_id`, `asset_cat_class_id`, `sqr_feet`, `asset_qty`, `yearly_amount`, `yearly_percentage`, `description`, `phone`, `email`, `nid`, `google_map_data`, `ward_id`, `area_id`, `road_id`, `status`, `created_at`) VALUES
(1, '1112', '1112', 'বাড়ির মালিকের নামে ১', 'মালিকের পিতার নামে ১', 0, 0, 0, 1, '654200', 7, '', '87006847000', 'emailaddr311@yopmail.com', '', '', 6, 3, 8, 1, '0000-00-00 00:00:00'),
(2, '1', '1', 'বাড়ির মালিকের নামে ১', 'মালিকের পিতার নামে ১', 0, 0, 0, 1, '805000', 4, '', '53977747312', 'emailaddr1@yopmail.com', '', '', 21, 15, 20, 1, '0000-00-00 00:00:00'),
(3, '2', '2', 'বাড়ির মালিকের নামে ২', 'মালিকের পিতার নামে ২', 0, 0, 0, 1, '152200', 10, '', '56671496436', 'emailaddr2@yopmail.com', '', '', 26, 22, 18, 1, '0000-00-00 00:00:00'),
(4, '3', '3', 'বাড়ির মালিকের নামে ৩', 'মালিকের পিতার নামে ৩', 0, 0, 0, 1, '439600', 10, '', '60223490136', 'emailaddr3@yopmail.com', '', '', 10, 17, 26, 1, '0000-00-00 00:00:00'),
(5, '4', '4', 'বাড়ির মালিকের নামে ৪', 'মালিকের পিতার নামে ৪', 0, 0, 0, 1, '906900', 6, '', '88551223644', 'emailaddr4@yopmail.com', '', '', 9, 2, 29, 1, '0000-00-00 00:00:00'),
(6, '5', '5', 'বাড়ির মালিকের নামে ৫', 'মালিকের পিতার নামে ৫', 2, 2, 1200, 1, '375500', 10, 'নমুনা লেখা নমুনা লেখা নমুনা লেখা নমুনা লেখা ', '28131456968', 'emailaddr5@yopmail.com', '', '', 3, 58, 44, 1, '0000-00-00 00:00:00'),
(7, '6', '6', 'বাড়ির মালিকের নামে ৬', 'মালিকের পিতার নামে ৬', 0, 0, 0, 1, '286800', 6, '', '69565729543', 'emailaddr6@yopmail.com', '', '', 10, 16, 4, 1, '0000-00-00 00:00:00'),
(8, '7', '7', 'বাড়ির মালিকের নামে ৭', 'মালিকের পিতার নামে ৭', 0, 0, 0, 1, '551900', 9, '', '50334789396', 'emailaddr7@yopmail.com', '', '', 9, 12, 20, 1, '0000-00-00 00:00:00'),
(9, '8', '8', 'বাড়ির মালিকের নামে ৮', 'মালিকের পিতার নামে ৮', 0, 0, 0, 1, '762500', 9, '', '91560194940', 'emailaddr8@yopmail.com', '', '', 9, 16, 15, 1, '0000-00-00 00:00:00'),
(10, '9', '9', 'বাড়ির মালিকের নামে ৯', 'মালিকের পিতার নামে ৯', 0, 0, 0, 1, '174200', 3, '', '58946761676', 'emailaddr9@yopmail.com', '', '', 11, 14, 17, 1, '0000-00-00 00:00:00'),
(11, '10', '10', 'বাড়ির মালিকের নামে ১০', 'মালিকের পিতার নামে ১০', 0, 0, 0, 1, '583000', 9, '', '53689256194', 'emailaddr10@yopmail.com', '', '', 22, 20, 18, 1, '0000-00-00 00:00:00'),
(12, '11', '11', 'বাড়ির মালিকের নামে ১১', 'মালিকের পিতার নামে ১১', 0, 0, 0, 1, '133500', 8, '', '72115034542', 'emailaddr11@yopmail.com', '', '', 9, 23, 1, 1, '0000-00-00 00:00:00'),
(13, '12', '12', 'বাড়ির মালিকের নামে ১২', 'মালিকের পিতার নামে ১২', 0, 0, 0, 1, '569300', 3, '', '13009750147', 'emailaddr12@yopmail.com', '', '', 17, 25, 6, 1, '0000-00-00 00:00:00'),
(14, '13', '13', 'বাড়ির মালিকের নামে ১৩', 'মালিকের পিতার নামে ১৩', 0, 0, 0, 1, '308000', 5, '', '92311641543', 'emailaddr13@yopmail.com', '', '', 28, 21, 29, 1, '0000-00-00 00:00:00'),
(15, '14', '14', 'বাড়ির মালিকের নামে ১৪', 'মালিকের পিতার নামে ১৪', 0, 0, 0, 1, '260000', 6, '', '98207362135', 'emailaddr14@yopmail.com', '', '', 26, 18, 10, 1, '0000-00-00 00:00:00'),
(16, '15', '15', 'বাড়ির মালিকের নামে ১৫', 'মালিকের পিতার নামে ১৫', 0, 0, 0, 1, '521600', 4, '', '40918080027', 'emailaddr15@yopmail.com', '', '', 13, 28, 19, 1, '0000-00-00 00:00:00'),
(17, '16', '16', 'বাড়ির মালিকের নামে ১৬', 'মালিকের পিতার নামে ১৬', 0, 0, 0, 1, '364400', 10, '', '86589305349', 'emailaddr16@yopmail.com', '', '', 19, 23, 4, 1, '0000-00-00 00:00:00'),
(18, '17', '17', 'বাড়ির মালিকের নামে ১৭', 'মালিকের পিতার নামে ১৭', 0, 0, 0, 1, '581000', 3, '', '13977583309', 'emailaddr17@yopmail.com', '', '', 2, 10, 10, 1, '0000-00-00 00:00:00'),
(19, '18', '18', 'বাড়ির মালিকের নামে ১৮', 'মালিকের পিতার নামে ১৮', 0, 0, 0, 1, '836900', 9, '', '74129253270', 'emailaddr18@yopmail.com', '', '', 11, 5, 19, 1, '0000-00-00 00:00:00'),
(20, '19', '19', 'বাড়ির মালিকের নামে ১৯', 'মালিকের পিতার নামে ১৯', 0, 0, 0, 1, '469000', 9, '', '89554849048', 'emailaddr19@yopmail.com', '', '', 27, 20, 29, 1, '0000-00-00 00:00:00'),
(21, '20', '20', 'বাড়ির মালিকের নামে ২০', 'মালিকের পিতার নামে ২০', 0, 0, 0, 1, '694300', 7, '', '56819193786', 'emailaddr20@yopmail.com', '', '', 29, 11, 12, 1, '0000-00-00 00:00:00'),
(22, '21', '21', 'বাড়ির মালিকের নামে ২১', 'মালিকের পিতার নামে ২১', 0, 0, 0, 1, '292400', 8, '', '29005067566', 'emailaddr21@yopmail.com', '', '', 9, 16, 10, 1, '0000-00-00 00:00:00'),
(23, '22', '22', 'বাড়ির মালিকের নামে ২২', 'মালিকের পিতার নামে ২২', 0, 0, 0, 1, '953600', 7, '', '50396741632', 'emailaddr22@yopmail.com', '', '', 9, 24, 22, 1, '0000-00-00 00:00:00'),
(24, '23', '23', 'বাড়ির মালিকের নামে ২৩', 'মালিকের পিতার নামে ২৩', 0, 0, 0, 1, '396800', 3, '', '38540003742', 'emailaddr23@yopmail.com', '', '', 1, 9, 27, 1, '0000-00-00 00:00:00'),
(25, '24', '24', 'বাড়ির মালিকের নামে ২৪', 'মালিকের পিতার নামে ২৪', 0, 0, 0, 1, '901800', 10, '', '56580111538', 'emailaddr24@yopmail.com', '', '', 29, 5, 22, 1, '0000-00-00 00:00:00'),
(26, '25', '25', 'বাড়ির মালিকের নামে ২৫', 'মালিকের পিতার নামে ২৫', 0, 0, 0, 1, '460200', 10, '', '64000462377', 'emailaddr25@yopmail.com', '', '', 6, 5, 6, 1, '0000-00-00 00:00:00'),
(27, '26', '26', 'বাড়ির মালিকের নামে ২৬', 'মালিকের পিতার নামে ২৬', 0, 0, 0, 1, '349100', 3, '', '82695616923', 'emailaddr26@yopmail.com', '', '', 4, 12, 28, 1, '0000-00-00 00:00:00'),
(28, '27', '27', 'বাড়ির মালিকের নামে ২৭', 'মালিকের পিতার নামে ২৭', 0, 0, 0, 1, '727100', 9, '', '54001492545', 'emailaddr27@yopmail.com', '', '', 1, 26, 20, 1, '0000-00-00 00:00:00'),
(29, '28', '28', 'বাড়ির মালিকের নামে ২৮', 'মালিকের পিতার নামে ২৮', 0, 0, 0, 1, '911100', 8, '', '97024169253', 'emailaddr28@yopmail.com', '', '', 18, 29, 17, 1, '0000-00-00 00:00:00'),
(30, '29', '29', 'বাড়ির মালিকের নামে ২৯', 'মালিকের পিতার নামে ২৯', 0, 0, 0, 1, '378600', 7, '', '22485829571', 'emailaddr29@yopmail.com', '', '', 2, 2, 18, 1, '0000-00-00 00:00:00'),
(31, '30', '30', 'বাড়ির মালিকের নামে ৩০', 'মালিকের পিতার নামে ৩০', 0, 0, 0, 1, '662500', 10, '', '60792071700', 'emailaddr30@yopmail.com', '', '', 15, 27, 14, 1, '0000-00-00 00:00:00'),
(32, '31', '31', 'বাড়ির মালিকের নামে ৩১', 'মালিকের পিতার নামে ৩১', 0, 0, 0, 1, '424300', 5, '', '44099138015', 'emailaddr31@yopmail.com', '', '', 16, 14, 8, 1, '0000-00-00 00:00:00'),
(33, '32', '32', 'বাড়ির মালিকের নামে ৩২', 'মালিকের পিতার নামে ৩২', 0, 0, 0, 1, '648700', 3, '', '28689335525', 'emailaddr32@yopmail.com', '', '', 18, 25, 21, 1, '0000-00-00 00:00:00'),
(34, '33', '33', 'বাড়ির মালিকের নামে ৩৩', 'মালিকের পিতার নামে ৩৩', 0, 0, 0, 1, '307800', 9, '', '28707474858', 'emailaddr33@yopmail.com', '', '', 9, 3, 19, 1, '0000-00-00 00:00:00'),
(35, '34', '34', 'বাড়ির মালিকের নামে ৩৪', 'মালিকের পিতার নামে ৩৪', 0, 0, 0, 1, '714600', 3, '', '38101030688', 'emailaddr34@yopmail.com', '', '', 20, 11, 6, 1, '0000-00-00 00:00:00'),
(36, '35', '35', 'বাড়ির মালিকের নামে ৩৫', 'মালিকের পিতার নামে ৩৫', 0, 0, 0, 1, '735700', 7, '', '31615436239', 'emailaddr35@yopmail.com', '', '', 4, 20, 16, 1, '0000-00-00 00:00:00'),
(37, '36', '36', 'বাড়ির মালিকের নামে ৩৬', 'মালিকের পিতার নামে ৩৬', 0, 0, 0, 1, '875900', 4, '', '90111511223', 'emailaddr36@yopmail.com', '', '', 10, 2, 19, 1, '0000-00-00 00:00:00'),
(38, '37', '37', 'বাড়ির মালিকের নামে ৩৭', 'মালিকের পিতার নামে ৩৭', 0, 0, 0, 1, '182600', 7, '', '94195998719', 'emailaddr37@yopmail.com', '', '', 3, 2, 17, 1, '0000-00-00 00:00:00'),
(39, '38', '38', 'বাড়ির মালিকের নামে ৩৮', 'মালিকের পিতার নামে ৩৮', 0, 0, 0, 1, '332200', 9, '', '17350012129', 'emailaddr38@yopmail.com', '', '', 6, 9, 2, 1, '0000-00-00 00:00:00'),
(40, '39', '39', 'বাড়ির মালিকের নামে ৩৯', 'মালিকের পিতার নামে ৩৯', 0, 0, 0, 1, '669600', 5, '', '34313281616', 'emailaddr39@yopmail.com', '', '', 25, 25, 25, 1, '0000-00-00 00:00:00'),
(41, '40', '40', 'বাড়ির মালিকের নামে ৪০', 'মালিকের পিতার নামে ৪০', 0, 0, 0, 1, '567200', 5, '', '20679296123', 'emailaddr40@yopmail.com', '', '', 28, 28, 19, 1, '0000-00-00 00:00:00'),
(42, '41', '41', 'বাড়ির মালিকের নামে ৪১', 'মালিকের পিতার নামে ৪১', 0, 0, 0, 1, '317500', 8, '', '54011057236', 'emailaddr41@yopmail.com', '', '', 4, 10, 14, 1, '0000-00-00 00:00:00'),
(43, '42', '42', 'বাড়ির মালিকের নামে ৪২', 'মালিকের পিতার নামে ৪২', 0, 0, 0, 1, '826500', 3, '', '80272165747', 'emailaddr42@yopmail.com', '', '', 16, 15, 25, 1, '0000-00-00 00:00:00'),
(44, '43', '43', 'বাড়ির মালিকের নামে ৪৩', 'মালিকের পিতার নামে ৪৩', 0, 0, 0, 1, '339200', 9, '', '82535958729', 'emailaddr43@yopmail.com', '', '', 15, 1, 9, 1, '0000-00-00 00:00:00'),
(45, '44', '44', 'বাড়ির মালিকের নামে ৪৪', 'মালিকের পিতার নামে ৪৪', 0, 0, 0, 1, '326600', 9, '', '32787220401', 'emailaddr44@yopmail.com', '', '', 10, 17, 28, 1, '0000-00-00 00:00:00'),
(46, '45', '45', 'বাড়ির মালিকের নামে ৪৫', 'মালিকের পিতার নামে ৪৫', 0, 0, 0, 1, '701700', 3, '', '21359382206', 'emailaddr45@yopmail.com', '', '', 16, 1, 9, 1, '0000-00-00 00:00:00'),
(47, '46', '46', 'বাড়ির মালিকের নামে ৪৬', 'মালিকের পিতার নামে ৪৬', 0, 0, 0, 1, '781400', 5, '', '39961449970', 'emailaddr46@yopmail.com', '', '', 10, 23, 27, 1, '0000-00-00 00:00:00'),
(48, '47', '47', 'বাড়ির মালিকের নামে ৪৭', 'মালিকের পিতার নামে ৪৭', 0, 0, 0, 1, '128200', 5, '', '62811308816', 'emailaddr47@yopmail.com', '', '', 30, 27, 27, 1, '0000-00-00 00:00:00'),
(49, '48', '48', 'বাড়ির মালিকের নামে ৪৮', 'মালিকের পিতার নামে ৪৮', 0, 0, 0, 1, '806300', 5, '', '69727260026', 'emailaddr48@yopmail.com', '', '', 10, 29, 13, 1, '0000-00-00 00:00:00'),
(50, '49', '49', 'বাড়ির মালিকের নামে ৪৯', 'মালিকের পিতার নামে ৪৯', 0, 0, 0, 1, '931000', 5, '', '87647533470', 'emailaddr49@yopmail.com', '', '', 5, 6, 13, 1, '0000-00-00 00:00:00'),
(51, '50', '50', 'বাড়ির মালিকের নামে ৫০', 'মালিকের পিতার নামে ৫০', 0, 0, 0, 1, '234600', 6, '', '89357730721', 'emailaddr50@yopmail.com', '', '', 23, 10, 24, 1, '0000-00-00 00:00:00'),
(52, '51', '51', 'বাড়ির মালিকের নামে ৫১', 'মালিকের পিতার নামে ৫১', 0, 0, 0, 1, '779300', 9, '', '87424056800', 'emailaddr51@yopmail.com', '', '', 16, 2, 11, 1, '0000-00-00 00:00:00'),
(53, '52', '52', 'বাড়ির মালিকের নামে ৫২', 'মালিকের পিতার নামে ৫২', 0, 0, 0, 1, '289900', 5, '', '58875605733', 'emailaddr52@yopmail.com', '', '', 17, 24, 14, 1, '0000-00-00 00:00:00'),
(54, '53', '53', 'বাড়ির মালিকের নামে ৫৩', 'মালিকের পিতার নামে ৫৩', 0, 0, 0, 1, '793900', 10, '', '80172861478', 'emailaddr53@yopmail.com', '', '', 20, 23, 4, 1, '0000-00-00 00:00:00'),
(55, '54', '54', 'বাড়ির মালিকের নামে ৫৪', 'মালিকের পিতার নামে ৫৪', 0, 0, 0, 1, '351800', 3, '', '18568151299', 'emailaddr54@yopmail.com', '', '', 1, 17, 2, 1, '0000-00-00 00:00:00'),
(56, '55', '55', 'বাড়ির মালিকের নামে ৫৫', 'মালিকের পিতার নামে ৫৫', 0, 0, 0, 1, '728100', 9, '', '37229873987', 'emailaddr55@yopmail.com', '', '', 20, 19, 26, 1, '0000-00-00 00:00:00'),
(57, '56', '56', 'বাড়ির মালিকের নামে ৫৬', 'মালিকের পিতার নামে ৫৬', 0, 0, 0, 1, '348500', 4, '', '88894371673', 'emailaddr56@yopmail.com', '', '', 12, 28, 26, 1, '0000-00-00 00:00:00'),
(58, '57', '57', 'বাড়ির মালিকের নামে ৫৭', 'মালিকের পিতার নামে ৫৭', 0, 0, 0, 1, '148100', 10, '', '64452394137', 'emailaddr57@yopmail.com', '', '', 24, 4, 17, 1, '0000-00-00 00:00:00'),
(59, '58', '58', 'বাড়ির মালিকের নামে ৫৮', 'মালিকের পিতার নামে ৫৮', 0, 0, 0, 1, '773200', 10, '', '69211042024', 'emailaddr58@yopmail.com', '', '', 18, 3, 17, 1, '0000-00-00 00:00:00'),
(60, '59', '59', 'বাড়ির মালিকের নামে ৫৯', 'মালিকের পিতার নামে ৫৯', 0, 0, 0, 1, '123600', 9, '', '29921845061', 'emailaddr59@yopmail.com', '', '', 30, 3, 4, 1, '0000-00-00 00:00:00'),
(61, '60', '60', 'বাড়ির মালিকের নামে ৬০', 'মালিকের পিতার নামে ৬০', 0, 0, 0, 1, '716600', 10, '', '19469454768', 'emailaddr60@yopmail.com', '', '', 29, 12, 7, 1, '0000-00-00 00:00:00'),
(62, '61', '61', 'বাড়ির মালিকের নামে ৬১', 'মালিকের পিতার নামে ৬১', 0, 0, 0, 1, '638400', 7, '', '97387920170', 'emailaddr61@yopmail.com', '', '', 25, 3, 11, 1, '0000-00-00 00:00:00'),
(63, '62', '62', 'বাড়ির মালিকের নামে ৬২', 'মালিকের পিতার নামে ৬২', 0, 0, 0, 1, '653200', 4, '', '58214841642', 'emailaddr62@yopmail.com', '', '', 25, 19, 12, 1, '0000-00-00 00:00:00'),
(64, '63', '63', 'বাড়ির মালিকের নামে ৬৩', 'মালিকের পিতার নামে ৬৩', 0, 0, 0, 1, '480800', 3, '', '75037406994', 'emailaddr63@yopmail.com', '', '', 24, 19, 23, 1, '0000-00-00 00:00:00'),
(65, '64', '64', 'বাড়ির মালিকের নামে ৬৪', 'মালিকের পিতার নামে ৬৪', 0, 0, 0, 1, '995300', 5, '', '46388939655', 'emailaddr64@yopmail.com', '', '', 13, 15, 20, 1, '0000-00-00 00:00:00'),
(66, '65', '65', 'বাড়ির মালিকের নামে ৬৫', 'মালিকের পিতার নামে ৬৫', 0, 0, 0, 1, '829500', 7, '', '59974520366', 'emailaddr65@yopmail.com', '', '', 21, 20, 9, 1, '0000-00-00 00:00:00'),
(67, '66', '66', 'বাড়ির মালিকের নামে ৬৬', 'মালিকের পিতার নামে ৬৬', 0, 0, 0, 1, '373800', 9, '', '49182492953', 'emailaddr66@yopmail.com', '', '', 6, 7, 15, 1, '0000-00-00 00:00:00'),
(68, '67', '67', 'বাড়ির মালিকের নামে ৬৭', 'মালিকের পিতার নামে ৬৭', 0, 0, 0, 1, '422800', 8, '', '65019455070', 'emailaddr67@yopmail.com', '', '', 1, 21, 12, 1, '0000-00-00 00:00:00'),
(69, '68', '68', 'বাড়ির মালিকের নামে ৬৮', 'মালিকের পিতার নামে ৬৮', 0, 0, 0, 1, '661200', 10, '', '23831431802', 'emailaddr68@yopmail.com', '', '', 4, 6, 22, 1, '0000-00-00 00:00:00'),
(70, '69', '69', 'বাড়ির মালিকের নামে ৬৯', 'মালিকের পিতার নামে ৬৯', 0, 0, 0, 1, '366000', 8, '', '82872973846', 'emailaddr69@yopmail.com', '', '', 26, 26, 14, 1, '0000-00-00 00:00:00'),
(71, '70', '70', 'বাড়ির মালিকের নামে ৭০', 'মালিকের পিতার নামে ৭০', 0, 0, 0, 1, '299000', 3, '', '13125681452', 'emailaddr70@yopmail.com', '', '', 17, 27, 2, 1, '0000-00-00 00:00:00'),
(72, '71', '71', 'বাড়ির মালিকের নামে ৭১', 'মালিকের পিতার নামে ৭১', 0, 0, 0, 1, '508900', 6, '', '35815410105', 'emailaddr71@yopmail.com', '', '', 6, 5, 16, 1, '0000-00-00 00:00:00'),
(73, '72', '72', 'বাড়ির মালিকের নামে ৭২', 'মালিকের পিতার নামে ৭২', 0, 0, 0, 1, '511400', 9, '', '15250526721', 'emailaddr72@yopmail.com', '', '', 30, 30, 10, 1, '0000-00-00 00:00:00'),
(74, '73', '73', 'বাড়ির মালিকের নামে ৭৩', 'মালিকের পিতার নামে ৭৩', 0, 0, 0, 1, '615000', 9, '', '35606365861', 'emailaddr73@yopmail.com', '', '', 23, 26, 29, 1, '0000-00-00 00:00:00'),
(75, '74', '74', 'বাড়ির মালিকের নামে ৭৪', 'মালিকের পিতার নামে ৭৪', 0, 0, 0, 1, '199900', 10, '', '76850673749', 'emailaddr74@yopmail.com', '', '', 5, 14, 12, 1, '0000-00-00 00:00:00'),
(76, '75', '75', 'বাড়ির মালিকের নামে ৭৫', 'মালিকের পিতার নামে ৭৫', 0, 0, 0, 1, '527700', 7, '', '83538451982', 'emailaddr75@yopmail.com', '', '', 3, 10, 3, 1, '0000-00-00 00:00:00'),
(77, '76', '76', 'বাড়ির মালিকের নামে ৭৬', 'মালিকের পিতার নামে ৭৬', 0, 0, 0, 1, '280100', 3, '', '64724176388', 'emailaddr76@yopmail.com', '', '', 23, 15, 12, 1, '0000-00-00 00:00:00'),
(78, '77', '77', 'বাড়ির মালিকের নামে ৭৭', 'মালিকের পিতার নামে ৭৭', 0, 0, 0, 1, '923900', 3, '', '65739719673', 'emailaddr77@yopmail.com', '', '', 13, 30, 23, 1, '0000-00-00 00:00:00'),
(79, '78', '78', 'বাড়ির মালিকের নামে ৭৮', 'মালিকের পিতার নামে ৭৮', 0, 0, 0, 1, '881700', 5, '', '49340635546', 'emailaddr78@yopmail.com', '', '', 15, 23, 29, 1, '0000-00-00 00:00:00'),
(80, '79', '79', 'বাড়ির মালিকের নামে ৭৯', 'মালিকের পিতার নামে ৭৯', 0, 0, 0, 1, '314900', 8, '', '59251074873', 'emailaddr79@yopmail.com', '', '', 3, 4, 16, 1, '0000-00-00 00:00:00'),
(81, '80', '80', 'বাড়ির মালিকের নামে ৮০', 'মালিকের পিতার নামে ৮০', 0, 0, 0, 1, '556600', 9, '', '47773602670', 'emailaddr80@yopmail.com', '', '', 23, 15, 4, 1, '0000-00-00 00:00:00'),
(82, '81', '81', 'বাড়ির মালিকের নামে ৮১', 'মালিকের পিতার নামে ৮১', 0, 0, 0, 1, '843100', 7, '', '39855691926', 'emailaddr81@yopmail.com', '', '', 7, 24, 17, 1, '0000-00-00 00:00:00'),
(83, '82', '82', 'বাড়ির মালিকের নামে ৮২', 'মালিকের পিতার নামে ৮২', 0, 0, 0, 1, '197600', 3, '', '27778256280', 'emailaddr82@yopmail.com', '', '', 28, 20, 19, 1, '0000-00-00 00:00:00'),
(84, '83', '83', 'বাড়ির মালিকের নামে ৮৩', 'মালিকের পিতার নামে ৮৩', 0, 0, 0, 1, '487100', 3, '', '69146246638', 'emailaddr83@yopmail.com', '', '', 8, 18, 15, 1, '0000-00-00 00:00:00'),
(85, '84', '84', 'বাড়ির মালিকের নামে ৮৪', 'মালিকের পিতার নামে ৮৪', 0, 0, 0, 1, '286400', 8, '', '28021361240', 'emailaddr84@yopmail.com', '', '', 8, 25, 15, 1, '0000-00-00 00:00:00'),
(86, '85', '85', 'বাড়ির মালিকের নামে ৮৫', 'মালিকের পিতার নামে ৮৫', 0, 0, 0, 1, '855700', 4, '', '27026167270', 'emailaddr85@yopmail.com', '', '', 16, 4, 24, 1, '0000-00-00 00:00:00'),
(87, '86', '86', 'বাড়ির মালিকের নামে ৮৬', 'মালিকের পিতার নামে ৮৬', 0, 0, 0, 1, '906700', 3, '', '87483155421', 'emailaddr86@yopmail.com', '', '', 9, 1, 27, 1, '0000-00-00 00:00:00'),
(88, '87', '87', 'বাড়ির মালিকের নামে ৮৭', 'মালিকের পিতার নামে ৮৭', 0, 0, 0, 1, '270400', 10, '', '22172263467', 'emailaddr87@yopmail.com', '', '', 4, 3, 13, 1, '0000-00-00 00:00:00'),
(89, '88', '88', 'বাড়ির মালিকের নামে ৮৮', 'মালিকের পিতার নামে ৮৮', 0, 0, 0, 1, '996300', 6, '', '14923646748', 'emailaddr88@yopmail.com', '', '', 24, 12, 8, 1, '0000-00-00 00:00:00'),
(90, '89', '89', 'বাড়ির মালিকের নামে ৮৯', 'মালিকের পিতার নামে ৮৯', 0, 0, 0, 1, '257000', 8, '', '35474014503', 'emailaddr89@yopmail.com', '', '', 8, 12, 16, 1, '0000-00-00 00:00:00'),
(91, '90', '90', 'বাড়ির মালিকের নামে ৯০', 'মালিকের পিতার নামে ৯০', 0, 0, 0, 1, '734700', 3, '', '59261383272', 'emailaddr90@yopmail.com', '', '', 18, 30, 12, 1, '0000-00-00 00:00:00'),
(92, '91', '91', 'বাড়ির মালিকের নামে ৯১', 'মালিকের পিতার নামে ৯১', 0, 0, 0, 1, '749400', 5, '', '89094052165', 'emailaddr91@yopmail.com', '', '', 2, 21, 20, 1, '0000-00-00 00:00:00'),
(93, '92', '92', 'বাড়ির মালিকের নামে ৯২', 'মালিকের পিতার নামে ৯২', 0, 0, 0, 1, '944800', 4, '', '29731863475', 'emailaddr92@yopmail.com', '', '', 10, 9, 5, 1, '0000-00-00 00:00:00'),
(94, '93', '93', 'বাড়ির মালিকের নামে ৯৩', 'মালিকের পিতার নামে ৯৩', 0, 0, 0, 1, '431000', 7, '', '64704926427', 'emailaddr93@yopmail.com', '', '', 2, 10, 3, 1, '0000-00-00 00:00:00'),
(95, '94', '94', 'বাড়ির মালিকের নামে ৯৪', 'মালিকের পিতার নামে ৯৪', 0, 0, 0, 1, '876700', 3, '', '75424967257', 'emailaddr94@yopmail.com', '', '', 18, 7, 11, 1, '0000-00-00 00:00:00'),
(96, '95', '95', 'বাড়ির মালিকের নামে ৯৫', 'মালিকের পিতার নামে ৯৫', 0, 0, 0, 1, '153300', 9, '', '85594936521', 'emailaddr95@yopmail.com', '', '', 2, 10, 17, 1, '0000-00-00 00:00:00'),
(97, '96', '96', 'বাড়ির মালিকের নামে ৯৬', 'মালিকের পিতার নামে ৯৬', 0, 0, 0, 1, '272300', 3, '', '23986588839', 'emailaddr96@yopmail.com', '', '', 20, 23, 21, 1, '0000-00-00 00:00:00'),
(98, '97', '97', 'বাড়ির মালিকের নামে ৯৭', 'মালিকের পিতার নামে ৯৭', 0, 0, 0, 1, '714900', 8, '', '23961574201', 'emailaddr97@yopmail.com', '', '', 8, 13, 13, 1, '0000-00-00 00:00:00'),
(99, '98', '98', 'বাড়ির মালিকের নামে ৯৮', 'মালিকের পিতার নামে ৯৮', 0, 0, 0, 1, '617900', 10, '', '85582985063', 'emailaddr98@yopmail.com', '', '', 11, 4, 18, 1, '0000-00-00 00:00:00'),
(100, '99', '99', 'বাড়ির মালিকের নামে ৯৯', 'মালিকের পিতার নামে ৯৯', 0, 0, 0, 1, '174200', 3, '', '90400042359', 'emailaddr99@yopmail.com', '', '', 17, 4, 14, 1, '0000-00-00 00:00:00'),
(101, '100', '100', 'বাড়ির মালিকের নামে ১০০', 'মালিকের পিতার নামে ১০০', 0, 0, 0, 1, '271300', 5, '', '43352455430', 'emailaddr100@yopmail.com', '', '', 15, 27, 9, 1, '0000-00-00 00:00:00'),
(102, '101', '101', 'বাড়ির মালিকের নামে ১০১', 'মালিকের পিতার নামে ১০১', 0, 0, 0, 1, '725700', 7, '', '98158752258', 'emailaddr101@yopmail.com', '', '', 26, 25, 6, 1, '0000-00-00 00:00:00'),
(103, '102', '102', 'বাড়ির মালিকের নামে ১০২', 'মালিকের পিতার নামে ১০২', 0, 0, 0, 1, '831400', 5, '', '18734211911', 'emailaddr102@yopmail.com', '', '', 8, 7, 16, 1, '0000-00-00 00:00:00'),
(104, '103', '103', 'বাড়ির মালিকের নামে ১০৩', 'মালিকের পিতার নামে ১০৩', 0, 0, 0, 1, '120300', 6, '', '53773683708', 'emailaddr103@yopmail.com', '', '', 1, 24, 29, 1, '0000-00-00 00:00:00'),
(105, '104', '104', 'বাড়ির মালিকের নামে ১০৪', 'মালিকের পিতার নামে ১০৪', 0, 0, 0, 1, '574600', 7, '', '90576541493', 'emailaddr104@yopmail.com', '', '', 20, 1, 6, 1, '0000-00-00 00:00:00'),
(106, '105', '105', 'বাড়ির মালিকের নামে ১০৫', 'মালিকের পিতার নামে ১০৫', 0, 0, 0, 1, '642500', 7, '', '76849887203', 'emailaddr105@yopmail.com', '', '', 25, 14, 10, 1, '0000-00-00 00:00:00'),
(107, '106', '106', 'বাড়ির মালিকের নামে ১০৬', 'মালিকের পিতার নামে ১০৬', 0, 0, 0, 1, '561200', 6, '', '61039632277', 'emailaddr106@yopmail.com', '', '', 5, 24, 18, 1, '0000-00-00 00:00:00'),
(108, '107', '107', 'বাড়ির মালিকের নামে ১০৭', 'মালিকের পিতার নামে ১০৭', 0, 0, 0, 1, '554200', 9, '', '15966875569', 'emailaddr107@yopmail.com', '', '', 25, 11, 21, 1, '0000-00-00 00:00:00'),
(109, '108', '108', 'বাড়ির মালিকের নামে ১০৮', 'মালিকের পিতার নামে ১০৮', 0, 0, 0, 1, '128500', 3, '', '16540864506', 'emailaddr108@yopmail.com', '', '', 29, 2, 13, 1, '0000-00-00 00:00:00'),
(110, '109', '109', 'বাড়ির মালিকের নামে ১০৯', 'মালিকের পিতার নামে ১০৯', 0, 0, 0, 1, '563800', 5, '', '49528199880', 'emailaddr109@yopmail.com', '', '', 7, 30, 18, 1, '0000-00-00 00:00:00'),
(111, '110', '110', 'বাড়ির মালিকের নামে ১১০', 'মালিকের পিতার নামে ১১০', 0, 0, 0, 1, '925700', 7, '', '84527310418', 'emailaddr110@yopmail.com', '', '', 9, 5, 17, 1, '0000-00-00 00:00:00'),
(112, '111', '111', 'বাড়ির মালিকের নামে ১১১', 'মালিকের পিতার নামে ১১১', 0, 0, 0, 1, '254600', 9, '', '23746645455', 'emailaddr111@yopmail.com', '', '', 16, 22, 8, 1, '0000-00-00 00:00:00'),
(113, '112', '112', 'বাড়ির মালিকের নামে ১১২', 'মালিকের পিতার নামে ১১২', 0, 0, 0, 1, '963700', 10, '', '98386404835', 'emailaddr112@yopmail.com', '', '', 8, 12, 15, 1, '0000-00-00 00:00:00'),
(114, '113', '113', 'বাড়ির মালিকের নামে ১১৩', 'মালিকের পিতার নামে ১১৩', 0, 0, 0, 1, '767000', 6, '', '82933248324', 'emailaddr113@yopmail.com', '', '', 15, 17, 14, 1, '0000-00-00 00:00:00'),
(115, '114', '114', 'বাড়ির মালিকের নামে ১১৪', 'মালিকের পিতার নামে ১১৪', 0, 0, 0, 1, '539000', 6, '', '81973810067', 'emailaddr114@yopmail.com', '', '', 12, 16, 8, 1, '0000-00-00 00:00:00'),
(116, '115', '115', 'বাড়ির মালিকের নামে ১১৫', 'মালিকের পিতার নামে ১১৫', 0, 0, 0, 1, '608300', 7, '', '41958713896', 'emailaddr115@yopmail.com', '', '', 9, 20, 10, 1, '0000-00-00 00:00:00'),
(117, '116', '116', 'বাড়ির মালিকের নামে ১১৬', 'মালিকের পিতার নামে ১১৬', 0, 0, 0, 1, '967400', 9, '', '85109270221', 'emailaddr116@yopmail.com', '', '', 18, 30, 10, 1, '0000-00-00 00:00:00'),
(118, '117', '117', 'বাড়ির মালিকের নামে ১১৭', 'মালিকের পিতার নামে ১১৭', 0, 0, 0, 1, '248700', 7, '', '53919125508', 'emailaddr117@yopmail.com', '', '', 29, 28, 25, 1, '0000-00-00 00:00:00'),
(119, '118', '118', 'বাড়ির মালিকের নামে ১১৮', 'মালিকের পিতার নামে ১১৮', 0, 0, 0, 1, '655900', 5, '', '92326392987', 'emailaddr118@yopmail.com', '', '', 13, 14, 5, 1, '0000-00-00 00:00:00'),
(120, '119', '119', 'বাড়ির মালিকের নামে ১১৯', 'মালিকের পিতার নামে ১১৯', 0, 0, 0, 1, '555600', 10, '', '71615292301', 'emailaddr119@yopmail.com', '', '', 26, 21, 21, 1, '0000-00-00 00:00:00'),
(121, '120', '120', 'বাড়ির মালিকের নামে ১২০', 'মালিকের পিতার নামে ১২০', 0, 0, 0, 1, '400700', 8, '', '49118405246', 'emailaddr120@yopmail.com', '', '', 2, 1, 8, 1, '0000-00-00 00:00:00'),
(122, '121', '121', 'বাড়ির মালিকের নামে ১২১', 'মালিকের পিতার নামে ১২১', 0, 0, 0, 1, '373300', 6, '', '35669718479', 'emailaddr121@yopmail.com', '', '', 13, 21, 10, 1, '0000-00-00 00:00:00'),
(123, '122', '122', 'বাড়ির মালিকের নামে ১২২', 'মালিকের পিতার নামে ১২২', 0, 0, 0, 1, '171500', 5, '', '88524726161', 'emailaddr122@yopmail.com', '', '', 23, 13, 8, 1, '0000-00-00 00:00:00'),
(124, '123', '123', 'বাড়ির মালিকের নামে ১২৩', 'মালিকের পিতার নামে ১২৩', 0, 0, 0, 1, '900300', 5, '', '37952778916', 'emailaddr123@yopmail.com', '', '', 4, 6, 23, 1, '0000-00-00 00:00:00'),
(125, '124', '124', 'বাড়ির মালিকের নামে ১২৪', 'মালিকের পিতার নামে ১২৪', 0, 0, 0, 1, '890200', 6, '', '74310865454', 'emailaddr124@yopmail.com', '', '', 28, 20, 27, 1, '0000-00-00 00:00:00'),
(126, '125', '125', 'বাড়ির মালিকের নামে ১২৫', 'মালিকের পিতার নামে ১২৫', 0, 0, 0, 1, '885100', 4, '', '25193084571', 'emailaddr125@yopmail.com', '', '', 23, 19, 1, 1, '0000-00-00 00:00:00'),
(127, '126', '126', 'বাড়ির মালিকের নামে ১২৬', 'মালিকের পিতার নামে ১২৬', 0, 0, 0, 1, '439400', 8, '', '86334347489', 'emailaddr126@yopmail.com', '', '', 28, 19, 7, 1, '0000-00-00 00:00:00'),
(128, '127', '127', 'বাড়ির মালিকের নামে ১২৭', 'মালিকের পিতার নামে ১২৭', 0, 0, 0, 1, '149100', 8, '', '92925023759', 'emailaddr127@yopmail.com', '', '', 22, 12, 7, 1, '0000-00-00 00:00:00'),
(129, '128', '128', 'বাড়ির মালিকের নামে ১২৮', 'মালিকের পিতার নামে ১২৮', 0, 0, 0, 1, '194000', 5, '', '74323757654', 'emailaddr128@yopmail.com', '', '', 30, 8, 5, 1, '0000-00-00 00:00:00'),
(130, '129', '129', 'বাড়ির মালিকের নামে ১২৯', 'মালিকের পিতার নামে ১২৯', 0, 0, 0, 1, '942300', 3, '', '49480803103', 'emailaddr129@yopmail.com', '', '', 18, 12, 30, 1, '0000-00-00 00:00:00'),
(131, '130', '130', 'বাড়ির মালিকের নামে ১৩০', 'মালিকের পিতার নামে ১৩০', 0, 0, 0, 1, '558800', 7, '', '54867156564', 'emailaddr130@yopmail.com', '', '', 22, 30, 21, 1, '0000-00-00 00:00:00'),
(132, '131', '131', 'বাড়ির মালিকের নামে ১৩১', 'মালিকের পিতার নামে ১৩১', 0, 0, 0, 1, '867500', 6, '', '21837811999', 'emailaddr131@yopmail.com', '', '', 23, 11, 26, 1, '0000-00-00 00:00:00'),
(133, '132', '132', 'বাড়ির মালিকের নামে ১৩২', 'মালিকের পিতার নামে ১৩২', 0, 0, 0, 1, '480400', 5, '', '20769323411', 'emailaddr132@yopmail.com', '', '', 28, 22, 11, 1, '0000-00-00 00:00:00'),
(134, '133', '133', 'বাড়ির মালিকের নামে ১৩৩', 'মালিকের পিতার নামে ১৩৩', 0, 0, 0, 1, '960000', 5, '', '75667052442', 'emailaddr133@yopmail.com', '', '', 30, 19, 25, 1, '0000-00-00 00:00:00'),
(135, '134', '134', 'বাড়ির মালিকের নামে ১৩৪', 'মালিকের পিতার নামে ১৩৪', 0, 0, 0, 1, '770100', 3, '', '27184277593', 'emailaddr134@yopmail.com', '', '', 4, 11, 17, 1, '0000-00-00 00:00:00'),
(136, '135', '135', 'বাড়ির মালিকের নামে ১৩৫', 'মালিকের পিতার নামে ১৩৫', 0, 0, 0, 1, '538000', 6, '', '90656527761', 'emailaddr135@yopmail.com', '', '', 14, 29, 2, 1, '0000-00-00 00:00:00'),
(137, '136', '136', 'বাড়ির মালিকের নামে ১৩৬', 'মালিকের পিতার নামে ১৩৬', 0, 0, 0, 1, '894400', 5, '', '14193678093', 'emailaddr136@yopmail.com', '', '', 22, 20, 14, 1, '0000-00-00 00:00:00'),
(138, '137', '137', 'বাড়ির মালিকের নামে ১৩৭', 'মালিকের পিতার নামে ১৩৭', 0, 0, 0, 1, '701000', 3, '', '84353020657', 'emailaddr137@yopmail.com', '', '', 5, 6, 3, 1, '0000-00-00 00:00:00'),
(139, '138', '138', 'বাড়ির মালিকের নামে ১৩৮', 'মালিকের পিতার নামে ১৩৮', 0, 0, 0, 1, '692600', 3, '', '14466121265', 'emailaddr138@yopmail.com', '', '', 25, 29, 9, 1, '0000-00-00 00:00:00'),
(140, '139', '139', 'বাড়ির মালিকের নামে ১৩৯', 'মালিকের পিতার নামে ১৩৯', 0, 0, 0, 1, '937300', 6, '', '80121339358', 'emailaddr139@yopmail.com', '', '', 16, 4, 16, 1, '0000-00-00 00:00:00'),
(141, '140', '140', 'বাড়ির মালিকের নামে ১৪০', 'মালিকের পিতার নামে ১৪০', 0, 0, 0, 1, '163400', 8, '', '15314057290', 'emailaddr140@yopmail.com', '', '', 16, 17, 9, 1, '0000-00-00 00:00:00'),
(142, '141', '141', 'বাড়ির মালিকের নামে ১৪১', 'মালিকের পিতার নামে ১৪১', 0, 0, 0, 1, '466200', 9, '', '39779759618', 'emailaddr141@yopmail.com', '', '', 4, 11, 13, 1, '0000-00-00 00:00:00'),
(143, '142', '142', 'বাড়ির মালিকের নামে ১৪২', 'মালিকের পিতার নামে ১৪২', 0, 0, 0, 1, '736300', 4, '', '47517654178', 'emailaddr142@yopmail.com', '', '', 21, 11, 24, 1, '0000-00-00 00:00:00'),
(144, '143', '143', 'বাড়ির মালিকের নামে ১৪৩', 'মালিকের পিতার নামে ১৪৩', 0, 0, 0, 1, '497200', 7, '', '11901318403', 'emailaddr143@yopmail.com', '', '', 17, 22, 26, 1, '0000-00-00 00:00:00'),
(145, '144', '144', 'বাড়ির মালিকের নামে ১৪৪', 'মালিকের পিতার নামে ১৪৪', 0, 0, 0, 1, '892000', 8, '', '90944655888', 'emailaddr144@yopmail.com', '', '', 3, 15, 10, 1, '0000-00-00 00:00:00'),
(146, '145', '145', 'বাড়ির মালিকের নামে ১৪৫', 'মালিকের পিতার নামে ১৪৫', 0, 0, 0, 1, '670000', 7, '', '22780413738', 'emailaddr145@yopmail.com', '', '', 1, 2, 6, 1, '0000-00-00 00:00:00'),
(147, '146', '146', 'বাড়ির মালিকের নামে ১৪৬', 'মালিকের পিতার নামে ১৪৬', 0, 0, 0, 1, '984000', 3, '', '21833573306', 'emailaddr146@yopmail.com', '', '', 16, 16, 11, 1, '0000-00-00 00:00:00'),
(148, '147', '147', 'বাড়ির মালিকের নামে ১৪৭', 'মালিকের পিতার নামে ১৪৭', 0, 0, 0, 1, '599900', 4, '', '18283902638', 'emailaddr147@yopmail.com', '', '', 7, 27, 5, 1, '0000-00-00 00:00:00'),
(149, '148', '148', 'বাড়ির মালিকের নামে ১৪৮', 'মালিকের পিতার নামে ১৪৮', 0, 0, 0, 1, '422600', 4, '', '26022881905', 'emailaddr148@yopmail.com', '', '', 2, 7, 26, 1, '0000-00-00 00:00:00'),
(150, '149', '149', 'বাড়ির মালিকের নামে ১৪৯', 'মালিকের পিতার নামে ১৪৯', 0, 0, 0, 1, '421900', 6, '', '65485178528', 'emailaddr149@yopmail.com', '', '', 15, 4, 18, 1, '0000-00-00 00:00:00'),
(151, '150', '150', 'বাড়ির মালিকের নামে ১৫০', 'মালিকের পিতার নামে ১৫০', 0, 0, 0, 1, '184100', 4, '', '74028763246', 'emailaddr150@yopmail.com', '', '', 3, 9, 25, 1, '0000-00-00 00:00:00'),
(152, '151', '151', 'বাড়ির মালিকের নামে ১৫১', 'মালিকের পিতার নামে ১৫১', 0, 0, 0, 1, '442100', 4, '', '92486245249', 'emailaddr151@yopmail.com', '', '', 16, 20, 25, 1, '0000-00-00 00:00:00'),
(153, '152', '152', 'বাড়ির মালিকের নামে ১৫২', 'মালিকের পিতার নামে ১৫২', 0, 0, 0, 1, '593100', 9, '', '34953134217', 'emailaddr152@yopmail.com', '', '', 28, 26, 20, 1, '0000-00-00 00:00:00'),
(154, '153', '153', 'বাড়ির মালিকের নামে ১৫৩', 'মালিকের পিতার নামে ১৫৩', 0, 0, 0, 1, '359500', 3, '', '22599054402', 'emailaddr153@yopmail.com', '', '', 9, 25, 30, 1, '0000-00-00 00:00:00'),
(155, '154', '154', 'বাড়ির মালিকের নামে ১৫৪', 'মালিকের পিতার নামে ১৫৪', 0, 0, 0, 1, '753400', 8, '', '77620740274', 'emailaddr154@yopmail.com', '', '', 10, 15, 16, 1, '0000-00-00 00:00:00'),
(156, '155', '155', 'বাড়ির মালিকের নামে ১৫৫', 'মালিকের পিতার নামে ১৫৫', 0, 0, 0, 1, '238700', 8, '', '88090991738', 'emailaddr155@yopmail.com', '', '', 27, 27, 24, 1, '0000-00-00 00:00:00'),
(157, '156', '156', 'বাড়ির মালিকের নামে ১৫৬', 'মালিকের পিতার নামে ১৫৬', 0, 0, 0, 1, '343800', 5, '', '67870173709', 'emailaddr156@yopmail.com', '', '', 28, 16, 4, 1, '0000-00-00 00:00:00'),
(158, '157', '157', 'বাড়ির মালিকের নামে ১৫৭', 'মালিকের পিতার নামে ১৫৭', 0, 0, 0, 1, '206100', 7, '', '55142388373', 'emailaddr157@yopmail.com', '', '', 8, 25, 12, 1, '0000-00-00 00:00:00'),
(159, '158', '158', 'বাড়ির মালিকের নামে ১৫৮', 'মালিকের পিতার নামে ১৫৮', 0, 0, 0, 1, '708900', 8, '', '67986849528', 'emailaddr158@yopmail.com', '', '', 24, 11, 17, 1, '0000-00-00 00:00:00'),
(160, '159', '159', 'বাড়ির মালিকের নামে ১৫৯', 'মালিকের পিতার নামে ১৫৯', 0, 0, 0, 1, '657300', 6, '', '59786259037', 'emailaddr159@yopmail.com', '', '', 28, 10, 30, 1, '0000-00-00 00:00:00'),
(161, '160', '160', 'বাড়ির মালিকের নামে ১৬০', 'মালিকের পিতার নামে ১৬০', 0, 0, 0, 1, '638400', 4, '', '66241402646', 'emailaddr160@yopmail.com', '', '', 1, 18, 12, 1, '0000-00-00 00:00:00'),
(162, '161', '161', 'বাড়ির মালিকের নামে ১৬১', 'মালিকের পিতার নামে ১৬১', 0, 0, 0, 1, '536200', 7, '', '50613830551', 'emailaddr161@yopmail.com', '', '', 10, 17, 5, 1, '0000-00-00 00:00:00'),
(163, '162', '162', 'বাড়ির মালিকের নামে ১৬২', 'মালিকের পিতার নামে ১৬২', 0, 0, 0, 1, '362000', 6, '', '17025310501', 'emailaddr162@yopmail.com', '', '', 20, 16, 3, 1, '0000-00-00 00:00:00'),
(164, '163', '163', 'বাড়ির মালিকের নামে ১৬৩', 'মালিকের পিতার নামে ১৬৩', 0, 0, 0, 1, '992500', 3, '', '25732257199', 'emailaddr163@yopmail.com', '', '', 15, 5, 10, 1, '0000-00-00 00:00:00'),
(165, '164', '164', 'বাড়ির মালিকের নামে ১৬৪', 'মালিকের পিতার নামে ১৬৪', 0, 0, 0, 1, '413400', 9, '', '46822467317', 'emailaddr164@yopmail.com', '', '', 8, 1, 1, 1, '0000-00-00 00:00:00'),
(166, '165', '165', 'বাড়ির মালিকের নামে ১৬৫', 'মালিকের পিতার নামে ১৬৫', 0, 0, 0, 1, '690500', 5, '', '15979497225', 'emailaddr165@yopmail.com', '', '', 20, 1, 16, 1, '0000-00-00 00:00:00'),
(167, '166', '166', 'বাড়ির মালিকের নামে ১৬৬', 'মালিকের পিতার নামে ১৬৬', 0, 0, 0, 1, '585800', 3, '', '46008225685', 'emailaddr166@yopmail.com', '', '', 11, 4, 18, 1, '0000-00-00 00:00:00'),
(168, '167', '167', 'বাড়ির মালিকের নামে ১৬৭', 'মালিকের পিতার নামে ১৬৭', 0, 0, 0, 1, '396300', 4, '', '40136314429', 'emailaddr167@yopmail.com', '', '', 1, 7, 24, 1, '0000-00-00 00:00:00'),
(169, '168', '168', 'বাড়ির মালিকের নামে ১৬৮', 'মালিকের পিতার নামে ১৬৮', 0, 0, 0, 1, '358300', 3, '', '73306114047', 'emailaddr168@yopmail.com', '', '', 26, 27, 28, 1, '0000-00-00 00:00:00'),
(170, '169', '169', 'বাড়ির মালিকের নামে ১৬৯', 'মালিকের পিতার নামে ১৬৯', 0, 0, 0, 1, '166100', 5, '', '86807778777', 'emailaddr169@yopmail.com', '', '', 9, 19, 30, 1, '0000-00-00 00:00:00'),
(171, '170', '170', 'বাড়ির মালিকের নামে ১৭০', 'মালিকের পিতার নামে ১৭০', 0, 0, 0, 1, '911100', 4, '', '83898027929', 'emailaddr170@yopmail.com', '', '', 9, 1, 22, 1, '0000-00-00 00:00:00'),
(172, '171', '171', 'বাড়ির মালিকের নামে ১৭১', 'মালিকের পিতার নামে ১৭১', 0, 0, 0, 1, '859200', 5, '', '61298102187', 'emailaddr171@yopmail.com', '', '', 8, 11, 23, 1, '0000-00-00 00:00:00'),
(173, '172', '172', 'বাড়ির মালিকের নামে ১৭২', 'মালিকের পিতার নামে ১৭২', 0, 0, 0, 1, '808700', 4, '', '24802819197', 'emailaddr172@yopmail.com', '', '', 9, 13, 6, 1, '0000-00-00 00:00:00'),
(174, '173', '173', 'বাড়ির মালিকের নামে ১৭৩', 'মালিকের পিতার নামে ১৭৩', 0, 0, 0, 1, '954200', 8, '', '77757802752', 'emailaddr173@yopmail.com', '', '', 7, 27, 25, 1, '0000-00-00 00:00:00'),
(175, '174', '174', 'বাড়ির মালিকের নামে ১৭৪', 'মালিকের পিতার নামে ১৭৪', 0, 0, 0, 1, '590800', 9, '', '86198043896', 'emailaddr174@yopmail.com', '', '', 16, 30, 1, 1, '0000-00-00 00:00:00'),
(176, '175', '175', 'বাড়ির মালিকের নামে ১৭৫', 'মালিকের পিতার নামে ১৭৫', 0, 0, 0, 1, '353500', 8, '', '79251041603', 'emailaddr175@yopmail.com', '', '', 1, 21, 5, 1, '0000-00-00 00:00:00'),
(177, '176', '176', 'বাড়ির মালিকের নামে ১৭৬', 'মালিকের পিতার নামে ১৭৬', 0, 0, 0, 1, '723400', 3, '', '41977336722', 'emailaddr176@yopmail.com', '', '', 3, 5, 22, 1, '0000-00-00 00:00:00'),
(178, '177', '177', 'বাড়ির মালিকের নামে ১৭৭', 'মালিকের পিতার নামে ১৭৭', 0, 0, 0, 1, '465200', 4, '', '56883660089', 'emailaddr177@yopmail.com', '', '', 15, 14, 6, 1, '0000-00-00 00:00:00'),
(179, '178', '178', 'বাড়ির মালিকের নামে ১৭৮', 'মালিকের পিতার নামে ১৭৮', 0, 0, 0, 1, '620800', 5, '', '38423626145', 'emailaddr178@yopmail.com', '', '', 26, 12, 26, 1, '0000-00-00 00:00:00'),
(180, '179', '179', 'বাড়ির মালিকের নামে ১৭৯', 'মালিকের পিতার নামে ১৭৯', 0, 0, 0, 1, '512600', 4, '', '71087134425', 'emailaddr179@yopmail.com', '', '', 22, 22, 18, 1, '0000-00-00 00:00:00'),
(181, '180', '180', 'বাড়ির মালিকের নামে ১৮০', 'মালিকের পিতার নামে ১৮০', 0, 0, 0, 1, '173000', 3, '', '51384585959', 'emailaddr180@yopmail.com', '', '', 14, 6, 20, 1, '0000-00-00 00:00:00'),
(182, '181', '181', 'বাড়ির মালিকের নামে ১৮১', 'মালিকের পিতার নামে ১৮১', 0, 0, 0, 1, '250700', 7, '', '39251853898', 'emailaddr181@yopmail.com', '', '', 1, 9, 26, 1, '0000-00-00 00:00:00'),
(183, '182', '182', 'বাড়ির মালিকের নামে ১৮২', 'মালিকের পিতার নামে ১৮২', 0, 0, 0, 1, '717800', 5, '', '94669212151', 'emailaddr182@yopmail.com', '', '', 23, 15, 2, 1, '0000-00-00 00:00:00'),
(184, '183', '183', 'বাড়ির মালিকের নামে ১৮৩', 'মালিকের পিতার নামে ১৮৩', 0, 0, 0, 1, '207900', 5, '', '21704393775', 'emailaddr183@yopmail.com', '', '', 10, 8, 2, 1, '0000-00-00 00:00:00'),
(185, '184', '184', 'বাড়ির মালিকের নামে ১৮৪', 'মালিকের পিতার নামে ১৮৪', 0, 0, 0, 1, '929600', 7, '', '92084548137', 'emailaddr184@yopmail.com', '', '', 9, 1, 29, 1, '0000-00-00 00:00:00'),
(186, '185', '185', 'বাড়ির মালিকের নামে ১৮৫', 'মালিকের পিতার নামে ১৮৫', 0, 0, 0, 1, '768000', 8, '', '33432976193', 'emailaddr185@yopmail.com', '', '', 21, 4, 6, 1, '0000-00-00 00:00:00'),
(187, '186', '186', 'বাড়ির মালিকের নামে ১৮৬', 'মালিকের পিতার নামে ১৮৬', 0, 0, 0, 1, '192100', 3, '', '30706028070', 'emailaddr186@yopmail.com', '', '', 4, 29, 10, 1, '0000-00-00 00:00:00'),
(188, '187', '187', 'বাড়ির মালিকের নামে ১৮৭', 'মালিকের পিতার নামে ১৮৭', 0, 0, 0, 1, '536300', 7, '', '87328638692', 'emailaddr187@yopmail.com', '', '', 12, 10, 14, 1, '0000-00-00 00:00:00'),
(189, '188', '188', 'বাড়ির মালিকের নামে ১৮৮', 'মালিকের পিতার নামে ১৮৮', 0, 0, 0, 1, '508100', 8, '', '24653424730', 'emailaddr188@yopmail.com', '', '', 22, 5, 2, 1, '0000-00-00 00:00:00'),
(190, '189', '189', 'বাড়ির মালিকের নামে ১৮৯', 'মালিকের পিতার নামে ১৮৯', 0, 0, 0, 1, '261000', 9, '', '28913131235', 'emailaddr189@yopmail.com', '', '', 14, 3, 16, 1, '0000-00-00 00:00:00'),
(191, '190', '190', 'বাড়ির মালিকের নামে ১৯০', 'মালিকের পিতার নামে ১৯০', 0, 0, 0, 1, '570600', 5, '', '70921582890', 'emailaddr190@yopmail.com', '', '', 1, 2, 11, 1, '0000-00-00 00:00:00'),
(192, '191', '191', 'বাড়ির মালিকের নামে ১৯১', 'মালিকের পিতার নামে ১৯১', 0, 0, 0, 1, '616700', 7, '', '97392609015', 'emailaddr191@yopmail.com', '', '', 28, 3, 14, 1, '0000-00-00 00:00:00'),
(193, '192', '192', 'বাড়ির মালিকের নামে ১৯২', 'মালিকের পিতার নামে ১৯২', 0, 0, 0, 1, '714000', 7, '', '18835498478', 'emailaddr192@yopmail.com', '', '', 19, 2, 20, 1, '0000-00-00 00:00:00'),
(194, '193', '193', 'বাড়ির মালিকের নামে ১৯৩', 'মালিকের পিতার নামে ১৯৩', 0, 0, 0, 1, '407100', 8, '', '70530288054', 'emailaddr193@yopmail.com', '', '', 14, 2, 30, 1, '0000-00-00 00:00:00'),
(195, '194', '194', 'বাড়ির মালিকের নামে ১৯৪', 'মালিকের পিতার নামে ১৯৪', 0, 0, 0, 1, '300700', 3, '', '32562174730', 'emailaddr194@yopmail.com', '', '', 8, 28, 27, 1, '0000-00-00 00:00:00'),
(196, '195', '195', 'বাড়ির মালিকের নামে ১৯৫', 'মালিকের পিতার নামে ১৯৫', 0, 0, 0, 1, '197300', 10, '', '93607240324', 'emailaddr195@yopmail.com', '', '', 10, 18, 26, 1, '0000-00-00 00:00:00'),
(197, '196', '196', 'বাড়ির মালিকের নামে ১৯৬', 'মালিকের পিতার নামে ১৯৬', 0, 0, 0, 1, '832200', 5, '', '85613653954', 'emailaddr196@yopmail.com', '', '', 23, 25, 1, 1, '0000-00-00 00:00:00'),
(198, '197', '197', 'বাড়ির মালিকের নামে ১৯৭', 'মালিকের পিতার নামে ১৯৭', 0, 0, 0, 1, '637000', 5, '', '95564007270', 'emailaddr197@yopmail.com', '', '', 23, 29, 30, 1, '0000-00-00 00:00:00'),
(199, '198', '198', 'বাড়ির মালিকের নামে ১৯৮', 'মালিকের পিতার নামে ১৯৮', 0, 0, 0, 1, '654700', 5, '', '66606797061', 'emailaddr198@yopmail.com', '', '', 27, 7, 21, 1, '0000-00-00 00:00:00'),
(200, '199', '199', 'বাড়ির মালিকের নামে ১৯৯', 'মালিকের পিতার নামে ১৯৯', 0, 0, 0, 1, '143300', 9, '', '33838052082', 'emailaddr199@yopmail.com', '', '', 27, 15, 18, 1, '0000-00-00 00:00:00'),
(201, '200', '200', 'বাড়ির মালিকের নামে ২০০', 'মালিকের পিতার নামে ২০০', 0, 0, 0, 1, '633100', 4, '', '38896001535', 'emailaddr200@yopmail.com', '', '', 16, 19, 20, 1, '0000-00-00 00:00:00'),
(202, '201', '201', 'বাড়ির মালিকের নামে ২০১', 'মালিকের পিতার নামে ২০১', 0, 0, 0, 1, '635800', 4, '', '90471316838', 'emailaddr201@yopmail.com', '', '', 28, 26, 19, 1, '0000-00-00 00:00:00'),
(203, '202', '202', 'বাড়ির মালিকের নামে ২০২', 'মালিকের পিতার নামে ২০২', 0, 0, 0, 1, '582500', 4, '', '20529215987', 'emailaddr202@yopmail.com', '', '', 9, 20, 17, 1, '0000-00-00 00:00:00'),
(204, '203', '203', 'বাড়ির মালিকের নামে ২০৩', 'মালিকের পিতার নামে ২০৩', 0, 0, 0, 1, '440400', 9, '', '57710882661', 'emailaddr203@yopmail.com', '', '', 23, 21, 18, 1, '0000-00-00 00:00:00'),
(205, '204', '204', 'বাড়ির মালিকের নামে ২০৪', 'মালিকের পিতার নামে ২০৪', 0, 0, 0, 1, '260000', 8, '', '77730873052', 'emailaddr204@yopmail.com', '', '', 10, 1, 23, 1, '0000-00-00 00:00:00'),
(206, '205', '205', 'বাড়ির মালিকের নামে ২০৫', 'মালিকের পিতার নামে ২০৫', 0, 0, 0, 1, '756300', 3, '', '27969892706', 'emailaddr205@yopmail.com', '', '', 1, 16, 1, 1, '0000-00-00 00:00:00'),
(207, '206', '206', 'বাড়ির মালিকের নামে ২০৬', 'মালিকের পিতার নামে ২০৬', 0, 0, 0, 1, '430300', 9, '', '76741324278', 'emailaddr206@yopmail.com', '', '', 16, 20, 6, 1, '0000-00-00 00:00:00'),
(208, '207', '207', 'বাড়ির মালিকের নামে ২০৭', 'মালিকের পিতার নামে ২০৭', 0, 0, 0, 1, '719800', 9, '', '56584098483', 'emailaddr207@yopmail.com', '', '', 23, 17, 2, 1, '0000-00-00 00:00:00'),
(209, '208', '208', 'বাড়ির মালিকের নামে ২০৮', 'মালিকের পিতার নামে ২০৮', 0, 0, 0, 1, '697600', 3, '', '90506835057', 'emailaddr208@yopmail.com', '', '', 19, 16, 22, 1, '0000-00-00 00:00:00'),
(210, '209', '209', 'বাড়ির মালিকের নামে ২০৯', 'মালিকের পিতার নামে ২০৯', 0, 0, 0, 1, '659000', 4, '', '85018040506', 'emailaddr209@yopmail.com', '', '', 14, 29, 10, 1, '0000-00-00 00:00:00'),
(211, '210', '210', 'বাড়ির মালিকের নামে ২১০', 'মালিকের পিতার নামে ২১০', 0, 0, 0, 1, '777100', 5, '', '85046631037', 'emailaddr210@yopmail.com', '', '', 25, 4, 9, 1, '0000-00-00 00:00:00'),
(212, '211', '211', 'বাড়ির মালিকের নামে ২১১', 'মালিকের পিতার নামে ২১১', 0, 0, 0, 1, '447400', 6, '', '24850105481', 'emailaddr211@yopmail.com', '', '', 3, 21, 12, 1, '0000-00-00 00:00:00'),
(213, '212', '212', 'বাড়ির মালিকের নামে ২১২', 'মালিকের পিতার নামে ২১২', 0, 0, 0, 1, '868800', 9, '', '52218966299', 'emailaddr212@yopmail.com', '', '', 18, 23, 23, 1, '0000-00-00 00:00:00'),
(214, '213', '213', 'বাড়ির মালিকের নামে ২১৩', 'মালিকের পিতার নামে ২১৩', 0, 0, 0, 1, '464400', 10, '', '75579081308', 'emailaddr213@yopmail.com', '', '', 1, 28, 22, 1, '0000-00-00 00:00:00'),
(215, '214', '214', 'বাড়ির মালিকের নামে ২১৪', 'মালিকের পিতার নামে ২১৪', 0, 0, 0, 1, '441700', 8, '', '39083208846', 'emailaddr214@yopmail.com', '', '', 16, 6, 3, 1, '0000-00-00 00:00:00'),
(216, '215', '215', 'বাড়ির মালিকের নামে ২১৫', 'মালিকের পিতার নামে ২১৫', 0, 0, 0, 1, '118900', 5, '', '83350494155', 'emailaddr215@yopmail.com', '', '', 13, 15, 8, 1, '0000-00-00 00:00:00'),
(217, '216', '216', 'বাড়ির মালিকের নামে ২১৬', 'মালিকের পিতার নামে ২১৬', 0, 0, 0, 1, '526000', 3, '', '22968013699', 'emailaddr216@yopmail.com', '', '', 5, 29, 19, 1, '0000-00-00 00:00:00'),
(218, '217', '217', 'বাড়ির মালিকের নামে ২১৭', 'মালিকের পিতার নামে ২১৭', 0, 0, 0, 1, '383100', 7, '', '56292932620', 'emailaddr217@yopmail.com', '', '', 6, 13, 7, 1, '0000-00-00 00:00:00'),
(219, '218', '218', 'বাড়ির মালিকের নামে ২১৮', 'মালিকের পিতার নামে ২১৮', 0, 0, 0, 1, '536700', 4, '', '98510817698', 'emailaddr218@yopmail.com', '', '', 2, 14, 12, 1, '0000-00-00 00:00:00'),
(220, '219', '219', 'বাড়ির মালিকের নামে ২১৯', 'মালিকের পিতার নামে ২১৯', 0, 0, 0, 1, '405900', 10, '', '18742515633', 'emailaddr219@yopmail.com', '', '', 12, 6, 27, 1, '0000-00-00 00:00:00'),
(221, '220', '220', 'বাড়ির মালিকের নামে ২২০', 'মালিকের পিতার নামে ২২০', 0, 0, 0, 1, '862300', 9, '', '82508836453', 'emailaddr220@yopmail.com', '', '', 19, 10, 11, 1, '0000-00-00 00:00:00'),
(222, '221', '221', 'বাড়ির মালিকের নামে ২২১', 'মালিকের পিতার নামে ২২১', 0, 0, 0, 1, '721100', 3, '', '72374594737', 'emailaddr221@yopmail.com', '', '', 17, 24, 28, 1, '0000-00-00 00:00:00'),
(223, '222', '222', 'বাড়ির মালিকের নামে ২২২', 'মালিকের পিতার নামে ২২২', 0, 0, 0, 1, '761600', 6, '', '70243562044', 'emailaddr222@yopmail.com', '', '', 30, 5, 24, 1, '0000-00-00 00:00:00'),
(224, '223', '223', 'বাড়ির মালিকের নামে ২২৩', 'মালিকের পিতার নামে ২২৩', 0, 0, 0, 1, '214800', 6, '', '20626784810', 'emailaddr223@yopmail.com', '', '', 13, 12, 27, 1, '0000-00-00 00:00:00'),
(225, '224', '224', 'বাড়ির মালিকের নামে ২২৪', 'মালিকের পিতার নামে ২২৪', 0, 0, 0, 1, '957900', 9, '', '52736585622', 'emailaddr224@yopmail.com', '', '', 24, 12, 11, 1, '0000-00-00 00:00:00'),
(226, '225', '225', 'বাড়ির মালিকের নামে ২২৫', 'মালিকের পিতার নামে ২২৫', 0, 0, 0, 1, '471500', 4, '', '70372421397', 'emailaddr225@yopmail.com', '', '', 29, 18, 22, 1, '0000-00-00 00:00:00'),
(227, '226', '226', 'বাড়ির মালিকের নামে ২২৬', 'মালিকের পিতার নামে ২২৬', 0, 0, 0, 1, '785000', 9, '', '82050867681', 'emailaddr226@yopmail.com', '', '', 6, 24, 18, 1, '0000-00-00 00:00:00'),
(228, '227', '227', 'বাড়ির মালিকের নামে ২২৭', 'মালিকের পিতার নামে ২২৭', 0, 0, 0, 1, '612400', 9, '', '55377212969', 'emailaddr227@yopmail.com', '', '', 21, 5, 30, 1, '0000-00-00 00:00:00'),
(229, '228', '228', 'বাড়ির মালিকের নামে ২২৮', 'মালিকের পিতার নামে ২২৮', 0, 0, 0, 1, '316500', 7, '', '66562325989', 'emailaddr228@yopmail.com', '', '', 22, 26, 20, 1, '0000-00-00 00:00:00'),
(230, '229', '229', 'বাড়ির মালিকের নামে ২২৯', 'মালিকের পিতার নামে ২২৯', 0, 0, 0, 1, '642200', 6, '', '12854894287', 'emailaddr229@yopmail.com', '', '', 9, 12, 11, 1, '0000-00-00 00:00:00'),
(231, '230', '230', 'বাড়ির মালিকের নামে ২৩০', 'মালিকের পিতার নামে ২৩০', 0, 0, 0, 1, '593900', 5, '', '37593634663', 'emailaddr230@yopmail.com', '', '', 26, 19, 3, 1, '0000-00-00 00:00:00'),
(232, '231', '231', 'বাড়ির মালিকের নামে ২৩১', 'মালিকের পিতার নামে ২৩১', 0, 0, 0, 1, '322900', 6, '', '45357283101', 'emailaddr231@yopmail.com', '', '', 27, 11, 14, 1, '0000-00-00 00:00:00'),
(233, '232', '232', 'বাড়ির মালিকের নামে ২৩২', 'মালিকের পিতার নামে ২৩২', 0, 0, 0, 1, '114100', 5, '', '90023124965', 'emailaddr232@yopmail.com', '', '', 10, 1, 10, 1, '0000-00-00 00:00:00'),
(234, '233', '233', 'বাড়ির মালিকের নামে ২৩৩', 'মালিকের পিতার নামে ২৩৩', 0, 0, 0, 1, '791000', 5, '', '88091984484', 'emailaddr233@yopmail.com', '', '', 3, 8, 23, 1, '0000-00-00 00:00:00'),
(235, '234', '234', 'বাড়ির মালিকের নামে ২৩৪', 'মালিকের পিতার নামে ২৩৪', 0, 0, 0, 1, '133300', 6, '', '49176906095', 'emailaddr234@yopmail.com', '', '', 26, 18, 11, 1, '0000-00-00 00:00:00'),
(236, '235', '235', 'বাড়ির মালিকের নামে ২৩৫', 'মালিকের পিতার নামে ২৩৫', 0, 0, 0, 1, '828000', 4, '', '97648882989', 'emailaddr235@yopmail.com', '', '', 2, 10, 13, 1, '0000-00-00 00:00:00'),
(237, '236', '236', 'বাড়ির মালিকের নামে ২৩৬', 'মালিকের পিতার নামে ২৩৬', 0, 0, 0, 1, '956400', 4, '', '71802739823', 'emailaddr236@yopmail.com', '', '', 18, 5, 12, 1, '0000-00-00 00:00:00'),
(238, '237', '237', 'বাড়ির মালিকের নামে ২৩৭', 'মালিকের পিতার নামে ২৩৭', 0, 0, 0, 1, '323800', 6, '', '96150418537', 'emailaddr237@yopmail.com', '', '', 19, 8, 20, 1, '0000-00-00 00:00:00'),
(239, '238', '238', 'বাড়ির মালিকের নামে ২৩৮', 'মালিকের পিতার নামে ২৩৮', 0, 0, 0, 1, '344800', 3, '', '64549300859', 'emailaddr238@yopmail.com', '', '', 21, 12, 1, 1, '0000-00-00 00:00:00'),
(240, '239', '239', 'বাড়ির মালিকের নামে ২৩৯', 'মালিকের পিতার নামে ২৩৯', 0, 0, 0, 1, '519400', 4, '', '13963300669', 'emailaddr239@yopmail.com', '', '', 28, 21, 18, 1, '0000-00-00 00:00:00'),
(241, '240', '240', 'বাড়ির মালিকের নামে ২৪০', 'মালিকের পিতার নামে ২৪০', 0, 0, 0, 1, '228600', 8, '', '36281571902', 'emailaddr240@yopmail.com', '', '', 1, 8, 12, 1, '0000-00-00 00:00:00'),
(242, '241', '241', 'বাড়ির মালিকের নামে ২৪১', 'মালিকের পিতার নামে ২৪১', 0, 0, 0, 1, '228900', 4, '', '76941561073', 'emailaddr241@yopmail.com', '', '', 5, 18, 13, 1, '0000-00-00 00:00:00'),
(243, '242', '242', 'বাড়ির মালিকের নামে ২৪২', 'মালিকের পিতার নামে ২৪২', 0, 0, 0, 1, '518700', 6, '', '78783591651', 'emailaddr242@yopmail.com', '', '', 10, 7, 4, 1, '0000-00-00 00:00:00'),
(244, '243', '243', 'বাড়ির মালিকের নামে ২৪৩', 'মালিকের পিতার নামে ২৪৩', 0, 0, 0, 1, '635200', 4, '', '61848496535', 'emailaddr243@yopmail.com', '', '', 16, 11, 11, 1, '0000-00-00 00:00:00'),
(245, '244', '244', 'বাড়ির মালিকের নামে ২৪৪', 'মালিকের পিতার নামে ২৪৪', 0, 0, 0, 1, '903300', 7, '', '90259489312', 'emailaddr244@yopmail.com', '', '', 25, 2, 18, 1, '0000-00-00 00:00:00'),
(246, '245', '245', 'বাড়ির মালিকের নামে ২৪৫', 'মালিকের পিতার নামে ২৪৫', 0, 0, 0, 1, '962500', 8, '', '92138759921', 'emailaddr245@yopmail.com', '', '', 3, 1, 25, 1, '0000-00-00 00:00:00'),
(247, '246', '246', 'বাড়ির মালিকের নামে ২৪৬', 'মালিকের পিতার নামে ২৪৬', 0, 0, 0, 1, '126100', 8, '', '65840773231', 'emailaddr246@yopmail.com', '', '', 26, 18, 23, 1, '0000-00-00 00:00:00'),
(248, '247', '247', 'বাড়ির মালিকের নামে ২৪৭', 'মালিকের পিতার নামে ২৪৭', 0, 0, 0, 1, '443200', 5, '', '86823375262', 'emailaddr247@yopmail.com', '', '', 7, 22, 29, 1, '0000-00-00 00:00:00'),
(249, '248', '248', 'বাড়ির মালিকের নামে ২৪৮', 'মালিকের পিতার নামে ২৪৮', 0, 0, 0, 1, '480400', 8, '', '61927776629', 'emailaddr248@yopmail.com', '', '', 22, 1, 17, 1, '0000-00-00 00:00:00'),
(250, '249', '249', 'বাড়ির মালিকের নামে ২৪৯', 'মালিকের পিতার নামে ২৪৯', 0, 0, 0, 1, '794500', 6, '', '38539132168', 'emailaddr249@yopmail.com', '', '', 15, 2, 21, 1, '0000-00-00 00:00:00'),
(251, '250', '250', 'বাড়ির মালিকের নামে ২৫০', 'মালিকের পিতার নামে ২৫০', 0, 0, 0, 1, '114400', 5, '', '56030219937', 'emailaddr250@yopmail.com', '', '', 17, 8, 27, 1, '0000-00-00 00:00:00'),
(252, '251', '251', 'বাড়ির মালিকের নামে ২৫১', 'মালিকের পিতার নামে ২৫১', 0, 0, 0, 1, '465300', 9, '', '21659949391', 'emailaddr251@yopmail.com', '', '', 14, 27, 30, 1, '0000-00-00 00:00:00'),
(253, '252', '252', 'বাড়ির মালিকের নামে ২৫২', 'মালিকের পিতার নামে ২৫২', 0, 0, 0, 1, '536800', 4, '', '27058941720', 'emailaddr252@yopmail.com', '', '', 14, 28, 29, 1, '0000-00-00 00:00:00'),
(254, '253', '253', 'বাড়ির মালিকের নামে ২৫৩', 'মালিকের পিতার নামে ২৫৩', 0, 0, 0, 1, '600700', 9, '', '22215459596', 'emailaddr253@yopmail.com', '', '', 2, 1, 17, 1, '0000-00-00 00:00:00'),
(255, '254', '254', 'বাড়ির মালিকের নামে ২৫৪', 'মালিকের পিতার নামে ২৫৪', 0, 0, 0, 1, '401000', 8, '', '54579516195', 'emailaddr254@yopmail.com', '', '', 24, 11, 6, 1, '0000-00-00 00:00:00'),
(256, '255', '255', 'বাড়ির মালিকের নামে ২৫৫', 'মালিকের পিতার নামে ২৫৫', 0, 0, 0, 1, '896700', 7, '', '96085776161', 'emailaddr255@yopmail.com', '', '', 5, 20, 10, 1, '0000-00-00 00:00:00'),
(257, '256', '256', 'বাড়ির মালিকের নামে ২৫৬', 'মালিকের পিতার নামে ২৫৬', 0, 0, 0, 1, '320500', 9, '', '90913402921', 'emailaddr256@yopmail.com', '', '', 24, 1, 13, 1, '0000-00-00 00:00:00'),
(258, '257', '257', 'বাড়ির মালিকের নামে ২৫৭', 'মালিকের পিতার নামে ২৫৭', 0, 0, 0, 1, '124300', 3, '', '89082212716', 'emailaddr257@yopmail.com', '', '', 23, 17, 11, 1, '0000-00-00 00:00:00'),
(259, '258', '258', 'বাড়ির মালিকের নামে ২৫৮', 'মালিকের পিতার নামে ২৫৮', 0, 0, 0, 1, '910400', 4, '', '44423076193', 'emailaddr258@yopmail.com', '', '', 8, 7, 20, 1, '0000-00-00 00:00:00'),
(260, '259', '259', 'বাড়ির মালিকের নামে ২৫৯', 'মালিকের পিতার নামে ২৫৯', 0, 0, 0, 1, '353100', 3, '', '56596236339', 'emailaddr259@yopmail.com', '', '', 18, 25, 21, 1, '0000-00-00 00:00:00'),
(261, '260', '260', 'বাড়ির মালিকের নামে ২৬০', 'মালিকের পিতার নামে ২৬০', 0, 0, 0, 1, '734600', 9, '', '42850755471', 'emailaddr260@yopmail.com', '', '', 17, 6, 14, 1, '0000-00-00 00:00:00'),
(262, '261', '261', 'বাড়ির মালিকের নামে ২৬১', 'মালিকের পিতার নামে ২৬১', 0, 0, 0, 1, '351300', 7, '', '35089654765', 'emailaddr261@yopmail.com', '', '', 21, 21, 9, 1, '0000-00-00 00:00:00'),
(263, '262', '262', 'বাড়ির মালিকের নামে ২৬২', 'মালিকের পিতার নামে ২৬২', 0, 0, 0, 1, '475400', 8, '', '48108594127', 'emailaddr262@yopmail.com', '', '', 18, 11, 14, 1, '0000-00-00 00:00:00'),
(264, '263', '263', 'বাড়ির মালিকের নামে ২৬৩', 'মালিকের পিতার নামে ২৬৩', 0, 0, 0, 1, '123100', 7, '', '20758282805', 'emailaddr263@yopmail.com', '', '', 8, 18, 7, 1, '0000-00-00 00:00:00'),
(265, '264', '264', 'বাড়ির মালিকের নামে ২৬৪', 'মালিকের পিতার নামে ২৬৪', 0, 0, 0, 1, '980800', 10, '', '33661461239', 'emailaddr264@yopmail.com', '', '', 3, 30, 28, 1, '0000-00-00 00:00:00'),
(266, '265', '265', 'বাড়ির মালিকের নামে ২৬৫', 'মালিকের পিতার নামে ২৬৫', 0, 0, 0, 1, '858300', 3, '', '21945455033', 'emailaddr265@yopmail.com', '', '', 23, 2, 8, 1, '0000-00-00 00:00:00'),
(267, '266', '266', 'বাড়ির মালিকের নামে ২৬৬', 'মালিকের পিতার নামে ২৬৬', 0, 0, 0, 1, '990700', 6, '', '42844347808', 'emailaddr266@yopmail.com', '', '', 4, 19, 18, 1, '0000-00-00 00:00:00');
INSERT INTO `holdings` (`id`, `holding_no`, `holding_slug`, `owner_name`, `owner_fathers_name`, `asset_category_id`, `asset_cat_class_id`, `sqr_feet`, `asset_qty`, `yearly_amount`, `yearly_percentage`, `description`, `phone`, `email`, `nid`, `google_map_data`, `ward_id`, `area_id`, `road_id`, `status`, `created_at`) VALUES
(268, '267', '267', 'বাড়ির মালিকের নামে ২৬৭', 'মালিকের পিতার নামে ২৬৭', 0, 0, 0, 1, '493400', 7, '', '34643282776', 'emailaddr267@yopmail.com', '', '', 23, 20, 27, 1, '0000-00-00 00:00:00'),
(269, '268', '268', 'বাড়ির মালিকের নামে ২৬৮', 'মালিকের পিতার নামে ২৬৮', 0, 0, 0, 1, '155500', 7, '', '68074776858', 'emailaddr268@yopmail.com', '', '', 16, 9, 17, 1, '0000-00-00 00:00:00'),
(270, '269', '269', 'বাড়ির মালিকের নামে ২৬৯', 'মালিকের পিতার নামে ২৬৯', 0, 0, 0, 1, '455800', 5, '', '94230747082', 'emailaddr269@yopmail.com', '', '', 25, 11, 6, 1, '0000-00-00 00:00:00'),
(271, '270', '270', 'বাড়ির মালিকের নামে ২৭০', 'মালিকের পিতার নামে ২৭০', 0, 0, 0, 1, '606600', 4, '', '50314065893', 'emailaddr270@yopmail.com', '', '', 27, 15, 7, 1, '0000-00-00 00:00:00'),
(272, '271', '271', 'বাড়ির মালিকের নামে ২৭১', 'মালিকের পিতার নামে ২৭১', 0, 0, 0, 1, '916200', 9, '', '39605840740', 'emailaddr271@yopmail.com', '', '', 4, 6, 24, 1, '0000-00-00 00:00:00'),
(273, '272', '272', 'বাড়ির মালিকের নামে ২৭২', 'মালিকের পিতার নামে ২৭২', 0, 0, 0, 1, '373700', 9, '', '12643846435', 'emailaddr272@yopmail.com', '', '', 12, 25, 16, 1, '0000-00-00 00:00:00'),
(274, '273', '273', 'বাড়ির মালিকের নামে ২৭৩', 'মালিকের পিতার নামে ২৭৩', 0, 0, 0, 1, '485100', 8, '', '88634446082', 'emailaddr273@yopmail.com', '', '', 28, 21, 8, 1, '0000-00-00 00:00:00'),
(275, '274', '274', 'বাড়ির মালিকের নামে ২৭৪', 'মালিকের পিতার নামে ২৭৪', 0, 0, 0, 1, '354400', 3, '', '31471000775', 'emailaddr274@yopmail.com', '', '', 29, 5, 4, 1, '0000-00-00 00:00:00'),
(276, '275', '275', 'বাড়ির মালিকের নামে ২৭৫', 'মালিকের পিতার নামে ২৭৫', 0, 0, 0, 1, '901800', 3, '', '75128770860', 'emailaddr275@yopmail.com', '', '', 6, 20, 1, 1, '0000-00-00 00:00:00'),
(277, '276', '276', 'বাড়ির মালিকের নামে ২৭৬', 'মালিকের পিতার নামে ২৭৬', 0, 0, 0, 1, '576500', 10, '', '43390088012', 'emailaddr276@yopmail.com', '', '', 25, 6, 27, 1, '0000-00-00 00:00:00'),
(278, '277', '277', 'বাড়ির মালিকের নামে ২৭৭', 'মালিকের পিতার নামে ২৭৭', 0, 0, 0, 1, '324500', 8, '', '53720601180', 'emailaddr277@yopmail.com', '', '', 5, 22, 4, 1, '0000-00-00 00:00:00'),
(279, '278', '278', 'বাড়ির মালিকের নামে ২৭৮', 'মালিকের পিতার নামে ২৭৮', 0, 0, 0, 1, '343900', 6, '', '83603143852', 'emailaddr278@yopmail.com', '', '', 12, 18, 22, 1, '0000-00-00 00:00:00'),
(280, '279', '279', 'বাড়ির মালিকের নামে ২৭৯', 'মালিকের পিতার নামে ২৭৯', 0, 0, 0, 1, '259900', 3, '', '81177225252', 'emailaddr279@yopmail.com', '', '', 21, 23, 16, 1, '0000-00-00 00:00:00'),
(281, '280', '280', 'বাড়ির মালিকের নামে ২৮০', 'মালিকের পিতার নামে ২৮০', 0, 0, 0, 1, '318000', 8, '', '62419397896', 'emailaddr280@yopmail.com', '', '', 5, 5, 28, 1, '0000-00-00 00:00:00'),
(282, '281', '281', 'বাড়ির মালিকের নামে ২৮১', 'মালিকের পিতার নামে ২৮১', 0, 0, 0, 1, '708300', 4, '', '67909220961', 'emailaddr281@yopmail.com', '', '', 20, 3, 9, 1, '0000-00-00 00:00:00'),
(283, '282', '282', 'বাড়ির মালিকের নামে ২৮২', 'মালিকের পিতার নামে ২৮২', 0, 0, 0, 1, '422300', 7, '', '98935403953', 'emailaddr282@yopmail.com', '', '', 9, 18, 7, 1, '0000-00-00 00:00:00'),
(284, '283', '283', 'বাড়ির মালিকের নামে ২৮৩', 'মালিকের পিতার নামে ২৮৩', 0, 0, 0, 1, '460100', 8, '', '60858279375', 'emailaddr283@yopmail.com', '', '', 4, 19, 17, 1, '0000-00-00 00:00:00'),
(285, '284', '284', 'বাড়ির মালিকের নামে ২৮৪', 'মালিকের পিতার নামে ২৮৪', 0, 0, 0, 1, '871100', 6, '', '56912735359', 'emailaddr284@yopmail.com', '', '', 24, 4, 12, 1, '0000-00-00 00:00:00'),
(286, '285', '285', 'বাড়ির মালিকের নামে ২৮৫', 'মালিকের পিতার নামে ২৮৫', 0, 0, 0, 1, '786900', 6, '', '51685969970', 'emailaddr285@yopmail.com', '', '', 16, 28, 25, 1, '0000-00-00 00:00:00'),
(287, '286', '286', 'বাড়ির মালিকের নামে ২৮৬', 'মালিকের পিতার নামে ২৮৬', 0, 0, 0, 1, '937900', 10, '', '34649627516', 'emailaddr286@yopmail.com', '', '', 24, 20, 8, 1, '0000-00-00 00:00:00'),
(288, '287', '287', 'বাড়ির মালিকের নামে ২৮৭', 'মালিকের পিতার নামে ২৮৭', 0, 0, 0, 1, '979900', 5, '', '99342261262', 'emailaddr287@yopmail.com', '', '', 23, 17, 18, 1, '0000-00-00 00:00:00'),
(289, '288', '288', 'বাড়ির মালিকের নামে ২৮৮', 'মালিকের পিতার নামে ২৮৮', 0, 0, 0, 1, '541100', 4, '', '40427767495', 'emailaddr288@yopmail.com', '', '', 20, 4, 8, 1, '0000-00-00 00:00:00'),
(290, '289', '289', 'বাড়ির মালিকের নামে ২৮৯', 'মালিকের পিতার নামে ২৮৯', 0, 0, 0, 1, '138100', 5, '', '82855284748', 'emailaddr289@yopmail.com', '', '', 25, 23, 11, 1, '0000-00-00 00:00:00'),
(291, '290', '290', 'বাড়ির মালিকের নামে ২৯০', 'মালিকের পিতার নামে ২৯০', 0, 0, 0, 1, '460000', 10, '', '82195509599', 'emailaddr290@yopmail.com', '', '', 5, 24, 4, 1, '0000-00-00 00:00:00'),
(292, '291', '291', 'বাড়ির মালিকের নামে ২৯১', 'মালিকের পিতার নামে ২৯১', 0, 0, 0, 1, '323800', 5, '', '89687500543', 'emailaddr291@yopmail.com', '', '', 24, 22, 5, 1, '0000-00-00 00:00:00'),
(293, '292', '292', 'বাড়ির মালিকের নামে ২৯২', 'মালিকের পিতার নামে ২৯২', 0, 0, 0, 1, '812100', 9, '', '64010008521', 'emailaddr292@yopmail.com', '', '', 27, 18, 11, 1, '0000-00-00 00:00:00'),
(294, '293', '293', 'বাড়ির মালিকের নামে ২৯৩', 'মালিকের পিতার নামে ২৯৩', 0, 0, 0, 1, '687000', 9, '', '55116501617', 'emailaddr293@yopmail.com', '', '', 20, 11, 26, 1, '0000-00-00 00:00:00'),
(295, '294', '294', 'বাড়ির মালিকের নামে ২৯৪', 'মালিকের পিতার নামে ২৯৪', 0, 0, 0, 1, '332200', 8, '', '95419745347', 'emailaddr294@yopmail.com', '', '', 27, 30, 16, 1, '0000-00-00 00:00:00'),
(296, '295', '295', 'বাড়ির মালিকের নামে ২৯৫', 'মালিকের পিতার নামে ২৯৫', 0, 0, 0, 1, '178100', 8, '', '81214158990', 'emailaddr295@yopmail.com', '', '', 19, 22, 8, 1, '0000-00-00 00:00:00'),
(297, '296', '296', 'বাড়ির মালিকের নামে ২৯৬', 'মালিকের পিতার নামে ২৯৬', 0, 0, 0, 1, '823500', 6, '', '49312333245', 'emailaddr296@yopmail.com', '', '', 3, 1, 25, 1, '0000-00-00 00:00:00'),
(298, '297', '297', 'বাড়ির মালিকের নামে ২৯৭', 'মালিকের পিতার নামে ২৯৭', 0, 0, 0, 1, '730700', 3, '', '44853096233', 'emailaddr297@yopmail.com', '', '', 10, 12, 6, 1, '0000-00-00 00:00:00'),
(299, '298', '298', 'বাড়ির মালিকের নামে ২৯৮', 'মালিকের পিতার নামে ২৯৮', 0, 0, 0, 1, '368900', 4, '', '26108328352', 'emailaddr298@yopmail.com', '', '', 20, 26, 15, 1, '0000-00-00 00:00:00'),
(300, '299', '299', 'বাড়ির মালিকের নামে ২৯৯', 'মালিকের পিতার নামে ২৯৯', 0, 0, 0, 1, '961600', 4, '', '65245346385', 'emailaddr299@yopmail.com', '', '', 1, 12, 27, 1, '0000-00-00 00:00:00'),
(301, '300', '300', 'বাড়ির মালিকের নামে ৩০০', 'মালিকের পিতার নামে ৩০০', 0, 0, 0, 1, '752100', 6, '', '80938398112', 'emailaddr300@yopmail.com', '', '', 18, 13, 13, 1, '0000-00-00 00:00:00'),
(302, '301', '301', 'বাড়ির মালিকের নামে ৩০১', 'মালিকের পিতার নামে ৩০১', 0, 0, 0, 1, '729000', 10, '', '74590907742', 'emailaddr301@yopmail.com', '', '', 11, 12, 8, 1, '0000-00-00 00:00:00'),
(303, '302', '302', 'বাড়ির মালিকের নামে ৩০২', 'মালিকের পিতার নামে ৩০২', 0, 0, 0, 1, '621300', 6, '', '28279232625', 'emailaddr302@yopmail.com', '', '', 10, 27, 6, 1, '0000-00-00 00:00:00'),
(304, '303', '303', 'বাড়ির মালিকের নামে ৩০৩', 'মালিকের পিতার নামে ৩০৩', 0, 0, 0, 1, '416500', 6, '', '49212584975', 'emailaddr303@yopmail.com', '', '', 27, 21, 26, 1, '0000-00-00 00:00:00'),
(305, '304', '304', 'বাড়ির মালিকের নামে ৩০৪', 'মালিকের পিতার নামে ৩০৪', 0, 0, 0, 1, '808400', 9, '', '82491010237', 'emailaddr304@yopmail.com', '', '', 30, 18, 12, 1, '0000-00-00 00:00:00'),
(306, '305', '305', 'বাড়ির মালিকের নামে ৩০৫', 'মালিকের পিতার নামে ৩০৫', 0, 0, 0, 1, '888200', 8, '', '76669307979', 'emailaddr305@yopmail.com', '', '', 3, 30, 26, 1, '0000-00-00 00:00:00'),
(307, '306', '306', 'বাড়ির মালিকের নামে ৩০৬', 'মালিকের পিতার নামে ৩০৬', 0, 0, 0, 1, '520100', 3, '', '45433220298', 'emailaddr306@yopmail.com', '', '', 27, 3, 13, 1, '0000-00-00 00:00:00'),
(308, '307', '307', 'বাড়ির মালিকের নামে ৩০৭', 'মালিকের পিতার নামে ৩০৭', 0, 0, 0, 1, '962100', 10, '', '30066213680', 'emailaddr307@yopmail.com', '', '', 12, 2, 8, 1, '0000-00-00 00:00:00'),
(309, '308', '308', 'বাড়ির মালিকের নামে ৩০৮', 'মালিকের পিতার নামে ৩০৮', 0, 0, 0, 1, '893700', 6, '', '93002987343', 'emailaddr308@yopmail.com', '', '', 4, 14, 22, 1, '0000-00-00 00:00:00'),
(310, '309', '309', 'বাড়ির মালিকের নামে ৩০৯', 'মালিকের পিতার নামে ৩০৯', 0, 0, 0, 1, '911000', 7, '', '82079069976', 'emailaddr309@yopmail.com', '', '', 4, 26, 28, 1, '0000-00-00 00:00:00'),
(311, '310', '310', 'বাড়ির মালিকের নামে ৩১০', 'মালিকের পিতার নামে ৩১০', 0, 0, 0, 1, '312400', 8, '', '63026938151', 'emailaddr310@yopmail.com', '', '', 8, 18, 30, 1, '0000-00-00 00:00:00'),
(312, '311', '311', 'বাড়ির মালিকের নামে ৩১১', 'মালিকের পিতার নামে ৩১১', 0, 0, 0, 1, '245100', 6, '', '65043826417', 'emailaddr311@yopmail.com', '', '', 6, 4, 9, 1, '0000-00-00 00:00:00'),
(313, '312', '312', 'বাড়ির মালিকের নামে ৩১২', 'মালিকের পিতার নামে ৩১২', 0, 0, 0, 1, '236000', 5, '', '55036239184', 'emailaddr312@yopmail.com', '', '', 11, 23, 11, 1, '0000-00-00 00:00:00'),
(314, '313', '313', 'বাড়ির মালিকের নামে ৩১৩', 'মালিকের পিতার নামে ৩১৩', 0, 0, 0, 1, '301500', 3, '', '19707998598', 'emailaddr313@yopmail.com', '', '', 17, 13, 4, 1, '0000-00-00 00:00:00'),
(315, '314', '314', 'বাড়ির মালিকের নামে ৩১৪', 'মালিকের পিতার নামে ৩১৪', 0, 0, 0, 1, '306100', 7, '', '72052790417', 'emailaddr314@yopmail.com', '', '', 24, 2, 19, 1, '0000-00-00 00:00:00'),
(316, '315', '315', 'বাড়ির মালিকের নামে ৩১৫', 'মালিকের পিতার নামে ৩১৫', 0, 0, 0, 1, '427400', 3, '', '19847474439', 'emailaddr315@yopmail.com', '', '', 14, 2, 3, 1, '0000-00-00 00:00:00'),
(317, '316', '316', 'বাড়ির মালিকের নামে ৩১৬', 'মালিকের পিতার নামে ৩১৬', 0, 0, 0, 1, '166900', 6, '', '51857983233', 'emailaddr316@yopmail.com', '', '', 10, 5, 6, 1, '0000-00-00 00:00:00'),
(318, '317', '317', 'বাড়ির মালিকের নামে ৩১৭', 'মালিকের পিতার নামে ৩১৭', 0, 0, 0, 1, '702600', 8, '', '93876147051', 'emailaddr317@yopmail.com', '', '', 30, 22, 18, 1, '0000-00-00 00:00:00'),
(319, '318', '318', 'বাড়ির মালিকের নামে ৩১৮', 'মালিকের পিতার নামে ৩১৮', 0, 0, 0, 1, '245900', 8, '', '44992882486', 'emailaddr318@yopmail.com', '', '', 27, 25, 14, 1, '0000-00-00 00:00:00'),
(320, '319', '319', 'বাড়ির মালিকের নামে ৩১৯', 'মালিকের পিতার নামে ৩১৯', 0, 0, 0, 1, '322300', 10, '', '82148841495', 'emailaddr319@yopmail.com', '', '', 18, 18, 22, 1, '0000-00-00 00:00:00'),
(321, '320', '320', 'বাড়ির মালিকের নামে ৩২০', 'মালিকের পিতার নামে ৩২০', 0, 0, 0, 1, '877900', 7, '', '91608911790', 'emailaddr320@yopmail.com', '', '', 27, 1, 9, 1, '0000-00-00 00:00:00'),
(322, '321', '321', 'বাড়ির মালিকের নামে ৩২১', 'মালিকের পিতার নামে ৩২১', 0, 0, 0, 1, '983000', 5, '', '23215563628', 'emailaddr321@yopmail.com', '', '', 14, 21, 14, 1, '0000-00-00 00:00:00'),
(323, '322', '322', 'বাড়ির মালিকের নামে ৩২২', 'মালিকের পিতার নামে ৩২২', 0, 0, 0, 1, '967700', 9, '', '70274758693', 'emailaddr322@yopmail.com', '', '', 11, 26, 28, 1, '0000-00-00 00:00:00'),
(324, '323', '323', 'বাড়ির মালিকের নামে ৩২৩', 'মালিকের পিতার নামে ৩২৩', 0, 0, 0, 1, '918700', 5, '', '71771775961', 'emailaddr323@yopmail.com', '', '', 19, 27, 14, 1, '0000-00-00 00:00:00'),
(325, '324', '324', 'বাড়ির মালিকের নামে ৩২৪', 'মালিকের পিতার নামে ৩২৪', 0, 0, 0, 1, '486100', 10, '', '28929986375', 'emailaddr324@yopmail.com', '', '', 9, 7, 15, 1, '0000-00-00 00:00:00'),
(326, '325', '325', 'বাড়ির মালিকের নামে ৩২৫', 'মালিকের পিতার নামে ৩২৫', 0, 0, 0, 1, '224600', 3, '', '97364443054', 'emailaddr325@yopmail.com', '', '', 2, 20, 24, 1, '0000-00-00 00:00:00'),
(327, '326', '326', 'বাড়ির মালিকের নামে ৩২৬', 'মালিকের পিতার নামে ৩২৬', 0, 0, 0, 1, '759000', 10, '', '91885817064', 'emailaddr326@yopmail.com', '', '', 9, 15, 8, 1, '0000-00-00 00:00:00'),
(328, '327', '327', 'বাড়ির মালিকের নামে ৩২৭', 'মালিকের পিতার নামে ৩২৭', 0, 0, 0, 1, '379100', 6, '', '65016450162', 'emailaddr327@yopmail.com', '', '', 27, 29, 19, 1, '0000-00-00 00:00:00'),
(329, '328', '328', 'বাড়ির মালিকের নামে ৩২৮', 'মালিকের পিতার নামে ৩২৮', 0, 0, 0, 1, '990400', 10, '', '84895111504', 'emailaddr328@yopmail.com', '', '', 7, 8, 16, 1, '0000-00-00 00:00:00'),
(330, '329', '329', 'বাড়ির মালিকের নামে ৩২৯', 'মালিকের পিতার নামে ৩২৯', 0, 0, 0, 1, '782000', 7, '', '94166851915', 'emailaddr329@yopmail.com', '', '', 6, 30, 15, 1, '0000-00-00 00:00:00'),
(331, '330', '330', 'বাড়ির মালিকের নামে ৩৩০', 'মালিকের পিতার নামে ৩৩০', 0, 0, 0, 1, '134800', 5, '', '93961951103', 'emailaddr330@yopmail.com', '', '', 25, 2, 18, 1, '0000-00-00 00:00:00'),
(332, '331', '331', 'বাড়ির মালিকের নামে ৩৩১', 'মালিকের পিতার নামে ৩৩১', 0, 0, 0, 1, '661100', 7, '', '21535271549', 'emailaddr331@yopmail.com', '', '', 2, 30, 21, 1, '0000-00-00 00:00:00'),
(333, '332', '332', 'বাড়ির মালিকের নামে ৩৩২', 'মালিকের পিতার নামে ৩৩২', 0, 0, 0, 1, '629900', 3, '', '27929749080', 'emailaddr332@yopmail.com', '', '', 19, 28, 26, 1, '0000-00-00 00:00:00'),
(334, '333', '333', 'বাড়ির মালিকের নামে ৩৩৩', 'মালিকের পিতার নামে ৩৩৩', 0, 0, 0, 1, '220600', 4, '', '90763570767', 'emailaddr333@yopmail.com', '', '', 25, 7, 6, 1, '0000-00-00 00:00:00'),
(335, '334', '334', 'বাড়ির মালিকের নামে ৩৩৪', 'মালিকের পিতার নামে ৩৩৪', 0, 0, 0, 1, '814400', 9, '', '45007725030', 'emailaddr334@yopmail.com', '', '', 16, 12, 26, 1, '0000-00-00 00:00:00'),
(336, '335', '335', 'বাড়ির মালিকের নামে ৩৩৫', 'মালিকের পিতার নামে ৩৩৫', 0, 0, 0, 1, '251500', 7, '', '72365993924', 'emailaddr335@yopmail.com', '', '', 10, 15, 8, 1, '0000-00-00 00:00:00'),
(337, '336', '336', 'বাড়ির মালিকের নামে ৩৩৬', 'মালিকের পিতার নামে ৩৩৬', 0, 0, 0, 1, '766300', 3, '', '50644709643', 'emailaddr336@yopmail.com', '', '', 21, 25, 12, 1, '0000-00-00 00:00:00'),
(338, '337', '337', 'বাড়ির মালিকের নামে ৩৩৭', 'মালিকের পিতার নামে ৩৩৭', 0, 0, 0, 1, '786300', 6, '', '56845885731', 'emailaddr337@yopmail.com', '', '', 23, 16, 15, 1, '0000-00-00 00:00:00'),
(339, '338', '338', 'বাড়ির মালিকের নামে ৩৩৮', 'মালিকের পিতার নামে ৩৩৮', 0, 0, 0, 1, '250900', 9, '', '98345036318', 'emailaddr338@yopmail.com', '', '', 9, 8, 7, 1, '0000-00-00 00:00:00'),
(340, '339', '339', 'বাড়ির মালিকের নামে ৩৩৯', 'মালিকের পিতার নামে ৩৩৯', 0, 0, 0, 1, '302200', 3, '', '91247533600', 'emailaddr339@yopmail.com', '', '', 28, 3, 22, 1, '0000-00-00 00:00:00'),
(341, '340', '340', 'বাড়ির মালিকের নামে ৩৪০', 'মালিকের পিতার নামে ৩৪০', 0, 0, 0, 1, '530800', 8, '', '19222099543', 'emailaddr340@yopmail.com', '', '', 4, 4, 17, 1, '0000-00-00 00:00:00'),
(342, '341', '341', 'বাড়ির মালিকের নামে ৩৪১', 'মালিকের পিতার নামে ৩৪১', 0, 0, 0, 1, '842700', 5, '', '13493667938', 'emailaddr341@yopmail.com', '', '', 19, 1, 10, 1, '0000-00-00 00:00:00'),
(343, '342', '342', 'বাড়ির মালিকের নামে ৩৪২', 'মালিকের পিতার নামে ৩৪২', 0, 0, 0, 1, '348600', 4, '', '33657756855', 'emailaddr342@yopmail.com', '', '', 10, 1, 7, 1, '0000-00-00 00:00:00'),
(344, '343', '343', 'বাড়ির মালিকের নামে ৩৪৩', 'মালিকের পিতার নামে ৩৪৩', 0, 0, 0, 1, '669000', 4, '', '98515407029', 'emailaddr343@yopmail.com', '', '', 6, 14, 5, 1, '0000-00-00 00:00:00'),
(345, '344', '344', 'বাড়ির মালিকের নামে ৩৪৪', 'মালিকের পিতার নামে ৩৪৪', 0, 0, 0, 1, '998600', 9, '', '92113271721', 'emailaddr344@yopmail.com', '', '', 6, 20, 6, 1, '0000-00-00 00:00:00'),
(346, '345', '345', 'বাড়ির মালিকের নামে ৩৪৫', 'মালিকের পিতার নামে ৩৪৫', 0, 0, 0, 1, '799200', 4, '', '27527463869', 'emailaddr345@yopmail.com', '', '', 12, 2, 22, 1, '0000-00-00 00:00:00'),
(347, '346', '346', 'বাড়ির মালিকের নামে ৩৪৬', 'মালিকের পিতার নামে ৩৪৬', 0, 0, 0, 1, '825400', 7, '', '70002065772', 'emailaddr346@yopmail.com', '', '', 23, 11, 26, 1, '0000-00-00 00:00:00'),
(348, '347', '347', 'বাড়ির মালিকের নামে ৩৪৭', 'মালিকের পিতার নামে ৩৪৭', 0, 0, 0, 1, '729100', 4, '', '77898008605', 'emailaddr347@yopmail.com', '', '', 11, 16, 6, 1, '0000-00-00 00:00:00'),
(349, '348', '348', 'বাড়ির মালিকের নামে ৩৪৮', 'মালিকের পিতার নামে ৩৪৮', 0, 0, 0, 1, '473500', 4, '', '73100236400', 'emailaddr348@yopmail.com', '', '', 1, 4, 5, 1, '0000-00-00 00:00:00'),
(350, '349', '349', 'বাড়ির মালিকের নামে ৩৪৯', 'মালিকের পিতার নামে ৩৪৯', 0, 0, 0, 1, '158900', 8, '', '49616911103', 'emailaddr349@yopmail.com', '', '', 22, 29, 18, 1, '0000-00-00 00:00:00'),
(351, '350', '350', 'বাড়ির মালিকের নামে ৩৫০', 'মালিকের পিতার নামে ৩৫০', 0, 0, 0, 1, '222500', 10, '', '90012607068', 'emailaddr350@yopmail.com', '', '', 8, 12, 5, 1, '0000-00-00 00:00:00'),
(352, '351', '351', 'বাড়ির মালিকের নামে ৩৫১', 'মালিকের পিতার নামে ৩৫১', 0, 0, 0, 1, '466700', 10, '', '31351475832', 'emailaddr351@yopmail.com', '', '', 22, 11, 11, 1, '0000-00-00 00:00:00'),
(353, '352', '352', 'বাড়ির মালিকের নামে ৩৫২', 'মালিকের পিতার নামে ৩৫২', 0, 0, 0, 1, '464300', 3, '', '73226252780', 'emailaddr352@yopmail.com', '', '', 12, 2, 1, 1, '0000-00-00 00:00:00'),
(354, '353', '353', 'বাড়ির মালিকের নামে ৩৫৩', 'মালিকের পিতার নামে ৩৫৩', 0, 0, 0, 1, '959700', 8, '', '83552651363', 'emailaddr353@yopmail.com', '', '', 16, 8, 24, 1, '0000-00-00 00:00:00'),
(355, '354', '354', 'বাড়ির মালিকের নামে ৩৫৪', 'মালিকের পিতার নামে ৩৫৪', 0, 0, 0, 1, '566900', 8, '', '31784330274', 'emailaddr354@yopmail.com', '', '', 8, 20, 2, 1, '0000-00-00 00:00:00'),
(356, '355', '355', 'বাড়ির মালিকের নামে ৩৫৫', 'মালিকের পিতার নামে ৩৫৫', 0, 0, 0, 1, '305600', 7, '', '20047143990', 'emailaddr355@yopmail.com', '', '', 20, 18, 8, 1, '0000-00-00 00:00:00'),
(357, '356', '356', 'বাড়ির মালিকের নামে ৩৫৬', 'মালিকের পিতার নামে ৩৫৬', 0, 0, 0, 1, '534200', 10, '', '31885326155', 'emailaddr356@yopmail.com', '', '', 28, 21, 25, 1, '0000-00-00 00:00:00'),
(358, '357', '357', 'বাড়ির মালিকের নামে ৩৫৭', 'মালিকের পিতার নামে ৩৫৭', 0, 0, 0, 1, '368800', 8, '', '28448971014', 'emailaddr357@yopmail.com', '', '', 30, 17, 21, 1, '0000-00-00 00:00:00'),
(359, '358', '358', 'বাড়ির মালিকের নামে ৩৫৮', 'মালিকের পিতার নামে ৩৫৮', 0, 0, 0, 1, '890900', 10, '', '67324374251', 'emailaddr358@yopmail.com', '', '', 30, 24, 24, 1, '0000-00-00 00:00:00'),
(360, '359', '359', 'বাড়ির মালিকের নামে ৩৫৯', 'মালিকের পিতার নামে ৩৫৯', 0, 0, 0, 1, '378300', 8, '', '52397214793', 'emailaddr359@yopmail.com', '', '', 7, 7, 3, 1, '0000-00-00 00:00:00'),
(361, '360', '360', 'বাড়ির মালিকের নামে ৩৬০', 'মালিকের পিতার নামে ৩৬০', 0, 0, 0, 1, '179700', 5, '', '51425872157', 'emailaddr360@yopmail.com', '', '', 30, 26, 17, 1, '0000-00-00 00:00:00'),
(362, '361', '361', 'বাড়ির মালিকের নামে ৩৬১', 'মালিকের পিতার নামে ৩৬১', 0, 0, 0, 1, '310900', 7, '', '95252122749', 'emailaddr361@yopmail.com', '', '', 10, 17, 8, 1, '0000-00-00 00:00:00'),
(363, '362', '362', 'বাড়ির মালিকের নামে ৩৬২', 'মালিকের পিতার নামে ৩৬২', 0, 0, 0, 1, '144500', 7, '', '63370043633', 'emailaddr362@yopmail.com', '', '', 1, 4, 18, 1, '0000-00-00 00:00:00'),
(364, '363', '363', 'বাড়ির মালিকের নামে ৩৬৩', 'মালিকের পিতার নামে ৩৬৩', 0, 0, 0, 1, '833000', 9, '', '33336110374', 'emailaddr363@yopmail.com', '', '', 20, 14, 2, 1, '0000-00-00 00:00:00'),
(365, '364', '364', 'বাড়ির মালিকের নামে ৩৬৪', 'মালিকের পিতার নামে ৩৬৪', 0, 0, 0, 1, '360500', 4, '', '93826862789', 'emailaddr364@yopmail.com', '', '', 21, 29, 29, 1, '0000-00-00 00:00:00'),
(366, '365', '365', 'বাড়ির মালিকের নামে ৩৬৫', 'মালিকের পিতার নামে ৩৬৫', 0, 0, 0, 1, '223900', 5, '', '77467704466', 'emailaddr365@yopmail.com', '', '', 18, 23, 5, 1, '0000-00-00 00:00:00'),
(367, '366', '366', 'বাড়ির মালিকের নামে ৩৬৬', 'মালিকের পিতার নামে ৩৬৬', 0, 0, 0, 1, '816300', 4, '', '49908436927', 'emailaddr366@yopmail.com', '', '', 1, 21, 20, 1, '0000-00-00 00:00:00'),
(368, '367', '367', 'বাড়ির মালিকের নামে ৩৬৭', 'মালিকের পিতার নামে ৩৬৭', 0, 0, 0, 1, '957800', 10, '', '60550706629', 'emailaddr367@yopmail.com', '', '', 7, 13, 21, 1, '0000-00-00 00:00:00'),
(369, '368', '368', 'বাড়ির মালিকের নামে ৩৬৮', 'মালিকের পিতার নামে ৩৬৮', 0, 0, 0, 1, '147300', 10, '', '27171559226', 'emailaddr368@yopmail.com', '', '', 3, 14, 6, 1, '0000-00-00 00:00:00'),
(370, '369', '369', 'বাড়ির মালিকের নামে ৩৬৯', 'মালিকের পিতার নামে ৩৬৯', 0, 0, 0, 1, '474700', 10, '', '57520017910', 'emailaddr369@yopmail.com', '', '', 1, 17, 27, 1, '0000-00-00 00:00:00'),
(371, '370', '370', 'বাড়ির মালিকের নামে ৩৭০', 'মালিকের পিতার নামে ৩৭০', 0, 0, 0, 1, '566600', 8, '', '96420989387', 'emailaddr370@yopmail.com', '', '', 6, 28, 9, 1, '0000-00-00 00:00:00'),
(372, '371', '371', 'বাড়ির মালিকের নামে ৩৭১', 'মালিকের পিতার নামে ৩৭১', 0, 0, 0, 1, '353000', 5, '', '27277851192', 'emailaddr371@yopmail.com', '', '', 6, 20, 27, 1, '0000-00-00 00:00:00'),
(373, '372', '372', 'বাড়ির মালিকের নামে ৩৭২', 'মালিকের পিতার নামে ৩৭২', 0, 0, 0, 1, '863700', 3, '', '24623597182', 'emailaddr372@yopmail.com', '', '', 30, 27, 4, 1, '0000-00-00 00:00:00'),
(374, '373', '373', 'বাড়ির মালিকের নামে ৩৭৩', 'মালিকের পিতার নামে ৩৭৩', 0, 0, 0, 1, '892800', 3, '', '29472109093', 'emailaddr373@yopmail.com', '', '', 9, 27, 1, 1, '0000-00-00 00:00:00'),
(375, '374', '374', 'বাড়ির মালিকের নামে ৩৭৪', 'মালিকের পিতার নামে ৩৭৪', 0, 0, 0, 1, '571800', 7, '', '90224235947', 'emailaddr374@yopmail.com', '', '', 3, 6, 5, 1, '0000-00-00 00:00:00'),
(376, '375', '375', 'বাড়ির মালিকের নামে ৩৭৫', 'মালিকের পিতার নামে ৩৭৫', 0, 0, 0, 1, '984800', 10, '', '49996516901', 'emailaddr375@yopmail.com', '', '', 1, 27, 22, 1, '0000-00-00 00:00:00'),
(377, '376', '376', 'বাড়ির মালিকের নামে ৩৭৬', 'মালিকের পিতার নামে ৩৭৬', 0, 0, 0, 1, '396000', 9, '', '65247099811', 'emailaddr376@yopmail.com', '', '', 24, 26, 6, 1, '0000-00-00 00:00:00'),
(378, '377', '377', 'বাড়ির মালিকের নামে ৩৭৭', 'মালিকের পিতার নামে ৩৭৭', 0, 0, 0, 1, '543600', 9, '', '32096782249', 'emailaddr377@yopmail.com', '', '', 16, 18, 14, 1, '0000-00-00 00:00:00'),
(379, '378', '378', 'বাড়ির মালিকের নামে ৩৭৮', 'মালিকের পিতার নামে ৩৭৮', 0, 0, 0, 1, '459600', 9, '', '88576399974', 'emailaddr378@yopmail.com', '', '', 28, 6, 15, 1, '0000-00-00 00:00:00'),
(380, '379', '379', 'বাড়ির মালিকের নামে ৩৭৯', 'মালিকের পিতার নামে ৩৭৯', 0, 0, 0, 1, '889900', 8, '', '24725471810', 'emailaddr379@yopmail.com', '', '', 8, 27, 15, 1, '0000-00-00 00:00:00'),
(381, '380', '380', 'বাড়ির মালিকের নামে ৩৮০', 'মালিকের পিতার নামে ৩৮০', 0, 0, 0, 1, '592800', 10, '', '73828706679', 'emailaddr380@yopmail.com', '', '', 13, 13, 10, 1, '0000-00-00 00:00:00'),
(382, '381', '381', 'বাড়ির মালিকের নামে ৩৮১', 'মালিকের পিতার নামে ৩৮১', 0, 0, 0, 1, '455200', 7, '', '47409045257', 'emailaddr381@yopmail.com', '', '', 18, 7, 28, 1, '0000-00-00 00:00:00'),
(383, '382', '382', 'বাড়ির মালিকের নামে ৩৮২', 'মালিকের পিতার নামে ৩৮২', 0, 0, 0, 1, '113200', 5, '', '56689471048', 'emailaddr382@yopmail.com', '', '', 15, 1, 2, 1, '0000-00-00 00:00:00'),
(384, '383', '383', 'বাড়ির মালিকের নামে ৩৮৩', 'মালিকের পিতার নামে ৩৮৩', 0, 0, 0, 1, '701000', 10, '', '21152508686', 'emailaddr383@yopmail.com', '', '', 19, 17, 13, 1, '0000-00-00 00:00:00'),
(385, '384', '384', 'বাড়ির মালিকের নামে ৩৮৪', 'মালিকের পিতার নামে ৩৮৪', 0, 0, 0, 1, '847700', 8, '', '57340305698', 'emailaddr384@yopmail.com', '', '', 2, 21, 21, 1, '0000-00-00 00:00:00'),
(386, '385', '385', 'বাড়ির মালিকের নামে ৩৮৫', 'মালিকের পিতার নামে ৩৮৫', 0, 0, 0, 1, '900100', 5, '', '66139512386', 'emailaddr385@yopmail.com', '', '', 3, 18, 23, 1, '0000-00-00 00:00:00'),
(387, '386', '386', 'বাড়ির মালিকের নামে ৩৮৬', 'মালিকের পিতার নামে ৩৮৬', 0, 0, 0, 1, '253700', 9, '', '30254765200', 'emailaddr386@yopmail.com', '', '', 16, 29, 27, 1, '0000-00-00 00:00:00'),
(388, '387', '387', 'বাড়ির মালিকের নামে ৩৮৭', 'মালিকের পিতার নামে ৩৮৭', 0, 0, 0, 1, '748900', 7, '', '63271789290', 'emailaddr387@yopmail.com', '', '', 17, 29, 17, 1, '0000-00-00 00:00:00'),
(389, '388', '388', 'বাড়ির মালিকের নামে ৩৮৮', 'মালিকের পিতার নামে ৩৮৮', 0, 0, 0, 1, '491400', 3, '', '75882380733', 'emailaddr388@yopmail.com', '', '', 28, 11, 1, 1, '0000-00-00 00:00:00'),
(390, '389', '389', 'বাড়ির মালিকের নামে ৩৮৯', 'মালিকের পিতার নামে ৩৮৯', 0, 0, 0, 1, '886800', 4, '', '12988545348', 'emailaddr389@yopmail.com', '', '', 18, 27, 9, 1, '0000-00-00 00:00:00'),
(391, '390', '390', 'বাড়ির মালিকের নামে ৩৯০', 'মালিকের পিতার নামে ৩৯০', 0, 0, 0, 1, '392400', 9, '', '47216048114', 'emailaddr390@yopmail.com', '', '', 22, 18, 12, 1, '0000-00-00 00:00:00'),
(392, '391', '391', 'বাড়ির মালিকের নামে ৩৯১', 'মালিকের পিতার নামে ৩৯১', 0, 0, 0, 1, '638600', 10, '', '89347157085', 'emailaddr391@yopmail.com', '', '', 24, 18, 24, 1, '0000-00-00 00:00:00'),
(393, '392', '392', 'বাড়ির মালিকের নামে ৩৯২', 'মালিকের পিতার নামে ৩৯২', 0, 0, 0, 1, '447000', 3, '', '89290152070', 'emailaddr392@yopmail.com', '', '', 1, 9, 1, 1, '0000-00-00 00:00:00'),
(394, '393', '393', 'বাড়ির মালিকের নামে ৩৯৩', 'মালিকের পিতার নামে ৩৯৩', 0, 0, 0, 1, '801900', 5, '', '95426720448', 'emailaddr393@yopmail.com', '', '', 2, 1, 5, 1, '0000-00-00 00:00:00'),
(395, '394', '394', 'বাড়ির মালিকের নামে ৩৯৪', 'মালিকের পিতার নামে ৩৯৪', 0, 0, 0, 1, '967300', 5, '', '47188925399', 'emailaddr394@yopmail.com', '', '', 4, 12, 4, 1, '0000-00-00 00:00:00'),
(396, '395', '395', 'বাড়ির মালিকের নামে ৩৯৫', 'মালিকের পিতার নামে ৩৯৫', 0, 0, 0, 1, '247600', 9, '', '26311165799', 'emailaddr395@yopmail.com', '', '', 28, 15, 29, 1, '0000-00-00 00:00:00'),
(397, '396', '396', 'বাড়ির মালিকের নামে ৩৯৬', 'মালিকের পিতার নামে ৩৯৬', 0, 0, 0, 1, '317300', 8, '', '41502875775', 'emailaddr396@yopmail.com', '', '', 7, 21, 25, 1, '0000-00-00 00:00:00'),
(398, '397', '397', 'বাড়ির মালিকের নামে ৩৯৭', 'মালিকের পিতার নামে ৩৯৭', 0, 0, 0, 1, '507100', 6, '', '76563472938', 'emailaddr397@yopmail.com', '', '', 13, 2, 2, 1, '0000-00-00 00:00:00'),
(399, '398', '398', 'বাড়ির মালিকের নামে ৩৯৮', 'মালিকের পিতার নামে ৩৯৮', 0, 0, 0, 1, '970300', 5, '', '82542005584', 'emailaddr398@yopmail.com', '', '', 12, 5, 21, 1, '0000-00-00 00:00:00'),
(400, '399', '399', 'বাড়ির মালিকের নামে ৩৯৯', 'মালিকের পিতার নামে ৩৯৯', 0, 0, 0, 1, '676900', 5, '', '64737217983', 'emailaddr399@yopmail.com', '', '', 27, 11, 25, 1, '0000-00-00 00:00:00'),
(401, '400', '400', 'বাড়ির মালিকের নামে ৪০০', 'মালিকের পিতার নামে ৪০০', 0, 0, 0, 1, '744500', 6, '', '22267376221', 'emailaddr400@yopmail.com', '', '', 16, 28, 13, 1, '0000-00-00 00:00:00'),
(402, '401', '401', 'বাড়ির মালিকের নামে ৪০১', 'মালিকের পিতার নামে ৪০১', 0, 0, 0, 1, '482500', 9, '', '85655482694', 'emailaddr401@yopmail.com', '', '', 10, 18, 14, 1, '0000-00-00 00:00:00'),
(403, '402', '402', 'বাড়ির মালিকের নামে ৪০২', 'মালিকের পিতার নামে ৪০২', 0, 0, 0, 1, '894500', 6, '', '73847645413', 'emailaddr402@yopmail.com', '', '', 29, 17, 28, 1, '0000-00-00 00:00:00'),
(404, '403', '403', 'বাড়ির মালিকের নামে ৪০৩', 'মালিকের পিতার নামে ৪০৩', 0, 0, 0, 1, '222500', 5, '', '89727408332', 'emailaddr403@yopmail.com', '', '', 16, 2, 10, 1, '0000-00-00 00:00:00'),
(405, '404', '404', 'বাড়ির মালিকের নামে ৪০৪', 'মালিকের পিতার নামে ৪০৪', 0, 0, 0, 1, '985500', 7, '', '88192578474', 'emailaddr404@yopmail.com', '', '', 29, 8, 17, 1, '0000-00-00 00:00:00'),
(406, '405', '405', 'বাড়ির মালিকের নামে ৪০৫', 'মালিকের পিতার নামে ৪০৫', 0, 0, 0, 1, '670200', 7, '', '85972933101', 'emailaddr405@yopmail.com', '', '', 1, 21, 14, 1, '0000-00-00 00:00:00'),
(407, '406', '406', 'বাড়ির মালিকের নামে ৪০৬', 'মালিকের পিতার নামে ৪০৬', 0, 0, 0, 1, '128700', 9, '', '93545032725', 'emailaddr406@yopmail.com', '', '', 5, 11, 9, 1, '0000-00-00 00:00:00'),
(408, '407', '407', 'বাড়ির মালিকের নামে ৪০৭', 'মালিকের পিতার নামে ৪০৭', 0, 0, 0, 1, '138500', 8, '', '44365028866', 'emailaddr407@yopmail.com', '', '', 29, 6, 27, 1, '0000-00-00 00:00:00'),
(409, '408', '408', 'বাড়ির মালিকের নামে ৪০৮', 'মালিকের পিতার নামে ৪০৮', 0, 0, 0, 1, '486400', 3, '', '92439940232', 'emailaddr408@yopmail.com', '', '', 12, 17, 17, 1, '0000-00-00 00:00:00'),
(410, '409', '409', 'বাড়ির মালিকের নামে ৪০৯', 'মালিকের পিতার নামে ৪০৯', 0, 0, 0, 1, '589000', 7, '', '82203021401', 'emailaddr409@yopmail.com', '', '', 13, 25, 26, 1, '0000-00-00 00:00:00'),
(411, '410', '410', 'বাড়ির মালিকের নামে ৪১০', 'মালিকের পিতার নামে ৪১০', 0, 0, 0, 1, '359300', 4, '', '76885138017', 'emailaddr410@yopmail.com', '', '', 9, 21, 23, 1, '0000-00-00 00:00:00'),
(412, '411', '411', 'বাড়ির মালিকের নামে ৪১১', 'মালিকের পিতার নামে ৪১১', 0, 0, 0, 1, '132000', 10, '', '19567243950', 'emailaddr411@yopmail.com', '', '', 16, 10, 7, 1, '0000-00-00 00:00:00'),
(413, '412', '412', 'বাড়ির মালিকের নামে ৪১২', 'মালিকের পিতার নামে ৪১২', 0, 0, 0, 1, '773500', 7, '', '70662249207', 'emailaddr412@yopmail.com', '', '', 6, 15, 3, 1, '0000-00-00 00:00:00'),
(414, '413', '413', 'বাড়ির মালিকের নামে ৪১৩', 'মালিকের পিতার নামে ৪১৩', 0, 0, 0, 1, '391800', 4, '', '79940280917', 'emailaddr413@yopmail.com', '', '', 18, 8, 17, 1, '0000-00-00 00:00:00'),
(415, '414', '414', 'বাড়ির মালিকের নামে ৪১৪', 'মালিকের পিতার নামে ৪১৪', 0, 0, 0, 1, '269300', 8, '', '89993812242', 'emailaddr414@yopmail.com', '', '', 8, 9, 27, 1, '0000-00-00 00:00:00'),
(416, '415', '415', 'বাড়ির মালিকের নামে ৪১৫', 'মালিকের পিতার নামে ৪১৫', 0, 0, 0, 1, '942600', 8, '', '34978860580', 'emailaddr415@yopmail.com', '', '', 14, 18, 25, 1, '0000-00-00 00:00:00'),
(417, '416', '416', 'বাড়ির মালিকের নামে ৪১৬', 'মালিকের পিতার নামে ৪১৬', 0, 0, 0, 1, '789800', 5, '', '14767619879', 'emailaddr416@yopmail.com', '', '', 21, 5, 10, 1, '0000-00-00 00:00:00'),
(418, '417', '417', 'বাড়ির মালিকের নামে ৪১৭', 'মালিকের পিতার নামে ৪১৭', 0, 0, 0, 1, '358600', 6, '', '38154109950', 'emailaddr417@yopmail.com', '', '', 21, 29, 14, 1, '0000-00-00 00:00:00'),
(419, '418', '418', 'বাড়ির মালিকের নামে ৪১৮', 'মালিকের পিতার নামে ৪১৮', 0, 0, 0, 1, '803100', 5, '', '42244127621', 'emailaddr418@yopmail.com', '', '', 13, 5, 5, 1, '0000-00-00 00:00:00'),
(420, '419', '419', 'বাড়ির মালিকের নামে ৪১৯', 'মালিকের পিতার নামে ৪১৯', 0, 0, 0, 1, '281000', 9, '', '82249170698', 'emailaddr419@yopmail.com', '', '', 27, 12, 7, 1, '0000-00-00 00:00:00'),
(421, '420', '420', 'বাড়ির মালিকের নামে ৪২০', 'মালিকের পিতার নামে ৪২০', 0, 0, 0, 1, '390300', 4, '', '97298011441', 'emailaddr420@yopmail.com', '', '', 14, 23, 17, 1, '0000-00-00 00:00:00'),
(422, '421', '421', 'বাড়ির মালিকের নামে ৪২১', 'মালিকের পিতার নামে ৪২১', 0, 0, 0, 1, '967700', 10, '', '85603541699', 'emailaddr421@yopmail.com', '', '', 11, 24, 13, 1, '0000-00-00 00:00:00'),
(423, '422', '422', 'বাড়ির মালিকের নামে ৪২২', 'মালিকের পিতার নামে ৪২২', 0, 0, 0, 1, '352300', 3, '', '30152942410', 'emailaddr422@yopmail.com', '', '', 13, 8, 7, 1, '0000-00-00 00:00:00'),
(424, '423', '423', 'বাড়ির মালিকের নামে ৪২৩', 'মালিকের পিতার নামে ৪২৩', 0, 0, 0, 1, '359500', 9, '', '84261093520', 'emailaddr423@yopmail.com', '', '', 14, 3, 11, 1, '0000-00-00 00:00:00'),
(425, '424', '424', 'বাড়ির মালিকের নামে ৪২৪', 'মালিকের পিতার নামে ৪২৪', 0, 0, 0, 1, '832300', 10, '', '79130822762', 'emailaddr424@yopmail.com', '', '', 12, 9, 7, 1, '0000-00-00 00:00:00'),
(426, '425', '425', 'বাড়ির মালিকের নামে ৪২৫', 'মালিকের পিতার নামে ৪২৫', 0, 0, 0, 1, '374500', 8, '', '24877563444', 'emailaddr425@yopmail.com', '', '', 2, 9, 16, 1, '0000-00-00 00:00:00'),
(427, '426', '426', 'বাড়ির মালিকের নামে ৪২৬', 'মালিকের পিতার নামে ৪২৬', 0, 0, 0, 1, '516100', 10, '', '87204231503', 'emailaddr426@yopmail.com', '', '', 29, 10, 20, 1, '0000-00-00 00:00:00'),
(428, '427', '427', 'বাড়ির মালিকের নামে ৪২৭', 'মালিকের পিতার নামে ৪২৭', 0, 0, 0, 1, '378100', 5, '', '24434290815', 'emailaddr427@yopmail.com', '', '', 9, 1, 18, 1, '0000-00-00 00:00:00'),
(429, '428', '428', 'বাড়ির মালিকের নামে ৪২৮', 'মালিকের পিতার নামে ৪২৮', 0, 0, 0, 1, '957500', 3, '', '16063789307', 'emailaddr428@yopmail.com', '', '', 12, 11, 1, 1, '0000-00-00 00:00:00'),
(430, '429', '429', 'বাড়ির মালিকের নামে ৪২৯', 'মালিকের পিতার নামে ৪২৯', 0, 0, 0, 1, '561500', 5, '', '99511058931', 'emailaddr429@yopmail.com', '', '', 3, 16, 26, 1, '0000-00-00 00:00:00'),
(431, '430', '430', 'বাড়ির মালিকের নামে ৪৩০', 'মালিকের পিতার নামে ৪৩০', 0, 0, 0, 1, '216700', 9, '', '88669313919', 'emailaddr430@yopmail.com', '', '', 27, 30, 18, 1, '0000-00-00 00:00:00'),
(432, '431', '431', 'বাড়ির মালিকের নামে ৪৩১', 'মালিকের পিতার নামে ৪৩১', 0, 0, 0, 1, '579700', 4, '', '86695243529', 'emailaddr431@yopmail.com', '', '', 18, 8, 20, 1, '0000-00-00 00:00:00'),
(433, '432', '432', 'বাড়ির মালিকের নামে ৪৩২', 'মালিকের পিতার নামে ৪৩২', 0, 0, 0, 1, '270700', 7, '', '99081912306', 'emailaddr432@yopmail.com', '', '', 21, 24, 27, 1, '0000-00-00 00:00:00'),
(434, '433', '433', 'বাড়ির মালিকের নামে ৪৩৩', 'মালিকের পিতার নামে ৪৩৩', 0, 0, 0, 1, '438900', 7, '', '51279495410', 'emailaddr433@yopmail.com', '', '', 8, 24, 16, 1, '0000-00-00 00:00:00'),
(435, '434', '434', 'বাড়ির মালিকের নামে ৪৩৪', 'মালিকের পিতার নামে ৪৩৪', 0, 0, 0, 1, '416900', 6, '', '51895422123', 'emailaddr434@yopmail.com', '', '', 13, 25, 9, 1, '0000-00-00 00:00:00'),
(436, '435', '435', 'বাড়ির মালিকের নামে ৪৩৫', 'মালিকের পিতার নামে ৪৩৫', 0, 0, 0, 1, '576000', 8, '', '18351580991', 'emailaddr435@yopmail.com', '', '', 27, 27, 24, 1, '0000-00-00 00:00:00'),
(437, '436', '436', 'বাড়ির মালিকের নামে ৪৩৬', 'মালিকের পিতার নামে ৪৩৬', 0, 0, 0, 1, '940100', 5, '', '42289858307', 'emailaddr436@yopmail.com', '', '', 1, 10, 10, 1, '0000-00-00 00:00:00'),
(438, '437', '437', 'বাড়ির মালিকের নামে ৪৩৭', 'মালিকের পিতার নামে ৪৩৭', 0, 0, 0, 1, '719400', 5, '', '39709764545', 'emailaddr437@yopmail.com', '', '', 22, 5, 10, 1, '0000-00-00 00:00:00'),
(439, '438', '438', 'বাড়ির মালিকের নামে ৪৩৮', 'মালিকের পিতার নামে ৪৩৮', 0, 0, 0, 1, '631600', 3, '', '79774787496', 'emailaddr438@yopmail.com', '', '', 29, 5, 27, 1, '0000-00-00 00:00:00'),
(440, '439', '439', 'বাড়ির মালিকের নামে ৪৩৯', 'মালিকের পিতার নামে ৪৩৯', 0, 0, 0, 1, '668100', 7, '', '71577088845', 'emailaddr439@yopmail.com', '', '', 30, 15, 25, 1, '0000-00-00 00:00:00'),
(441, '440', '440', 'বাড়ির মালিকের নামে ৪৪০', 'মালিকের পিতার নামে ৪৪০', 0, 0, 0, 1, '470500', 5, '', '68963155200', 'emailaddr440@yopmail.com', '', '', 19, 8, 9, 1, '0000-00-00 00:00:00'),
(442, '441', '441', 'বাড়ির মালিকের নামে ৪৪১', 'মালিকের পিতার নামে ৪৪১', 0, 0, 0, 1, '971800', 7, '', '17399614573', 'emailaddr441@yopmail.com', '', '', 23, 19, 10, 1, '0000-00-00 00:00:00'),
(443, '442', '442', 'বাড়ির মালিকের নামে ৪৪২', 'মালিকের পিতার নামে ৪৪২', 0, 0, 0, 1, '224500', 4, '', '57775563402', 'emailaddr442@yopmail.com', '', '', 4, 23, 7, 1, '0000-00-00 00:00:00'),
(444, '443', '443', 'বাড়ির মালিকের নামে ৪৪৩', 'মালিকের পিতার নামে ৪৪৩', 0, 0, 0, 1, '379800', 10, '', '89154388317', 'emailaddr443@yopmail.com', '', '', 14, 14, 19, 1, '0000-00-00 00:00:00'),
(445, '444', '444', 'বাড়ির মালিকের নামে ৪৪৪', 'মালিকের পিতার নামে ৪৪৪', 0, 0, 0, 1, '139500', 9, '', '85289877911', 'emailaddr444@yopmail.com', '', '', 9, 4, 13, 1, '0000-00-00 00:00:00'),
(446, '445', '445', 'বাড়ির মালিকের নামে ৪৪৫', 'মালিকের পিতার নামে ৪৪৫', 0, 0, 0, 1, '739100', 9, '', '16017552932', 'emailaddr445@yopmail.com', '', '', 23, 23, 10, 1, '0000-00-00 00:00:00'),
(447, '446', '446', 'বাড়ির মালিকের নামে ৪৪৬', 'মালিকের পিতার নামে ৪৪৬', 0, 0, 0, 1, '637500', 3, '', '50453360165', 'emailaddr446@yopmail.com', '', '', 8, 11, 21, 1, '0000-00-00 00:00:00'),
(448, '447', '447', 'বাড়ির মালিকের নামে ৪৪৭', 'মালিকের পিতার নামে ৪৪৭', 0, 0, 0, 1, '527800', 7, '', '50989314884', 'emailaddr447@yopmail.com', '', '', 20, 18, 17, 1, '0000-00-00 00:00:00'),
(449, '448', '448', 'বাড়ির মালিকের নামে ৪৪৮', 'মালিকের পিতার নামে ৪৪৮', 0, 0, 0, 1, '689900', 7, '', '26399422902', 'emailaddr448@yopmail.com', '', '', 20, 5, 2, 1, '0000-00-00 00:00:00'),
(450, '449', '449', 'বাড়ির মালিকের নামে ৪৪৯', 'মালিকের পিতার নামে ৪৪৯', 0, 0, 0, 1, '944400', 9, '', '30775314386', 'emailaddr449@yopmail.com', '', '', 27, 20, 19, 1, '0000-00-00 00:00:00'),
(451, '450', '450', 'বাড়ির মালিকের নামে ৪৫০', 'মালিকের পিতার নামে ৪৫০', 0, 0, 0, 1, '170600', 6, '', '56649759146', 'emailaddr450@yopmail.com', '', '', 16, 16, 1, 1, '0000-00-00 00:00:00'),
(452, '451', '451', 'বাড়ির মালিকের নামে ৪৫১', 'মালিকের পিতার নামে ৪৫১', 0, 0, 0, 1, '464400', 8, '', '83571543379', 'emailaddr451@yopmail.com', '', '', 27, 26, 19, 1, '0000-00-00 00:00:00'),
(453, '452', '452', 'বাড়ির মালিকের নামে ৪৫২', 'মালিকের পিতার নামে ৪৫২', 0, 0, 0, 1, '528900', 10, '', '77282564517', 'emailaddr452@yopmail.com', '', '', 2, 25, 15, 1, '0000-00-00 00:00:00'),
(454, '453', '453', 'বাড়ির মালিকের নামে ৪৫৩', 'মালিকের পিতার নামে ৪৫৩', 0, 0, 0, 1, '910900', 8, '', '67247136380', 'emailaddr453@yopmail.com', '', '', 21, 13, 12, 1, '0000-00-00 00:00:00'),
(455, '454', '454', 'বাড়ির মালিকের নামে ৪৫৪', 'মালিকের পিতার নামে ৪৫৪', 0, 0, 0, 1, '966000', 4, '', '74281863522', 'emailaddr454@yopmail.com', '', '', 6, 16, 4, 1, '0000-00-00 00:00:00'),
(456, '455', '455', 'বাড়ির মালিকের নামে ৪৫৫', 'মালিকের পিতার নামে ৪৫৫', 0, 0, 0, 1, '503600', 9, '', '81754828965', 'emailaddr455@yopmail.com', '', '', 3, 30, 24, 1, '0000-00-00 00:00:00'),
(457, '456', '456', 'বাড়ির মালিকের নামে ৪৫৬', 'মালিকের পিতার নামে ৪৫৬', 0, 0, 0, 1, '949100', 6, '', '89335153246', 'emailaddr456@yopmail.com', '', '', 23, 21, 13, 1, '0000-00-00 00:00:00'),
(458, '457', '457', 'বাড়ির মালিকের নামে ৪৫৭', 'মালিকের পিতার নামে ৪৫৭', 0, 0, 0, 1, '816200', 7, '', '82746402754', 'emailaddr457@yopmail.com', '', '', 26, 26, 24, 1, '0000-00-00 00:00:00'),
(459, '458', '458', 'বাড়ির মালিকের নামে ৪৫৮', 'মালিকের পিতার নামে ৪৫৮', 0, 0, 0, 1, '383900', 3, '', '54404191643', 'emailaddr458@yopmail.com', '', '', 23, 1, 12, 1, '0000-00-00 00:00:00'),
(460, '459', '459', 'বাড়ির মালিকের নামে ৪৫৯', 'মালিকের পিতার নামে ৪৫৯', 0, 0, 0, 1, '887600', 5, '', '25728393625', 'emailaddr459@yopmail.com', '', '', 28, 30, 27, 1, '0000-00-00 00:00:00'),
(461, '460', '460', 'বাড়ির মালিকের নামে ৪৬০', 'মালিকের পিতার নামে ৪৬০', 0, 0, 0, 1, '813600', 7, '', '88439661434', 'emailaddr460@yopmail.com', '', '', 25, 6, 18, 1, '0000-00-00 00:00:00'),
(462, '461', '461', 'বাড়ির মালিকের নামে ৪৬১', 'মালিকের পিতার নামে ৪৬১', 0, 0, 0, 1, '963400', 4, '', '41557651445', 'emailaddr461@yopmail.com', '', '', 30, 21, 9, 1, '0000-00-00 00:00:00'),
(463, '462', '462', 'বাড়ির মালিকের নামে ৪৬২', 'মালিকের পিতার নামে ৪৬২', 0, 0, 0, 1, '844800', 4, '', '11795343990', 'emailaddr462@yopmail.com', '', '', 14, 4, 26, 1, '0000-00-00 00:00:00'),
(464, '463', '463', 'বাড়ির মালিকের নামে ৪৬৩', 'মালিকের পিতার নামে ৪৬৩', 0, 0, 0, 1, '871200', 6, '', '77053951929', 'emailaddr463@yopmail.com', '', '', 23, 2, 2, 1, '0000-00-00 00:00:00'),
(465, '464', '464', 'বাড়ির মালিকের নামে ৪৬৪', 'মালিকের পিতার নামে ৪৬৪', 0, 0, 0, 1, '944300', 9, '', '70391528877', 'emailaddr464@yopmail.com', '', '', 12, 16, 30, 1, '0000-00-00 00:00:00'),
(466, '465', '465', 'বাড়ির মালিকের নামে ৪৬৫', 'মালিকের পিতার নামে ৪৬৫', 0, 0, 0, 1, '324700', 9, '', '86332864344', 'emailaddr465@yopmail.com', '', '', 11, 12, 3, 1, '0000-00-00 00:00:00'),
(467, '466', '466', 'বাড়ির মালিকের নামে ৪৬৬', 'মালিকের পিতার নামে ৪৬৬', 0, 0, 0, 1, '386200', 8, '', '39672701082', 'emailaddr466@yopmail.com', '', '', 4, 3, 17, 1, '0000-00-00 00:00:00'),
(468, '467', '467', 'বাড়ির মালিকের নামে ৪৬৭', 'মালিকের পিতার নামে ৪৬৭', 0, 0, 0, 1, '422000', 10, '', '32606354385', 'emailaddr467@yopmail.com', '', '', 3, 19, 21, 1, '0000-00-00 00:00:00'),
(469, '468', '468', 'বাড়ির মালিকের নামে ৪৬৮', 'মালিকের পিতার নামে ৪৬৮', 0, 0, 0, 1, '492700', 7, '', '70670243020', 'emailaddr468@yopmail.com', '', '', 21, 26, 27, 1, '0000-00-00 00:00:00'),
(470, '469', '469', 'বাড়ির মালিকের নামে ৪৬৯', 'মালিকের পিতার নামে ৪৬৯', 0, 0, 0, 1, '914600', 7, '', '11804051880', 'emailaddr469@yopmail.com', '', '', 15, 8, 27, 1, '0000-00-00 00:00:00'),
(471, '470', '470', 'বাড়ির মালিকের নামে ৪৭০', 'মালিকের পিতার নামে ৪৭০', 0, 0, 0, 1, '407400', 8, '', '18089838670', 'emailaddr470@yopmail.com', '', '', 1, 9, 29, 1, '0000-00-00 00:00:00'),
(472, '471', '471', 'বাড়ির মালিকের নামে ৪৭১', 'মালিকের পিতার নামে ৪৭১', 0, 0, 0, 1, '496500', 3, '', '73223024992', 'emailaddr471@yopmail.com', '', '', 11, 28, 28, 1, '0000-00-00 00:00:00'),
(473, '472', '472', 'বাড়ির মালিকের নামে ৪৭২', 'মালিকের পিতার নামে ৪৭২', 0, 0, 0, 1, '445400', 8, '', '98960923617', 'emailaddr472@yopmail.com', '', '', 10, 5, 11, 1, '0000-00-00 00:00:00'),
(474, '473', '473', 'বাড়ির মালিকের নামে ৪৭৩', 'মালিকের পিতার নামে ৪৭৩', 0, 0, 0, 1, '374600', 8, '', '89666204509', 'emailaddr473@yopmail.com', '', '', 6, 9, 29, 1, '0000-00-00 00:00:00'),
(475, '474', '474', 'বাড়ির মালিকের নামে ৪৭৪', 'মালিকের পিতার নামে ৪৭৪', 0, 0, 0, 1, '147000', 3, '', '18983126142', 'emailaddr474@yopmail.com', '', '', 14, 15, 22, 1, '0000-00-00 00:00:00'),
(476, '475', '475', 'বাড়ির মালিকের নামে ৪৭৫', 'মালিকের পিতার নামে ৪৭৫', 0, 0, 0, 1, '604000', 6, '', '52640787666', 'emailaddr475@yopmail.com', '', '', 13, 8, 3, 1, '0000-00-00 00:00:00'),
(477, '476', '476', 'বাড়ির মালিকের নামে ৪৭৬', 'মালিকের পিতার নামে ৪৭৬', 0, 0, 0, 1, '785600', 6, '', '98893812255', 'emailaddr476@yopmail.com', '', '', 22, 10, 28, 1, '0000-00-00 00:00:00'),
(478, '477', '477', 'বাড়ির মালিকের নামে ৪৭৭', 'মালিকের পিতার নামে ৪৭৭', 0, 0, 0, 1, '865800', 9, '', '58353958258', 'emailaddr477@yopmail.com', '', '', 22, 16, 5, 1, '0000-00-00 00:00:00'),
(479, '478', '478', 'বাড়ির মালিকের নামে ৪৭৮', 'মালিকের পিতার নামে ৪৭৮', 0, 0, 0, 1, '850600', 4, '', '25631330922', 'emailaddr478@yopmail.com', '', '', 5, 21, 21, 1, '0000-00-00 00:00:00'),
(480, '479', '479', 'বাড়ির মালিকের নামে ৪৭৯', 'মালিকের পিতার নামে ৪৭৯', 0, 0, 0, 1, '667000', 8, '', '83655907982', 'emailaddr479@yopmail.com', '', '', 27, 7, 17, 1, '0000-00-00 00:00:00'),
(481, '480', '480', 'বাড়ির মালিকের নামে ৪৮০', 'মালিকের পিতার নামে ৪৮০', 0, 0, 0, 1, '694400', 3, '', '64274251568', 'emailaddr480@yopmail.com', '', '', 3, 8, 21, 1, '0000-00-00 00:00:00'),
(482, '481', '481', 'বাড়ির মালিকের নামে ৪৮১', 'মালিকের পিতার নামে ৪৮১', 0, 0, 0, 1, '318000', 6, '', '78203795955', 'emailaddr481@yopmail.com', '', '', 16, 3, 4, 1, '0000-00-00 00:00:00'),
(483, '482', '482', 'বাড়ির মালিকের নামে ৪৮২', 'মালিকের পিতার নামে ৪৮২', 0, 0, 0, 1, '850500', 3, '', '85799177640', 'emailaddr482@yopmail.com', '', '', 12, 12, 6, 1, '0000-00-00 00:00:00'),
(484, '483', '483', 'বাড়ির মালিকের নামে ৪৮৩', 'মালিকের পিতার নামে ৪৮৩', 0, 0, 0, 1, '999500', 9, '', '81231458973', 'emailaddr483@yopmail.com', '', '', 5, 13, 11, 1, '0000-00-00 00:00:00'),
(485, '484', '484', 'বাড়ির মালিকের নামে ৪৮৪', 'মালিকের পিতার নামে ৪৮৪', 0, 0, 0, 1, '364500', 5, '', '80228415315', 'emailaddr484@yopmail.com', '', '', 30, 14, 3, 1, '0000-00-00 00:00:00'),
(486, '485', '485', 'বাড়ির মালিকের নামে ৪৮৫', 'মালিকের পিতার নামে ৪৮৫', 0, 0, 0, 1, '231700', 8, '', '36295939832', 'emailaddr485@yopmail.com', '', '', 5, 19, 24, 1, '0000-00-00 00:00:00'),
(487, '486', '486', 'বাড়ির মালিকের নামে ৪৮৬', 'মালিকের পিতার নামে ৪৮৬', 0, 0, 0, 1, '276800', 10, '', '66852622680', 'emailaddr486@yopmail.com', '', '', 30, 16, 17, 1, '0000-00-00 00:00:00'),
(488, '487', '487', 'বাড়ির মালিকের নামে ৪৮৭', 'মালিকের পিতার নামে ৪৮৭', 0, 0, 0, 1, '920300', 9, '', '69213830766', 'emailaddr487@yopmail.com', '', '', 17, 5, 22, 1, '0000-00-00 00:00:00'),
(489, '488', '488', 'বাড়ির মালিকের নামে ৪৮৮', 'মালিকের পিতার নামে ৪৮৮', 0, 0, 0, 1, '323600', 6, '', '98900508508', 'emailaddr488@yopmail.com', '', '', 9, 17, 10, 1, '0000-00-00 00:00:00'),
(490, '489', '489', 'বাড়ির মালিকের নামে ৪৮৯', 'মালিকের পিতার নামে ৪৮৯', 0, 0, 0, 1, '382500', 5, '', '12481382929', 'emailaddr489@yopmail.com', '', '', 16, 19, 26, 1, '0000-00-00 00:00:00'),
(491, '490', '490', 'বাড়ির মালিকের নামে ৪৯০', 'মালিকের পিতার নামে ৪৯০', 0, 0, 0, 1, '449100', 6, '', '27921055697', 'emailaddr490@yopmail.com', '', '', 14, 3, 25, 1, '0000-00-00 00:00:00'),
(492, '491', '491', 'বাড়ির মালিকের নামে ৪৯১', 'মালিকের পিতার নামে ৪৯১', 0, 0, 0, 1, '166000', 6, '', '34562270428', 'emailaddr491@yopmail.com', '', '', 15, 6, 29, 1, '0000-00-00 00:00:00'),
(493, '492', '492', 'বাড়ির মালিকের নামে ৪৯২', 'মালিকের পিতার নামে ৪৯২', 0, 0, 0, 1, '546100', 3, '', '48033754523', 'emailaddr492@yopmail.com', '', '', 6, 19, 22, 1, '0000-00-00 00:00:00'),
(494, '493', '493', 'বাড়ির মালিকের নামে ৪৯৩', 'মালিকের পিতার নামে ৪৯৩', 0, 0, 0, 1, '476300', 4, '', '11319157507', 'emailaddr493@yopmail.com', '', '', 27, 12, 9, 1, '0000-00-00 00:00:00'),
(495, '494', '494', 'বাড়ির মালিকের নামে ৪৯৪', 'মালিকের পিতার নামে ৪৯৪', 0, 0, 0, 1, '670500', 8, '', '16171371275', 'emailaddr494@yopmail.com', '', '', 23, 2, 12, 1, '0000-00-00 00:00:00'),
(496, '495', '495', 'বাড়ির মালিকের নামে ৪৯৫', 'মালিকের পিতার নামে ৪৯৫', 0, 0, 0, 1, '563300', 5, '', '52000611936', 'emailaddr495@yopmail.com', '', '', 26, 16, 9, 1, '0000-00-00 00:00:00'),
(497, '496', '496', 'বাড়ির মালিকের নামে ৪৯৬', 'মালিকের পিতার নামে ৪৯৬', 0, 0, 0, 1, '520100', 5, '', '21753283793', 'emailaddr496@yopmail.com', '', '', 13, 12, 17, 1, '0000-00-00 00:00:00'),
(498, '497', '497', 'বাড়ির মালিকের নামে ৪৯৭', 'মালিকের পিতার নামে ৪৯৭', 0, 0, 0, 1, '324200', 7, '', '16867659695', 'emailaddr497@yopmail.com', '', '', 16, 11, 26, 1, '0000-00-00 00:00:00'),
(499, '498', '498', 'বাড়ির মালিকের নামে ৪৯৮', 'মালিকের পিতার নামে ৪৯৮', 0, 0, 0, 1, '744700', 9, '', '26213437609', 'emailaddr498@yopmail.com', '', '', 20, 30, 18, 1, '0000-00-00 00:00:00'),
(500, '499', '499', 'বাড়ির মালিকের নামে ৪৯৯', 'মালিকের পিতার নামে ৪৯৯', 0, 0, 0, 1, '393800', 3, '', '76566863950', 'emailaddr499@yopmail.com', '', '', 22, 10, 10, 1, '0000-00-00 00:00:00'),
(501, '500', '500', 'বাড়ির মালিকের নামে ৫০০', 'মালিকের পিতার নামে ৫০০', 0, 0, 0, 1, '470700', 3, '', '29757306022', 'emailaddr500@yopmail.com', '', '', 19, 15, 16, 1, '0000-00-00 00:00:00'),
(502, '501', '501', 'বাড়ির মালিকের নামে ৫০১', 'মালিকের পিতার নামে ৫০১', 0, 0, 0, 1, '582400', 7, '', '29403402736', 'emailaddr501@yopmail.com', '', '', 4, 12, 5, 1, '0000-00-00 00:00:00'),
(503, '502', '502', 'বাড়ির মালিকের নামে ৫০২', 'মালিকের পিতার নামে ৫০২', 0, 0, 0, 1, '671800', 5, '', '24437089983', 'emailaddr502@yopmail.com', '', '', 10, 6, 7, 1, '0000-00-00 00:00:00'),
(504, '503', '503', 'বাড়ির মালিকের নামে ৫০৩', 'মালিকের পিতার নামে ৫০৩', 0, 0, 0, 1, '925700', 4, '', '80380056631', 'emailaddr503@yopmail.com', '', '', 28, 29, 3, 1, '0000-00-00 00:00:00'),
(505, '504', '504', 'বাড়ির মালিকের নামে ৫০৪', 'মালিকের পিতার নামে ৫০৪', 0, 0, 0, 1, '943400', 6, '', '30388852206', 'emailaddr504@yopmail.com', '', '', 16, 23, 7, 1, '0000-00-00 00:00:00'),
(506, '505', '505', 'বাড়ির মালিকের নামে ৫০৫', 'মালিকের পিতার নামে ৫০৫', 0, 0, 0, 1, '242000', 5, '', '84881101457', 'emailaddr505@yopmail.com', '', '', 10, 13, 18, 1, '0000-00-00 00:00:00'),
(507, '506', '506', 'বাড়ির মালিকের নামে ৫০৬', 'মালিকের পিতার নামে ৫০৬', 0, 0, 0, 1, '143200', 7, '', '88479701006', 'emailaddr506@yopmail.com', '', '', 7, 22, 7, 1, '0000-00-00 00:00:00'),
(508, '507', '507', 'বাড়ির মালিকের নামে ৫০৭', 'মালিকের পিতার নামে ৫০৭', 0, 0, 0, 1, '782300', 7, '', '35529092532', 'emailaddr507@yopmail.com', '', '', 19, 11, 13, 1, '0000-00-00 00:00:00'),
(509, '508', '508', 'বাড়ির মালিকের নামে ৫০৮', 'মালিকের পিতার নামে ৫০৮', 0, 0, 0, 1, '264300', 5, '', '55241605004', 'emailaddr508@yopmail.com', '', '', 13, 29, 27, 1, '0000-00-00 00:00:00'),
(510, '509', '509', 'বাড়ির মালিকের নামে ৫০৯', 'মালিকের পিতার নামে ৫০৯', 0, 0, 0, 1, '500500', 4, '', '39212989118', 'emailaddr509@yopmail.com', '', '', 24, 27, 28, 1, '0000-00-00 00:00:00'),
(511, '510', '510', 'বাড়ির মালিকের নামে ৫১০', 'মালিকের পিতার নামে ৫১০', 0, 0, 0, 1, '409400', 5, '', '91468141197', 'emailaddr510@yopmail.com', '', '', 23, 14, 15, 1, '0000-00-00 00:00:00'),
(512, '511', '511', 'বাড়ির মালিকের নামে ৫১১', 'মালিকের পিতার নামে ৫১১', 0, 0, 0, 1, '745900', 4, '', '40782476100', 'emailaddr511@yopmail.com', '', '', 3, 30, 6, 1, '0000-00-00 00:00:00'),
(513, '512', '512', 'বাড়ির মালিকের নামে ৫১২', 'মালিকের পিতার নামে ৫১২', 0, 0, 0, 1, '169500', 6, '', '89010216883', 'emailaddr512@yopmail.com', '', '', 14, 4, 17, 1, '0000-00-00 00:00:00'),
(514, '513', '513', 'বাড়ির মালিকের নামে ৫১৩', 'মালিকের পিতার নামে ৫১৩', 0, 0, 0, 1, '130800', 5, '', '33683102917', 'emailaddr513@yopmail.com', '', '', 15, 20, 24, 1, '0000-00-00 00:00:00'),
(515, '514', '514', 'বাড়ির মালিকের নামে ৫১৪', 'মালিকের পিতার নামে ৫১৪', 0, 0, 0, 1, '363200', 9, '', '74694997656', 'emailaddr514@yopmail.com', '', '', 13, 27, 15, 1, '0000-00-00 00:00:00'),
(516, '515', '515', 'বাড়ির মালিকের নামে ৫১৫', 'মালিকের পিতার নামে ৫১৫', 0, 0, 0, 1, '308300', 10, '', '82492311312', 'emailaddr515@yopmail.com', '', '', 5, 16, 25, 1, '0000-00-00 00:00:00'),
(517, '516', '516', 'বাড়ির মালিকের নামে ৫১৬', 'মালিকের পিতার নামে ৫১৬', 0, 0, 0, 1, '611800', 3, '', '25884330641', 'emailaddr516@yopmail.com', '', '', 26, 27, 2, 1, '0000-00-00 00:00:00'),
(518, '517', '517', 'বাড়ির মালিকের নামে ৫১৭', 'মালিকের পিতার নামে ৫১৭', 0, 0, 0, 1, '595600', 7, '', '42061793077', 'emailaddr517@yopmail.com', '', '', 17, 18, 11, 1, '0000-00-00 00:00:00'),
(519, '518', '518', 'বাড়ির মালিকের নামে ৫১৮', 'মালিকের পিতার নামে ৫১৮', 0, 0, 0, 1, '916300', 7, '', '82643974978', 'emailaddr518@yopmail.com', '', '', 3, 9, 16, 1, '0000-00-00 00:00:00'),
(520, '519', '519', 'বাড়ির মালিকের নামে ৫১৯', 'মালিকের পিতার নামে ৫১৯', 0, 0, 0, 1, '210700', 9, '', '31166573023', 'emailaddr519@yopmail.com', '', '', 9, 30, 8, 1, '0000-00-00 00:00:00'),
(521, '520', '520', 'বাড়ির মালিকের নামে ৫২০', 'মালিকের পিতার নামে ৫২০', 0, 0, 0, 1, '545400', 8, '', '53056940854', 'emailaddr520@yopmail.com', '', '', 16, 15, 6, 1, '0000-00-00 00:00:00'),
(522, '521', '521', 'বাড়ির মালিকের নামে ৫২১', 'মালিকের পিতার নামে ৫২১', 0, 0, 0, 1, '923000', 7, '', '46762017787', 'emailaddr521@yopmail.com', '', '', 28, 25, 1, 1, '0000-00-00 00:00:00'),
(523, '522', '522', 'বাড়ির মালিকের নামে ৫২২', 'মালিকের পিতার নামে ৫২২', 0, 0, 0, 1, '879600', 8, '', '57198592464', 'emailaddr522@yopmail.com', '', '', 30, 18, 24, 1, '0000-00-00 00:00:00'),
(524, '523', '523', 'বাড়ির মালিকের নামে ৫২৩', 'মালিকের পিতার নামে ৫২৩', 0, 0, 0, 1, '863300', 3, '', '58217078158', 'emailaddr523@yopmail.com', '', '', 23, 13, 14, 1, '0000-00-00 00:00:00'),
(525, '524', '524', 'বাড়ির মালিকের নামে ৫২৪', 'মালিকের পিতার নামে ৫২৪', 0, 0, 0, 1, '787300', 8, '', '89141151149', 'emailaddr524@yopmail.com', '', '', 21, 24, 14, 1, '0000-00-00 00:00:00'),
(526, '525', '525', 'বাড়ির মালিকের নামে ৫২৫', 'মালিকের পিতার নামে ৫২৫', 0, 0, 0, 1, '608800', 7, '', '81465296006', 'emailaddr525@yopmail.com', '', '', 5, 20, 1, 1, '0000-00-00 00:00:00'),
(527, '526', '526', 'বাড়ির মালিকের নামে ৫২৬', 'মালিকের পিতার নামে ৫২৬', 0, 0, 0, 1, '786000', 6, '', '66076014855', 'emailaddr526@yopmail.com', '', '', 14, 13, 6, 1, '0000-00-00 00:00:00'),
(528, '527', '527', 'বাড়ির মালিকের নামে ৫২৭', 'মালিকের পিতার নামে ৫২৭', 0, 0, 0, 1, '859500', 4, '', '17582907315', 'emailaddr527@yopmail.com', '', '', 6, 29, 26, 1, '0000-00-00 00:00:00'),
(529, '528', '528', 'বাড়ির মালিকের নামে ৫২৮', 'মালিকের পিতার নামে ৫২৮', 0, 0, 0, 1, '580300', 8, '', '30590013673', 'emailaddr528@yopmail.com', '', '', 15, 6, 11, 1, '0000-00-00 00:00:00'),
(530, '529', '529', 'বাড়ির মালিকের নামে ৫২৯', 'মালিকের পিতার নামে ৫২৯', 0, 0, 0, 1, '438800', 6, '', '12402188520', 'emailaddr529@yopmail.com', '', '', 16, 11, 23, 1, '0000-00-00 00:00:00');
INSERT INTO `holdings` (`id`, `holding_no`, `holding_slug`, `owner_name`, `owner_fathers_name`, `asset_category_id`, `asset_cat_class_id`, `sqr_feet`, `asset_qty`, `yearly_amount`, `yearly_percentage`, `description`, `phone`, `email`, `nid`, `google_map_data`, `ward_id`, `area_id`, `road_id`, `status`, `created_at`) VALUES
(531, '530', '530', 'বাড়ির মালিকের নামে ৫৩০', 'মালিকের পিতার নামে ৫৩০', 0, 0, 0, 1, '771900', 4, '', '52406928136', 'emailaddr530@yopmail.com', '', '', 24, 10, 14, 1, '0000-00-00 00:00:00'),
(532, '531', '531', 'বাড়ির মালিকের নামে ৫৩১', 'মালিকের পিতার নামে ৫৩১', 0, 0, 0, 1, '721200', 8, '', '30580363316', 'emailaddr531@yopmail.com', '', '', 30, 17, 22, 1, '0000-00-00 00:00:00'),
(533, '532', '532', 'বাড়ির মালিকের নামে ৫৩২', 'মালিকের পিতার নামে ৫৩২', 0, 0, 0, 1, '557600', 7, '', '67741438414', 'emailaddr532@yopmail.com', '', '', 12, 24, 19, 1, '0000-00-00 00:00:00'),
(534, '533', '533', 'বাড়ির মালিকের নামে ৫৩৩', 'মালিকের পিতার নামে ৫৩৩', 0, 0, 0, 1, '695300', 4, '', '13188860931', 'emailaddr533@yopmail.com', '', '', 7, 14, 8, 1, '0000-00-00 00:00:00'),
(535, '534', '534', 'বাড়ির মালিকের নামে ৫৩৪', 'মালিকের পিতার নামে ৫৩৪', 0, 0, 0, 1, '170000', 10, '', '57864741750', 'emailaddr534@yopmail.com', '', '', 12, 15, 20, 1, '0000-00-00 00:00:00'),
(536, '535', '535', 'বাড়ির মালিকের নামে ৫৩৫', 'মালিকের পিতার নামে ৫৩৫', 0, 0, 0, 1, '147600', 8, '', '94546702140', 'emailaddr535@yopmail.com', '', '', 4, 18, 17, 1, '0000-00-00 00:00:00'),
(537, '536', '536', 'বাড়ির মালিকের নামে ৫৩৬', 'মালিকের পিতার নামে ৫৩৬', 0, 0, 0, 1, '669300', 4, '', '52499508049', 'emailaddr536@yopmail.com', '', '', 10, 11, 3, 1, '0000-00-00 00:00:00'),
(538, '537', '537', 'বাড়ির মালিকের নামে ৫৩৭', 'মালিকের পিতার নামে ৫৩৭', 0, 0, 0, 1, '941500', 3, '', '22812551245', 'emailaddr537@yopmail.com', '', '', 8, 18, 4, 1, '0000-00-00 00:00:00'),
(539, '538', '538', 'বাড়ির মালিকের নামে ৫৩৮', 'মালিকের পিতার নামে ৫৩৮', 0, 0, 0, 1, '483000', 3, '', '31178424659', 'emailaddr538@yopmail.com', '', '', 23, 15, 16, 1, '0000-00-00 00:00:00'),
(540, '539', '539', 'বাড়ির মালিকের নামে ৫৩৯', 'মালিকের পিতার নামে ৫৩৯', 0, 0, 0, 1, '678800', 9, '', '80540354498', 'emailaddr539@yopmail.com', '', '', 18, 13, 12, 1, '0000-00-00 00:00:00'),
(541, '540', '540', 'বাড়ির মালিকের নামে ৫৪০', 'মালিকের পিতার নামে ৫৪০', 0, 0, 0, 1, '831600', 5, '', '22531048658', 'emailaddr540@yopmail.com', '', '', 11, 6, 11, 1, '0000-00-00 00:00:00'),
(542, '541', '541', 'বাড়ির মালিকের নামে ৫৪১', 'মালিকের পিতার নামে ৫৪১', 0, 0, 0, 1, '738000', 8, '', '69526055526', 'emailaddr541@yopmail.com', '', '', 10, 1, 22, 1, '0000-00-00 00:00:00'),
(543, '542', '542', 'বাড়ির মালিকের নামে ৫৪২', 'মালিকের পিতার নামে ৫৪২', 0, 0, 0, 1, '777500', 10, '', '22423608051', 'emailaddr542@yopmail.com', '', '', 16, 2, 22, 1, '0000-00-00 00:00:00'),
(544, '543', '543', 'বাড়ির মালিকের নামে ৫৪৩', 'মালিকের পিতার নামে ৫৪৩', 0, 0, 0, 1, '682700', 3, '', '49984936841', 'emailaddr543@yopmail.com', '', '', 15, 22, 29, 1, '0000-00-00 00:00:00'),
(545, '544', '544', 'বাড়ির মালিকের নামে ৫৪৪', 'মালিকের পিতার নামে ৫৪৪', 0, 0, 0, 1, '908700', 8, '', '24218451984', 'emailaddr544@yopmail.com', '', '', 7, 7, 10, 1, '0000-00-00 00:00:00'),
(546, '545', '545', 'বাড়ির মালিকের নামে ৫৪৫', 'মালিকের পিতার নামে ৫৪৫', 0, 0, 0, 1, '453300', 4, '', '85602862943', 'emailaddr545@yopmail.com', '', '', 22, 29, 10, 1, '0000-00-00 00:00:00'),
(547, '546', '546', 'বাড়ির মালিকের নামে ৫৪৬', 'মালিকের পিতার নামে ৫৪৬', 0, 0, 0, 1, '468900', 8, '', '91565933072', 'emailaddr546@yopmail.com', '', '', 24, 20, 16, 1, '0000-00-00 00:00:00'),
(548, '547', '547', 'বাড়ির মালিকের নামে ৫৪৭', 'মালিকের পিতার নামে ৫৪৭', 0, 0, 0, 1, '304400', 6, '', '64377622327', 'emailaddr547@yopmail.com', '', '', 26, 5, 6, 1, '0000-00-00 00:00:00'),
(549, '548', '548', 'বাড়ির মালিকের নামে ৫৪৮', 'মালিকের পিতার নামে ৫৪৮', 0, 0, 0, 1, '136600', 8, '', '94095123482', 'emailaddr548@yopmail.com', '', '', 7, 5, 4, 1, '0000-00-00 00:00:00'),
(550, '549', '549', 'বাড়ির মালিকের নামে ৫৪৯', 'মালিকের পিতার নামে ৫৪৯', 0, 0, 0, 1, '656000', 5, '', '38317112623', 'emailaddr549@yopmail.com', '', '', 8, 26, 27, 1, '0000-00-00 00:00:00'),
(551, '550', '550', 'বাড়ির মালিকের নামে ৫৫০', 'মালিকের পিতার নামে ৫৫০', 0, 0, 0, 1, '469600', 7, '', '12524782228', 'emailaddr550@yopmail.com', '', '', 29, 17, 19, 1, '0000-00-00 00:00:00'),
(552, '551', '551', 'বাড়ির মালিকের নামে ৫৫১', 'মালিকের পিতার নামে ৫৫১', 0, 0, 0, 1, '719700', 9, '', '15106824768', 'emailaddr551@yopmail.com', '', '', 4, 30, 26, 1, '0000-00-00 00:00:00'),
(553, '552', '552', 'বাড়ির মালিকের নামে ৫৫২', 'মালিকের পিতার নামে ৫৫২', 0, 0, 0, 1, '517100', 10, '', '50812549503', 'emailaddr552@yopmail.com', '', '', 25, 19, 12, 1, '0000-00-00 00:00:00'),
(554, '553', '553', 'বাড়ির মালিকের নামে ৫৫৩', 'মালিকের পিতার নামে ৫৫৩', 0, 0, 0, 1, '526700', 9, '', '96202511555', 'emailaddr553@yopmail.com', '', '', 21, 20, 22, 1, '0000-00-00 00:00:00'),
(555, '554', '554', 'বাড়ির মালিকের নামে ৫৫৪', 'মালিকের পিতার নামে ৫৫৪', 0, 0, 0, 1, '826900', 7, '', '85348468027', 'emailaddr554@yopmail.com', '', '', 6, 24, 12, 1, '0000-00-00 00:00:00'),
(556, '555', '555', 'বাড়ির মালিকের নামে ৫৫৫', 'মালিকের পিতার নামে ৫৫৫', 0, 0, 0, 1, '256100', 3, '', '83528471151', 'emailaddr555@yopmail.com', '', '', 18, 23, 3, 1, '0000-00-00 00:00:00'),
(557, '556', '556', 'বাড়ির মালিকের নামে ৫৫৬', 'মালিকের পিতার নামে ৫৫৬', 0, 0, 0, 1, '759900', 5, '', '28695479140', 'emailaddr556@yopmail.com', '', '', 13, 24, 3, 1, '0000-00-00 00:00:00'),
(558, '557', '557', 'বাড়ির মালিকের নামে ৫৫৭', 'মালিকের পিতার নামে ৫৫৭', 0, 0, 0, 1, '380600', 3, '', '13678466883', 'emailaddr557@yopmail.com', '', '', 11, 30, 24, 1, '0000-00-00 00:00:00'),
(559, '558', '558', 'বাড়ির মালিকের নামে ৫৫৮', 'মালিকের পিতার নামে ৫৫৮', 0, 0, 0, 1, '511000', 6, '', '53493658181', 'emailaddr558@yopmail.com', '', '', 5, 11, 7, 1, '0000-00-00 00:00:00'),
(560, '559', '559', 'বাড়ির মালিকের নামে ৫৫৯', 'মালিকের পিতার নামে ৫৫৯', 0, 0, 0, 1, '479200', 8, '', '39035597823', 'emailaddr559@yopmail.com', '', '', 30, 24, 19, 1, '0000-00-00 00:00:00'),
(561, '560', '560', 'বাড়ির মালিকের নামে ৫৬০', 'মালিকের পিতার নামে ৫৬০', 0, 0, 0, 1, '502400', 6, '', '79283743763', 'emailaddr560@yopmail.com', '', '', 2, 11, 4, 1, '0000-00-00 00:00:00'),
(562, '561', '561', 'বাড়ির মালিকের নামে ৫৬১', 'মালিকের পিতার নামে ৫৬১', 0, 0, 0, 1, '464900', 4, '', '14440503876', 'emailaddr561@yopmail.com', '', '', 11, 17, 12, 1, '0000-00-00 00:00:00'),
(563, '562', '562', 'বাড়ির মালিকের নামে ৫৬২', 'মালিকের পিতার নামে ৫৬২', 0, 0, 0, 1, '709700', 9, '', '13341412631', 'emailaddr562@yopmail.com', '', '', 9, 22, 7, 1, '0000-00-00 00:00:00'),
(564, '563', '563', 'বাড়ির মালিকের নামে ৫৬৩', 'মালিকের পিতার নামে ৫৬৩', 0, 0, 0, 1, '866700', 7, '', '52592838814', 'emailaddr563@yopmail.com', '', '', 29, 26, 19, 1, '0000-00-00 00:00:00'),
(565, '564', '564', 'বাড়ির মালিকের নামে ৫৬৪', 'মালিকের পিতার নামে ৫৬৪', 0, 0, 0, 1, '831800', 8, '', '51275356212', 'emailaddr564@yopmail.com', '', '', 14, 4, 25, 1, '0000-00-00 00:00:00'),
(566, '565', '565', 'বাড়ির মালিকের নামে ৫৬৫', 'মালিকের পিতার নামে ৫৬৫', 0, 0, 0, 1, '691200', 4, '', '13851629559', 'emailaddr565@yopmail.com', '', '', 7, 30, 12, 1, '0000-00-00 00:00:00'),
(567, '566', '566', 'বাড়ির মালিকের নামে ৫৬৬', 'মালিকের পিতার নামে ৫৬৬', 0, 0, 0, 1, '479300', 4, '', '34950799420', 'emailaddr566@yopmail.com', '', '', 24, 22, 26, 1, '0000-00-00 00:00:00'),
(568, '567', '567', 'বাড়ির মালিকের নামে ৫৬৭', 'মালিকের পিতার নামে ৫৬৭', 0, 0, 0, 1, '816800', 5, '', '26343215880', 'emailaddr567@yopmail.com', '', '', 16, 22, 7, 1, '0000-00-00 00:00:00'),
(569, '568', '568', 'বাড়ির মালিকের নামে ৫৬৮', 'মালিকের পিতার নামে ৫৬৮', 0, 0, 0, 1, '801100', 10, '', '75273637637', 'emailaddr568@yopmail.com', '', '', 18, 2, 26, 1, '0000-00-00 00:00:00'),
(570, '569', '569', 'বাড়ির মালিকের নামে ৫৬৯', 'মালিকের পিতার নামে ৫৬৯', 0, 0, 0, 1, '752400', 7, '', '27596574324', 'emailaddr569@yopmail.com', '', '', 28, 25, 24, 1, '0000-00-00 00:00:00'),
(571, '570', '570', 'বাড়ির মালিকের নামে ৫৭০', 'মালিকের পিতার নামে ৫৭০', 0, 0, 0, 1, '218600', 3, '', '57133839092', 'emailaddr570@yopmail.com', '', '', 30, 13, 30, 1, '0000-00-00 00:00:00'),
(572, '571', '571', 'বাড়ির মালিকের নামে ৫৭১', 'মালিকের পিতার নামে ৫৭১', 0, 0, 0, 1, '726000', 7, '', '72227752114', 'emailaddr571@yopmail.com', '', '', 9, 6, 19, 1, '0000-00-00 00:00:00'),
(573, '572', '572', 'বাড়ির মালিকের নামে ৫৭২', 'মালিকের পিতার নামে ৫৭২', 0, 0, 0, 1, '929700', 6, '', '22234855018', 'emailaddr572@yopmail.com', '', '', 10, 29, 9, 1, '0000-00-00 00:00:00'),
(574, '573', '573', 'বাড়ির মালিকের নামে ৫৭৩', 'মালিকের পিতার নামে ৫৭৩', 0, 0, 0, 1, '688500', 9, '', '35128237050', 'emailaddr573@yopmail.com', '', '', 21, 8, 29, 1, '0000-00-00 00:00:00'),
(575, '574', '574', 'বাড়ির মালিকের নামে ৫৭৪', 'মালিকের পিতার নামে ৫৭৪', 0, 0, 0, 1, '708500', 5, '', '24489531829', 'emailaddr574@yopmail.com', '', '', 10, 4, 25, 1, '0000-00-00 00:00:00'),
(576, '575', '575', 'বাড়ির মালিকের নামে ৫৭৫', 'মালিকের পিতার নামে ৫৭৫', 0, 0, 0, 1, '737100', 9, '', '76578800941', 'emailaddr575@yopmail.com', '', '', 11, 1, 27, 1, '0000-00-00 00:00:00'),
(577, '576', '576', 'বাড়ির মালিকের নামে ৫৭৬', 'মালিকের পিতার নামে ৫৭৬', 0, 0, 0, 1, '776200', 6, '', '12753050789', 'emailaddr576@yopmail.com', '', '', 3, 22, 8, 1, '0000-00-00 00:00:00'),
(578, '577', '577', 'বাড়ির মালিকের নামে ৫৭৭', 'মালিকের পিতার নামে ৫৭৭', 0, 0, 0, 1, '458400', 10, '', '38964545906', 'emailaddr577@yopmail.com', '', '', 21, 13, 13, 1, '0000-00-00 00:00:00'),
(579, '578', '578', 'বাড়ির মালিকের নামে ৫৭৮', 'মালিকের পিতার নামে ৫৭৮', 0, 0, 0, 1, '412100', 7, '', '40874980224', 'emailaddr578@yopmail.com', '', '', 7, 26, 28, 1, '0000-00-00 00:00:00'),
(580, '579', '579', 'বাড়ির মালিকের নামে ৫৭৯', 'মালিকের পিতার নামে ৫৭৯', 0, 0, 0, 1, '177000', 4, '', '94694229136', 'emailaddr579@yopmail.com', '', '', 26, 16, 18, 1, '0000-00-00 00:00:00'),
(581, '580', '580', 'বাড়ির মালিকের নামে ৫৮০', 'মালিকের পিতার নামে ৫৮০', 0, 0, 0, 1, '840600', 9, '', '63752231117', 'emailaddr580@yopmail.com', '', '', 3, 8, 28, 1, '0000-00-00 00:00:00'),
(582, '581', '581', 'বাড়ির মালিকের নামে ৫৮১', 'মালিকের পিতার নামে ৫৮১', 0, 0, 0, 1, '973100', 4, '', '96676539300', 'emailaddr581@yopmail.com', '', '', 9, 26, 14, 1, '0000-00-00 00:00:00'),
(583, '582', '582', 'বাড়ির মালিকের নামে ৫৮২', 'মালিকের পিতার নামে ৫৮২', 0, 0, 0, 1, '745000', 7, '', '80562977747', 'emailaddr582@yopmail.com', '', '', 20, 8, 9, 1, '0000-00-00 00:00:00'),
(584, '583', '583', 'বাড়ির মালিকের নামে ৫৮৩', 'মালিকের পিতার নামে ৫৮৩', 0, 0, 0, 1, '469100', 6, '', '74264695030', 'emailaddr583@yopmail.com', '', '', 17, 20, 27, 1, '0000-00-00 00:00:00'),
(585, '584', '584', 'বাড়ির মালিকের নামে ৫৮৪', 'মালিকের পিতার নামে ৫৮৪', 0, 0, 0, 1, '309700', 3, '', '23791963903', 'emailaddr584@yopmail.com', '', '', 13, 28, 29, 1, '0000-00-00 00:00:00'),
(586, '585', '585', 'বাড়ির মালিকের নামে ৫৮৫', 'মালিকের পিতার নামে ৫৮৫', 0, 0, 0, 1, '361300', 10, '', '63806162820', 'emailaddr585@yopmail.com', '', '', 1, 19, 3, 1, '0000-00-00 00:00:00'),
(587, '586', '586', 'বাড়ির মালিকের নামে ৫৮৬', 'মালিকের পিতার নামে ৫৮৬', 0, 0, 0, 1, '448500', 5, '', '43807529064', 'emailaddr586@yopmail.com', '', '', 15, 18, 17, 1, '0000-00-00 00:00:00'),
(588, '587', '587', 'বাড়ির মালিকের নামে ৫৮৭', 'মালিকের পিতার নামে ৫৮৭', 0, 0, 0, 1, '151800', 6, '', '33096908659', 'emailaddr587@yopmail.com', '', '', 8, 29, 29, 1, '0000-00-00 00:00:00'),
(589, '588', '588', 'বাড়ির মালিকের নামে ৫৮৮', 'মালিকের পিতার নামে ৫৮৮', 0, 0, 0, 1, '162100', 3, '', '55667854825', 'emailaddr588@yopmail.com', '', '', 21, 24, 16, 1, '0000-00-00 00:00:00'),
(590, '589', '589', 'বাড়ির মালিকের নামে ৫৮৯', 'মালিকের পিতার নামে ৫৮৯', 0, 0, 0, 1, '659200', 3, '', '43483586766', 'emailaddr589@yopmail.com', '', '', 16, 21, 3, 1, '0000-00-00 00:00:00'),
(591, '590', '590', 'বাড়ির মালিকের নামে ৫৯০', 'মালিকের পিতার নামে ৫৯০', 0, 0, 0, 1, '896400', 4, '', '48539116743', 'emailaddr590@yopmail.com', '', '', 3, 26, 29, 1, '0000-00-00 00:00:00'),
(592, '591', '591', 'বাড়ির মালিকের নামে ৫৯১', 'মালিকের পিতার নামে ৫৯১', 0, 0, 0, 1, '284200', 6, '', '58284320864', 'emailaddr591@yopmail.com', '', '', 10, 11, 2, 1, '0000-00-00 00:00:00'),
(593, '592', '592', 'বাড়ির মালিকের নামে ৫৯২', 'মালিকের পিতার নামে ৫৯২', 0, 0, 0, 1, '784700', 10, '', '91968211330', 'emailaddr592@yopmail.com', '', '', 20, 2, 1, 1, '0000-00-00 00:00:00'),
(594, '593', '593', 'বাড়ির মালিকের নামে ৫৯৩', 'মালিকের পিতার নামে ৫৯৩', 0, 0, 0, 1, '149900', 6, '', '17248598730', 'emailaddr593@yopmail.com', '', '', 25, 26, 14, 1, '0000-00-00 00:00:00'),
(595, '594', '594', 'বাড়ির মালিকের নামে ৫৯৪', 'মালিকের পিতার নামে ৫৯৪', 0, 0, 0, 1, '321800', 4, '', '15760715087', 'emailaddr594@yopmail.com', '', '', 23, 4, 2, 1, '0000-00-00 00:00:00'),
(596, '595', '595', 'বাড়ির মালিকের নামে ৫৯৫', 'মালিকের পিতার নামে ৫৯৫', 0, 0, 0, 1, '728600', 3, '', '69690159090', 'emailaddr595@yopmail.com', '', '', 18, 8, 28, 1, '0000-00-00 00:00:00'),
(597, '596', '596', 'বাড়ির মালিকের নামে ৫৯৬', 'মালিকের পিতার নামে ৫৯৬', 0, 0, 0, 1, '877800', 9, '', '64849051046', 'emailaddr596@yopmail.com', '', '', 14, 18, 11, 1, '0000-00-00 00:00:00'),
(598, '597', '597', 'বাড়ির মালিকের নামে ৫৯৭', 'মালিকের পিতার নামে ৫৯৭', 0, 0, 0, 1, '900600', 9, '', '36624406243', 'emailaddr597@yopmail.com', '', '', 25, 23, 7, 1, '0000-00-00 00:00:00'),
(599, '598', '598', 'বাড়ির মালিকের নামে ৫৯৮', 'মালিকের পিতার নামে ৫৯৮', 0, 0, 0, 1, '845500', 6, '', '15568143851', 'emailaddr598@yopmail.com', '', '', 22, 12, 20, 1, '0000-00-00 00:00:00'),
(600, '599', '599', 'বাড়ির মালিকের নামে ৫৯৯', 'মালিকের পিতার নামে ৫৯৯', 0, 0, 0, 1, '304500', 8, '', '66270568315', 'emailaddr599@yopmail.com', '', '', 2, 7, 14, 1, '0000-00-00 00:00:00'),
(601, '600', '600', 'বাড়ির মালিকের নামে ৬০০', 'মালিকের পিতার নামে ৬০০', 0, 0, 0, 1, '564800', 6, '', '18379266987', 'emailaddr600@yopmail.com', '', '', 16, 24, 28, 1, '0000-00-00 00:00:00'),
(602, '601', '601', 'বাড়ির মালিকের নামে ৬০১', 'মালিকের পিতার নামে ৬০১', 0, 0, 0, 1, '862600', 10, '', '26917944220', 'emailaddr601@yopmail.com', '', '', 16, 17, 30, 1, '0000-00-00 00:00:00'),
(603, '602', '602', 'বাড়ির মালিকের নামে ৬০২', 'মালিকের পিতার নামে ৬০২', 0, 0, 0, 1, '919500', 8, '', '51201337411', 'emailaddr602@yopmail.com', '', '', 13, 20, 16, 1, '0000-00-00 00:00:00'),
(604, '603', '603', 'বাড়ির মালিকের নামে ৬০৩', 'মালিকের পিতার নামে ৬০৩', 0, 0, 0, 1, '609000', 3, '', '71705900131', 'emailaddr603@yopmail.com', '', '', 10, 17, 22, 1, '0000-00-00 00:00:00'),
(605, '604', '604', 'বাড়ির মালিকের নামে ৬০৪', 'মালিকের পিতার নামে ৬০৪', 0, 0, 0, 1, '360000', 7, '', '70243318451', 'emailaddr604@yopmail.com', '', '', 10, 30, 22, 1, '0000-00-00 00:00:00'),
(606, '605', '605', 'বাড়ির মালিকের নামে ৬০৫', 'মালিকের পিতার নামে ৬০৫', 0, 0, 0, 1, '740300', 7, '', '20588703121', 'emailaddr605@yopmail.com', '', '', 4, 17, 26, 1, '0000-00-00 00:00:00'),
(607, '606', '606', 'বাড়ির মালিকের নামে ৬০৬', 'মালিকের পিতার নামে ৬০৬', 0, 0, 0, 1, '552800', 6, '', '20098798867', 'emailaddr606@yopmail.com', '', '', 21, 27, 25, 1, '0000-00-00 00:00:00'),
(608, '607', '607', 'বাড়ির মালিকের নামে ৬০৭', 'মালিকের পিতার নামে ৬০৭', 0, 0, 0, 1, '431500', 6, '', '21150153025', 'emailaddr607@yopmail.com', '', '', 29, 1, 23, 1, '0000-00-00 00:00:00'),
(609, '608', '608', 'বাড়ির মালিকের নামে ৬০৮', 'মালিকের পিতার নামে ৬০৮', 0, 0, 0, 1, '705700', 10, '', '83484015142', 'emailaddr608@yopmail.com', '', '', 13, 22, 3, 1, '0000-00-00 00:00:00'),
(610, '609', '609', 'বাড়ির মালিকের নামে ৬০৯', 'মালিকের পিতার নামে ৬০৯', 0, 0, 0, 1, '237000', 5, '', '65929544894', 'emailaddr609@yopmail.com', '', '', 27, 30, 5, 1, '0000-00-00 00:00:00'),
(611, '610', '610', 'বাড়ির মালিকের নামে ৬১০', 'মালিকের পিতার নামে ৬১০', 0, 0, 0, 1, '332800', 5, '', '39253845472', 'emailaddr610@yopmail.com', '', '', 6, 14, 10, 1, '0000-00-00 00:00:00'),
(612, '611', '611', 'বাড়ির মালিকের নামে ৬১১', 'মালিকের পিতার নামে ৬১১', 0, 0, 0, 1, '378800', 9, '', '41108726224', 'emailaddr611@yopmail.com', '', '', 16, 29, 10, 1, '0000-00-00 00:00:00'),
(613, '612', '612', 'বাড়ির মালিকের নামে ৬১২', 'মালিকের পিতার নামে ৬১২', 0, 0, 0, 1, '733000', 4, '', '75002680434', 'emailaddr612@yopmail.com', '', '', 7, 6, 14, 1, '0000-00-00 00:00:00'),
(614, '613', '613', 'বাড়ির মালিকের নামে ৬১৩', 'মালিকের পিতার নামে ৬১৩', 0, 0, 0, 1, '845400', 4, '', '84102863788', 'emailaddr613@yopmail.com', '', '', 22, 23, 8, 1, '0000-00-00 00:00:00'),
(615, '614', '614', 'বাড়ির মালিকের নামে ৬১৪', 'মালিকের পিতার নামে ৬১৪', 0, 0, 0, 1, '373500', 4, '', '82415767897', 'emailaddr614@yopmail.com', '', '', 11, 16, 19, 1, '0000-00-00 00:00:00'),
(616, '615', '615', 'বাড়ির মালিকের নামে ৬১৫', 'মালিকের পিতার নামে ৬১৫', 0, 0, 0, 1, '617600', 9, '', '87004427224', 'emailaddr615@yopmail.com', '', '', 16, 6, 8, 1, '0000-00-00 00:00:00'),
(617, '616', '616', 'বাড়ির মালিকের নামে ৬১৬', 'মালিকের পিতার নামে ৬১৬', 0, 0, 0, 1, '308500', 6, '', '84925791093', 'emailaddr616@yopmail.com', '', '', 19, 22, 23, 1, '0000-00-00 00:00:00'),
(618, '617', '617', 'বাড়ির মালিকের নামে ৬১৭', 'মালিকের পিতার নামে ৬১৭', 0, 0, 0, 1, '500200', 6, '', '39928355489', 'emailaddr617@yopmail.com', '', '', 23, 25, 17, 1, '0000-00-00 00:00:00'),
(619, '618', '618', 'বাড়ির মালিকের নামে ৬১৮', 'মালিকের পিতার নামে ৬১৮', 0, 0, 0, 1, '269900', 3, '', '17971173913', 'emailaddr618@yopmail.com', '', '', 18, 12, 3, 1, '0000-00-00 00:00:00'),
(620, '619', '619', 'বাড়ির মালিকের নামে ৬১৯', 'মালিকের পিতার নামে ৬১৯', 0, 0, 0, 1, '895500', 4, '', '74090659956', 'emailaddr619@yopmail.com', '', '', 13, 1, 24, 1, '0000-00-00 00:00:00'),
(621, '620', '620', 'বাড়ির মালিকের নামে ৬২০', 'মালিকের পিতার নামে ৬২০', 0, 0, 0, 1, '459700', 6, '', '38348929468', 'emailaddr620@yopmail.com', '', '', 14, 27, 5, 1, '0000-00-00 00:00:00'),
(622, '621', '621', 'বাড়ির মালিকের নামে ৬২১', 'মালিকের পিতার নামে ৬২১', 0, 0, 0, 1, '653500', 5, '', '23378382361', 'emailaddr621@yopmail.com', '', '', 21, 28, 5, 1, '0000-00-00 00:00:00'),
(623, '622', '622', 'বাড়ির মালিকের নামে ৬২২', 'মালিকের পিতার নামে ৬২২', 0, 0, 0, 1, '751500', 4, '', '29537381123', 'emailaddr622@yopmail.com', '', '', 27, 10, 4, 1, '0000-00-00 00:00:00'),
(624, '623', '623', 'বাড়ির মালিকের নামে ৬২৩', 'মালিকের পিতার নামে ৬২৩', 0, 0, 0, 1, '624500', 3, '', '68008197283', 'emailaddr623@yopmail.com', '', '', 13, 29, 7, 1, '0000-00-00 00:00:00'),
(625, '624', '624', 'বাড়ির মালিকের নামে ৬২৪', 'মালিকের পিতার নামে ৬২৪', 0, 0, 0, 1, '304300', 8, '', '52611214887', 'emailaddr624@yopmail.com', '', '', 25, 12, 8, 1, '0000-00-00 00:00:00'),
(626, '625', '625', 'বাড়ির মালিকের নামে ৬২৫', 'মালিকের পিতার নামে ৬২৫', 0, 0, 0, 1, '268300', 7, '', '38445779660', 'emailaddr625@yopmail.com', '', '', 3, 11, 23, 1, '0000-00-00 00:00:00'),
(627, '626', '626', 'বাড়ির মালিকের নামে ৬২৬', 'মালিকের পিতার নামে ৬২৬', 0, 0, 0, 1, '816000', 3, '', '54243954252', 'emailaddr626@yopmail.com', '', '', 13, 21, 1, 1, '0000-00-00 00:00:00'),
(628, '627', '627', 'বাড়ির মালিকের নামে ৬২৭', 'মালিকের পিতার নামে ৬২৭', 0, 0, 0, 1, '885400', 5, '', '76189874762', 'emailaddr627@yopmail.com', '', '', 15, 17, 6, 1, '0000-00-00 00:00:00'),
(629, '628', '628', 'বাড়ির মালিকের নামে ৬২৮', 'মালিকের পিতার নামে ৬২৮', 0, 0, 0, 1, '828300', 7, '', '36975070777', 'emailaddr628@yopmail.com', '', '', 18, 7, 7, 1, '0000-00-00 00:00:00'),
(630, '629', '629', 'বাড়ির মালিকের নামে ৬২৯', 'মালিকের পিতার নামে ৬২৯', 0, 0, 0, 1, '350100', 7, '', '33983218432', 'emailaddr629@yopmail.com', '', '', 9, 1, 30, 1, '0000-00-00 00:00:00'),
(631, '630', '630', 'বাড়ির মালিকের নামে ৬৩০', 'মালিকের পিতার নামে ৬৩০', 0, 0, 0, 1, '506100', 10, '', '80202960221', 'emailaddr630@yopmail.com', '', '', 7, 9, 14, 1, '0000-00-00 00:00:00'),
(632, '631', '631', 'বাড়ির মালিকের নামে ৬৩১', 'মালিকের পিতার নামে ৬৩১', 0, 0, 0, 1, '750600', 4, '', '53062196885', 'emailaddr631@yopmail.com', '', '', 18, 3, 20, 1, '0000-00-00 00:00:00'),
(633, '632', '632', 'বাড়ির মালিকের নামে ৬৩২', 'মালিকের পিতার নামে ৬৩২', 0, 0, 0, 1, '858900', 5, '', '96670903829', 'emailaddr632@yopmail.com', '', '', 5, 2, 29, 1, '0000-00-00 00:00:00'),
(634, '633', '633', 'বাড়ির মালিকের নামে ৬৩৩', 'মালিকের পিতার নামে ৬৩৩', 0, 0, 0, 1, '795300', 5, '', '73935249108', 'emailaddr633@yopmail.com', '', '', 24, 15, 27, 1, '0000-00-00 00:00:00'),
(635, '634', '634', 'বাড়ির মালিকের নামে ৬৩৪', 'মালিকের পিতার নামে ৬৩৪', 0, 0, 0, 1, '484900', 9, '', '89411405670', 'emailaddr634@yopmail.com', '', '', 2, 9, 18, 1, '0000-00-00 00:00:00'),
(636, '635', '635', 'বাড়ির মালিকের নামে ৬৩৫', 'মালিকের পিতার নামে ৬৩৫', 0, 0, 0, 1, '371700', 9, '', '53302942132', 'emailaddr635@yopmail.com', '', '', 20, 6, 6, 1, '0000-00-00 00:00:00'),
(637, '636', '636', 'বাড়ির মালিকের নামে ৬৩৬', 'মালিকের পিতার নামে ৬৩৬', 0, 0, 0, 1, '346600', 10, '', '97285459390', 'emailaddr636@yopmail.com', '', '', 2, 24, 26, 1, '0000-00-00 00:00:00'),
(638, '637', '637', 'বাড়ির মালিকের নামে ৬৩৭', 'মালিকের পিতার নামে ৬৩৭', 0, 0, 0, 1, '892800', 8, '', '62692460313', 'emailaddr637@yopmail.com', '', '', 4, 5, 11, 1, '0000-00-00 00:00:00'),
(639, '638', '638', 'বাড়ির মালিকের নামে ৬৩৮', 'মালিকের পিতার নামে ৬৩৮', 0, 0, 0, 1, '233600', 8, '', '70972155690', 'emailaddr638@yopmail.com', '', '', 28, 19, 6, 1, '0000-00-00 00:00:00'),
(640, '639', '639', 'বাড়ির মালিকের নামে ৬৩৯', 'মালিকের পিতার নামে ৬৩৯', 0, 0, 0, 1, '652400', 8, '', '29179407876', 'emailaddr639@yopmail.com', '', '', 6, 5, 2, 1, '0000-00-00 00:00:00'),
(641, '640', '640', 'বাড়ির মালিকের নামে ৬৪০', 'মালিকের পিতার নামে ৬৪০', 0, 0, 0, 1, '427500', 8, '', '62829135757', 'emailaddr640@yopmail.com', '', '', 29, 17, 13, 1, '0000-00-00 00:00:00'),
(642, '641', '641', 'বাড়ির মালিকের নামে ৬৪১', 'মালিকের পিতার নামে ৬৪১', 0, 0, 0, 1, '551700', 9, '', '68720575909', 'emailaddr641@yopmail.com', '', '', 14, 1, 24, 1, '0000-00-00 00:00:00'),
(643, '642', '642', 'বাড়ির মালিকের নামে ৬৪২', 'মালিকের পিতার নামে ৬৪২', 0, 0, 0, 1, '288000', 9, '', '81796350327', 'emailaddr642@yopmail.com', '', '', 30, 13, 6, 1, '0000-00-00 00:00:00'),
(644, '643', '643', 'বাড়ির মালিকের নামে ৬৪৩', 'মালিকের পিতার নামে ৬৪৩', 0, 0, 0, 1, '354500', 7, '', '54300888680', 'emailaddr643@yopmail.com', '', '', 1, 26, 11, 1, '0000-00-00 00:00:00'),
(645, '644', '644', 'বাড়ির মালিকের নামে ৬৪৪', 'মালিকের পিতার নামে ৬৪৪', 0, 0, 0, 1, '699100', 6, '', '19909314081', 'emailaddr644@yopmail.com', '', '', 5, 27, 6, 1, '0000-00-00 00:00:00'),
(646, '645', '645', 'বাড়ির মালিকের নামে ৬৪৫', 'মালিকের পিতার নামে ৬৪৫', 0, 0, 0, 1, '735200', 8, '', '85409695166', 'emailaddr645@yopmail.com', '', '', 17, 24, 30, 1, '0000-00-00 00:00:00'),
(647, '646', '646', 'বাড়ির মালিকের নামে ৬৪৬', 'মালিকের পিতার নামে ৬৪৬', 0, 0, 0, 1, '808700', 7, '', '45114535212', 'emailaddr646@yopmail.com', '', '', 21, 5, 13, 1, '0000-00-00 00:00:00'),
(648, '647', '647', 'বাড়ির মালিকের নামে ৬৪৭', 'মালিকের পিতার নামে ৬৪৭', 0, 0, 0, 1, '427300', 4, '', '16977956852', 'emailaddr647@yopmail.com', '', '', 22, 13, 16, 1, '0000-00-00 00:00:00'),
(649, '648', '648', 'বাড়ির মালিকের নামে ৬৪৮', 'মালিকের পিতার নামে ৬৪৮', 0, 0, 0, 1, '572700', 7, '', '86297039666', 'emailaddr648@yopmail.com', '', '', 19, 15, 18, 1, '0000-00-00 00:00:00'),
(650, '649', '649', 'বাড়ির মালিকের নামে ৬৪৯', 'মালিকের পিতার নামে ৬৪৯', 0, 0, 0, 1, '342300', 10, '', '53638154525', 'emailaddr649@yopmail.com', '', '', 9, 7, 15, 1, '0000-00-00 00:00:00'),
(651, '650', '650', 'বাড়ির মালিকের নামে ৬৫০', 'মালিকের পিতার নামে ৬৫০', 0, 0, 0, 1, '801100', 4, '', '27531532470', 'emailaddr650@yopmail.com', '', '', 29, 25, 5, 1, '0000-00-00 00:00:00'),
(652, '651', '651', 'বাড়ির মালিকের নামে ৬৫১', 'মালিকের পিতার নামে ৬৫১', 0, 0, 0, 1, '965900', 9, '', '40859774555', 'emailaddr651@yopmail.com', '', '', 9, 6, 12, 1, '0000-00-00 00:00:00'),
(653, '652', '652', 'বাড়ির মালিকের নামে ৬৫২', 'মালিকের পিতার নামে ৬৫২', 0, 0, 0, 1, '953500', 3, '', '31281477767', 'emailaddr652@yopmail.com', '', '', 14, 18, 16, 1, '0000-00-00 00:00:00'),
(654, '653', '653', 'বাড়ির মালিকের নামে ৬৫৩', 'মালিকের পিতার নামে ৬৫৩', 0, 0, 0, 1, '692400', 10, '', '69419727096', 'emailaddr653@yopmail.com', '', '', 5, 19, 7, 1, '0000-00-00 00:00:00'),
(655, '654', '654', 'বাড়ির মালিকের নামে ৬৫৪', 'মালিকের পিতার নামে ৬৫৪', 0, 0, 0, 1, '173400', 3, '', '51626031356', 'emailaddr654@yopmail.com', '', '', 15, 4, 26, 1, '0000-00-00 00:00:00'),
(656, '655', '655', 'বাড়ির মালিকের নামে ৬৫৫', 'মালিকের পিতার নামে ৬৫৫', 0, 0, 0, 1, '723800', 6, '', '67941211000', 'emailaddr655@yopmail.com', '', '', 23, 29, 19, 1, '0000-00-00 00:00:00'),
(657, '656', '656', 'বাড়ির মালিকের নামে ৬৫৬', 'মালিকের পিতার নামে ৬৫৬', 0, 0, 0, 1, '469700', 4, '', '80433154866', 'emailaddr656@yopmail.com', '', '', 29, 16, 17, 1, '0000-00-00 00:00:00'),
(658, '657', '657', 'বাড়ির মালিকের নামে ৬৫৭', 'মালিকের পিতার নামে ৬৫৭', 0, 0, 0, 1, '570900', 3, '', '51898038785', 'emailaddr657@yopmail.com', '', '', 6, 29, 8, 1, '0000-00-00 00:00:00'),
(659, '658', '658', 'বাড়ির মালিকের নামে ৬৫৮', 'মালিকের পিতার নামে ৬৫৮', 0, 0, 0, 1, '706900', 5, '', '19111928342', 'emailaddr658@yopmail.com', '', '', 28, 4, 13, 1, '0000-00-00 00:00:00'),
(660, '659', '659', 'বাড়ির মালিকের নামে ৬৫৯', 'মালিকের পিতার নামে ৬৫৯', 0, 0, 0, 1, '283500', 9, '', '62382304444', 'emailaddr659@yopmail.com', '', '', 13, 2, 4, 1, '0000-00-00 00:00:00'),
(661, '660', '660', 'বাড়ির মালিকের নামে ৬৬০', 'মালিকের পিতার নামে ৬৬০', 0, 0, 0, 1, '919200', 6, '', '11823714517', 'emailaddr660@yopmail.com', '', '', 14, 30, 1, 1, '0000-00-00 00:00:00'),
(662, '661', '661', 'বাড়ির মালিকের নামে ৬৬১', 'মালিকের পিতার নামে ৬৬১', 0, 0, 0, 1, '642700', 5, '', '16335835641', 'emailaddr661@yopmail.com', '', '', 29, 13, 19, 1, '0000-00-00 00:00:00'),
(663, '662', '662', 'বাড়ির মালিকের নামে ৬৬২', 'মালিকের পিতার নামে ৬৬২', 0, 0, 0, 1, '872000', 7, '', '77508866396', 'emailaddr662@yopmail.com', '', '', 10, 9, 25, 1, '0000-00-00 00:00:00'),
(664, '663', '663', 'বাড়ির মালিকের নামে ৬৬৩', 'মালিকের পিতার নামে ৬৬৩', 0, 0, 0, 1, '316000', 9, '', '58217195833', 'emailaddr663@yopmail.com', '', '', 7, 17, 13, 1, '0000-00-00 00:00:00'),
(665, '664', '664', 'বাড়ির মালিকের নামে ৬৬৪', 'মালিকের পিতার নামে ৬৬৪', 0, 0, 0, 1, '458100', 5, '', '45488953779', 'emailaddr664@yopmail.com', '', '', 9, 20, 7, 1, '0000-00-00 00:00:00'),
(666, '665', '665', 'বাড়ির মালিকের নামে ৬৬৫', 'মালিকের পিতার নামে ৬৬৫', 0, 0, 0, 1, '343000', 10, '', '98210998893', 'emailaddr665@yopmail.com', '', '', 10, 7, 13, 1, '0000-00-00 00:00:00'),
(667, '666', '666', 'বাড়ির মালিকের নামে ৬৬৬', 'মালিকের পিতার নামে ৬৬৬', 0, 0, 0, 1, '745500', 3, '', '34466451336', 'emailaddr666@yopmail.com', '', '', 4, 12, 7, 1, '0000-00-00 00:00:00'),
(668, '667', '667', 'বাড়ির মালিকের নামে ৬৬৭', 'মালিকের পিতার নামে ৬৬৭', 0, 0, 0, 1, '677400', 5, '', '56832943569', 'emailaddr667@yopmail.com', '', '', 24, 19, 3, 1, '0000-00-00 00:00:00'),
(669, '668', '668', 'বাড়ির মালিকের নামে ৬৬৮', 'মালিকের পিতার নামে ৬৬৮', 0, 0, 0, 1, '355300', 10, '', '48921510434', 'emailaddr668@yopmail.com', '', '', 21, 19, 2, 1, '0000-00-00 00:00:00'),
(670, '669', '669', 'বাড়ির মালিকের নামে ৬৬৯', 'মালিকের পিতার নামে ৬৬৯', 0, 0, 0, 1, '559000', 7, '', '85930135823', 'emailaddr669@yopmail.com', '', '', 19, 2, 25, 1, '0000-00-00 00:00:00'),
(671, '670', '670', 'বাড়ির মালিকের নামে ৬৭০', 'মালিকের পিতার নামে ৬৭০', 0, 0, 0, 1, '682200', 10, '', '69708186494', 'emailaddr670@yopmail.com', '', '', 10, 3, 20, 1, '0000-00-00 00:00:00'),
(672, '671', '671', 'বাড়ির মালিকের নামে ৬৭১', 'মালিকের পিতার নামে ৬৭১', 0, 0, 0, 1, '195600', 3, '', '24150290192', 'emailaddr671@yopmail.com', '', '', 24, 29, 2, 1, '0000-00-00 00:00:00'),
(673, '672', '672', 'বাড়ির মালিকের নামে ৬৭২', 'মালিকের পিতার নামে ৬৭২', 0, 0, 0, 1, '585000', 5, '', '37314277284', 'emailaddr672@yopmail.com', '', '', 2, 25, 8, 1, '0000-00-00 00:00:00'),
(674, '673', '673', 'বাড়ির মালিকের নামে ৬৭৩', 'মালিকের পিতার নামে ৬৭৩', 0, 0, 0, 1, '693100', 3, '', '12298384543', 'emailaddr673@yopmail.com', '', '', 16, 28, 8, 1, '0000-00-00 00:00:00'),
(675, '674', '674', 'বাড়ির মালিকের নামে ৬৭৪', 'মালিকের পিতার নামে ৬৭৪', 0, 0, 0, 1, '211000', 6, '', '11539864317', 'emailaddr674@yopmail.com', '', '', 5, 27, 8, 1, '0000-00-00 00:00:00'),
(676, '675', '675', 'বাড়ির মালিকের নামে ৬৭৫', 'মালিকের পিতার নামে ৬৭৫', 0, 0, 0, 1, '247600', 5, '', '45190921702', 'emailaddr675@yopmail.com', '', '', 18, 8, 22, 1, '0000-00-00 00:00:00'),
(677, '676', '676', 'বাড়ির মালিকের নামে ৬৭৬', 'মালিকের পিতার নামে ৬৭৬', 0, 0, 0, 1, '346600', 10, '', '92303082498', 'emailaddr676@yopmail.com', '', '', 10, 19, 25, 1, '0000-00-00 00:00:00'),
(678, '677', '677', 'বাড়ির মালিকের নামে ৬৭৭', 'মালিকের পিতার নামে ৬৭৭', 0, 0, 0, 1, '284300', 9, '', '35314794325', 'emailaddr677@yopmail.com', '', '', 18, 5, 7, 1, '0000-00-00 00:00:00'),
(679, '678', '678', 'বাড়ির মালিকের নামে ৬৭৮', 'মালিকের পিতার নামে ৬৭৮', 0, 0, 0, 1, '472400', 10, '', '77243512259', 'emailaddr678@yopmail.com', '', '', 16, 1, 13, 1, '0000-00-00 00:00:00'),
(680, '679', '679', 'বাড়ির মালিকের নামে ৬৭৯', 'মালিকের পিতার নামে ৬৭৯', 0, 0, 0, 1, '518600', 7, '', '40116579979', 'emailaddr679@yopmail.com', '', '', 18, 3, 30, 1, '0000-00-00 00:00:00'),
(681, '680', '680', 'বাড়ির মালিকের নামে ৬৮০', 'মালিকের পিতার নামে ৬৮০', 0, 0, 0, 1, '582800', 9, '', '83456445728', 'emailaddr680@yopmail.com', '', '', 29, 8, 27, 1, '0000-00-00 00:00:00'),
(682, '681', '681', 'বাড়ির মালিকের নামে ৬৮১', 'মালিকের পিতার নামে ৬৮১', 0, 0, 0, 1, '208600', 6, '', '67580737740', 'emailaddr681@yopmail.com', '', '', 27, 12, 3, 1, '0000-00-00 00:00:00'),
(683, '682', '682', 'বাড়ির মালিকের নামে ৬৮২', 'মালিকের পিতার নামে ৬৮২', 0, 0, 0, 1, '831900', 4, '', '96658110042', 'emailaddr682@yopmail.com', '', '', 29, 6, 30, 1, '0000-00-00 00:00:00'),
(684, '683', '683', 'বাড়ির মালিকের নামে ৬৮৩', 'মালিকের পিতার নামে ৬৮৩', 0, 0, 0, 1, '850400', 5, '', '11613427982', 'emailaddr683@yopmail.com', '', '', 20, 25, 25, 1, '0000-00-00 00:00:00'),
(685, '684', '684', 'বাড়ির মালিকের নামে ৬৮৪', 'মালিকের পিতার নামে ৬৮৪', 0, 0, 0, 1, '234700', 4, '', '39268390574', 'emailaddr684@yopmail.com', '', '', 30, 21, 10, 1, '0000-00-00 00:00:00'),
(686, '685', '685', 'বাড়ির মালিকের নামে ৬৮৫', 'মালিকের পিতার নামে ৬৮৫', 0, 0, 0, 1, '473500', 3, '', '55920621706', 'emailaddr685@yopmail.com', '', '', 20, 22, 8, 1, '0000-00-00 00:00:00'),
(687, '686', '686', 'বাড়ির মালিকের নামে ৬৮৬', 'মালিকের পিতার নামে ৬৮৬', 0, 0, 0, 1, '654800', 7, '', '31514350288', 'emailaddr686@yopmail.com', '', '', 9, 19, 25, 1, '0000-00-00 00:00:00'),
(688, '687', '687', 'বাড়ির মালিকের নামে ৬৮৭', 'মালিকের পিতার নামে ৬৮৭', 0, 0, 0, 1, '687300', 5, '', '54868980381', 'emailaddr687@yopmail.com', '', '', 11, 15, 1, 1, '0000-00-00 00:00:00'),
(689, '688', '688', 'বাড়ির মালিকের নামে ৬৮৮', 'মালিকের পিতার নামে ৬৮৮', 0, 0, 0, 1, '556400', 5, '', '60313489159', 'emailaddr688@yopmail.com', '', '', 13, 27, 30, 1, '0000-00-00 00:00:00'),
(690, '689', '689', 'বাড়ির মালিকের নামে ৬৮৯', 'মালিকের পিতার নামে ৬৮৯', 0, 0, 0, 1, '269100', 4, '', '69831316659', 'emailaddr689@yopmail.com', '', '', 25, 3, 7, 1, '0000-00-00 00:00:00'),
(691, '690', '690', 'বাড়ির মালিকের নামে ৬৯০', 'মালিকের পিতার নামে ৬৯০', 0, 0, 0, 1, '975400', 9, '', '78108952942', 'emailaddr690@yopmail.com', '', '', 1, 15, 24, 1, '0000-00-00 00:00:00'),
(692, '691', '691', 'বাড়ির মালিকের নামে ৬৯১', 'মালিকের পিতার নামে ৬৯১', 0, 0, 0, 1, '816800', 4, '', '17491999778', 'emailaddr691@yopmail.com', '', '', 28, 29, 25, 1, '0000-00-00 00:00:00'),
(693, '692', '692', 'বাড়ির মালিকের নামে ৬৯২', 'মালিকের পিতার নামে ৬৯২', 0, 0, 0, 1, '303600', 8, '', '84398500937', 'emailaddr692@yopmail.com', '', '', 24, 25, 11, 1, '0000-00-00 00:00:00'),
(694, '693', '693', 'বাড়ির মালিকের নামে ৬৯৩', 'মালিকের পিতার নামে ৬৯৩', 0, 0, 0, 1, '637100', 9, '', '29486321200', 'emailaddr693@yopmail.com', '', '', 6, 23, 7, 1, '0000-00-00 00:00:00'),
(695, '694', '694', 'বাড়ির মালিকের নামে ৬৯৪', 'মালিকের পিতার নামে ৬৯৪', 0, 0, 0, 1, '301800', 7, '', '74684287996', 'emailaddr694@yopmail.com', '', '', 23, 7, 27, 1, '0000-00-00 00:00:00'),
(696, '695', '695', 'বাড়ির মালিকের নামে ৬৯৫', 'মালিকের পিতার নামে ৬৯৫', 0, 0, 0, 1, '616200', 5, '', '23047319953', 'emailaddr695@yopmail.com', '', '', 10, 30, 2, 1, '0000-00-00 00:00:00'),
(697, '696', '696', 'বাড়ির মালিকের নামে ৬৯৬', 'মালিকের পিতার নামে ৬৯৬', 0, 0, 0, 1, '171200', 7, '', '25599989552', 'emailaddr696@yopmail.com', '', '', 13, 11, 2, 1, '0000-00-00 00:00:00'),
(698, '697', '697', 'বাড়ির মালিকের নামে ৬৯৭', 'মালিকের পিতার নামে ৬৯৭', 0, 0, 0, 1, '303100', 4, '', '35345447811', 'emailaddr697@yopmail.com', '', '', 24, 14, 20, 1, '0000-00-00 00:00:00'),
(699, '698', '698', 'বাড়ির মালিকের নামে ৬৯৮', 'মালিকের পিতার নামে ৬৯৮', 0, 0, 0, 1, '399900', 9, '', '22546825317', 'emailaddr698@yopmail.com', '', '', 4, 27, 19, 1, '0000-00-00 00:00:00'),
(700, '699', '699', 'বাড়ির মালিকের নামে ৬৯৯', 'মালিকের পিতার নামে ৬৯৯', 0, 0, 0, 1, '488400', 10, '', '26603777643', 'emailaddr699@yopmail.com', '', '', 27, 6, 6, 1, '0000-00-00 00:00:00'),
(701, '700', '700', 'বাড়ির মালিকের নামে ৭০০', 'মালিকের পিতার নামে ৭০০', 0, 0, 0, 1, '823100', 6, '', '16313322796', 'emailaddr700@yopmail.com', '', '', 4, 25, 19, 1, '0000-00-00 00:00:00'),
(702, '701', '701', 'বাড়ির মালিকের নামে ৭০১', 'মালিকের পিতার নামে ৭০১', 0, 0, 0, 1, '197200', 3, '', '58688116386', 'emailaddr701@yopmail.com', '', '', 1, 1, 29, 1, '0000-00-00 00:00:00'),
(703, '702', '702', 'বাড়ির মালিকের নামে ৭০২', 'মালিকের পিতার নামে ৭০২', 0, 0, 0, 1, '451100', 3, '', '41157946866', 'emailaddr702@yopmail.com', '', '', 25, 28, 10, 1, '0000-00-00 00:00:00'),
(704, '703', '703', 'বাড়ির মালিকের নামে ৭০৩', 'মালিকের পিতার নামে ৭০৩', 0, 0, 0, 1, '299400', 4, '', '13369076689', 'emailaddr703@yopmail.com', '', '', 27, 8, 24, 1, '0000-00-00 00:00:00'),
(705, '704', '704', 'বাড়ির মালিকের নামে ৭০৪', 'মালিকের পিতার নামে ৭০৪', 0, 0, 0, 1, '392500', 9, '', '32984270396', 'emailaddr704@yopmail.com', '', '', 26, 4, 28, 1, '0000-00-00 00:00:00'),
(706, '705', '705', 'বাড়ির মালিকের নামে ৭০৫', 'মালিকের পিতার নামে ৭০৫', 0, 0, 0, 1, '913600', 6, '', '47549873209', 'emailaddr705@yopmail.com', '', '', 19, 23, 20, 1, '0000-00-00 00:00:00'),
(707, '706', '706', 'বাড়ির মালিকের নামে ৭০৬', 'মালিকের পিতার নামে ৭০৬', 0, 0, 0, 1, '330200', 9, '', '31950447990', 'emailaddr706@yopmail.com', '', '', 18, 26, 25, 1, '0000-00-00 00:00:00'),
(708, '707', '707', 'বাড়ির মালিকের নামে ৭০৭', 'মালিকের পিতার নামে ৭০৭', 0, 0, 0, 1, '206800', 9, '', '18291779951', 'emailaddr707@yopmail.com', '', '', 10, 26, 26, 1, '0000-00-00 00:00:00'),
(709, '708', '708', 'বাড়ির মালিকের নামে ৭০৮', 'মালিকের পিতার নামে ৭০৮', 0, 0, 0, 1, '969500', 7, '', '89109480724', 'emailaddr708@yopmail.com', '', '', 25, 13, 28, 1, '0000-00-00 00:00:00'),
(710, '709', '709', 'বাড়ির মালিকের নামে ৭০৯', 'মালিকের পিতার নামে ৭০৯', 0, 0, 0, 1, '474800', 4, '', '78374872046', 'emailaddr709@yopmail.com', '', '', 1, 1, 1, 1, '0000-00-00 00:00:00'),
(711, '710', '710', 'বাড়ির মালিকের নামে ৭১০', 'মালিকের পিতার নামে ৭১০', 0, 0, 0, 1, '752000', 10, '', '67431458207', 'emailaddr710@yopmail.com', '', '', 26, 20, 8, 1, '0000-00-00 00:00:00'),
(712, '711', '711', 'বাড়ির মালিকের নামে ৭১১', 'মালিকের পিতার নামে ৭১১', 0, 0, 0, 1, '424700', 8, '', '70419347286', 'emailaddr711@yopmail.com', '', '', 28, 25, 22, 1, '0000-00-00 00:00:00'),
(713, '712', '712', 'বাড়ির মালিকের নামে ৭১২', 'মালিকের পিতার নামে ৭১২', 0, 0, 0, 1, '917400', 4, '', '55281523265', 'emailaddr712@yopmail.com', '', '', 22, 27, 10, 1, '0000-00-00 00:00:00'),
(714, '713', '713', 'বাড়ির মালিকের নামে ৭১৩', 'মালিকের পিতার নামে ৭১৩', 0, 0, 0, 1, '777800', 5, '', '78073756960', 'emailaddr713@yopmail.com', '', '', 20, 25, 11, 1, '0000-00-00 00:00:00'),
(715, '714', '714', 'বাড়ির মালিকের নামে ৭১৪', 'মালিকের পিতার নামে ৭১৪', 0, 0, 0, 1, '469500', 10, '', '93895320736', 'emailaddr714@yopmail.com', '', '', 15, 10, 19, 1, '0000-00-00 00:00:00'),
(716, '715', '715', 'বাড়ির মালিকের নামে ৭১৫', 'মালিকের পিতার নামে ৭১৫', 0, 0, 0, 1, '211500', 8, '', '58991711813', 'emailaddr715@yopmail.com', '', '', 12, 1, 4, 1, '0000-00-00 00:00:00'),
(717, '716', '716', 'বাড়ির মালিকের নামে ৭১৬', 'মালিকের পিতার নামে ৭১৬', 0, 0, 0, 1, '757700', 7, '', '29937299658', 'emailaddr716@yopmail.com', '', '', 15, 26, 19, 1, '0000-00-00 00:00:00'),
(718, '717', '717', 'বাড়ির মালিকের নামে ৭১৭', 'মালিকের পিতার নামে ৭১৭', 0, 0, 0, 1, '312600', 5, '', '74192204068', 'emailaddr717@yopmail.com', '', '', 14, 16, 30, 1, '0000-00-00 00:00:00'),
(719, '718', '718', 'বাড়ির মালিকের নামে ৭১৮', 'মালিকের পিতার নামে ৭১৮', 0, 0, 0, 1, '793200', 7, '', '73591000553', 'emailaddr718@yopmail.com', '', '', 18, 14, 17, 1, '0000-00-00 00:00:00'),
(720, '719', '719', 'বাড়ির মালিকের নামে ৭১৯', 'মালিকের পিতার নামে ৭১৯', 0, 0, 0, 1, '912800', 9, '', '93365041217', 'emailaddr719@yopmail.com', '', '', 3, 7, 27, 1, '0000-00-00 00:00:00'),
(721, '720', '720', 'বাড়ির মালিকের নামে ৭২০', 'মালিকের পিতার নামে ৭২০', 0, 0, 0, 1, '636100', 4, '', '38757882169', 'emailaddr720@yopmail.com', '', '', 1, 26, 14, 1, '0000-00-00 00:00:00'),
(722, '721', '721', 'বাড়ির মালিকের নামে ৭২১', 'মালিকের পিতার নামে ৭২১', 0, 0, 0, 1, '427800', 5, '', '83770296966', 'emailaddr721@yopmail.com', '', '', 29, 15, 28, 1, '0000-00-00 00:00:00'),
(723, '722', '722', 'বাড়ির মালিকের নামে ৭২২', 'মালিকের পিতার নামে ৭২২', 0, 0, 0, 1, '284800', 6, '', '56283862326', 'emailaddr722@yopmail.com', '', '', 4, 11, 28, 1, '0000-00-00 00:00:00'),
(724, '723', '723', 'বাড়ির মালিকের নামে ৭২৩', 'মালিকের পিতার নামে ৭২৩', 0, 0, 0, 1, '714600', 3, '', '98188676444', 'emailaddr723@yopmail.com', '', '', 2, 3, 29, 1, '0000-00-00 00:00:00'),
(725, '724', '724', 'বাড়ির মালিকের নামে ৭২৪', 'মালিকের পিতার নামে ৭২৪', 0, 0, 0, 1, '284600', 3, '', '39196381762', 'emailaddr724@yopmail.com', '', '', 22, 3, 7, 1, '0000-00-00 00:00:00'),
(726, '725', '725', 'বাড়ির মালিকের নামে ৭২৫', 'মালিকের পিতার নামে ৭২৫', 0, 0, 0, 1, '779700', 6, '', '94891459416', 'emailaddr725@yopmail.com', '', '', 9, 9, 11, 1, '0000-00-00 00:00:00'),
(727, '726', '726', 'বাড়ির মালিকের নামে ৭২৬', 'মালিকের পিতার নামে ৭২৬', 0, 0, 0, 1, '788100', 8, '', '21125298727', 'emailaddr726@yopmail.com', '', '', 20, 12, 3, 1, '0000-00-00 00:00:00'),
(728, '727', '727', 'বাড়ির মালিকের নামে ৭২৭', 'মালিকের পিতার নামে ৭২৭', 0, 0, 0, 1, '129400', 10, '', '65759442236', 'emailaddr727@yopmail.com', '', '', 22, 2, 6, 1, '0000-00-00 00:00:00'),
(729, '728', '728', 'বাড়ির মালিকের নামে ৭২৮', 'মালিকের পিতার নামে ৭২৮', 0, 0, 0, 1, '662000', 5, '', '37102399618', 'emailaddr728@yopmail.com', '', '', 14, 12, 18, 1, '0000-00-00 00:00:00'),
(730, '729', '729', 'বাড়ির মালিকের নামে ৭২৯', 'মালিকের পিতার নামে ৭২৯', 0, 0, 0, 1, '155300', 4, '', '56971859107', 'emailaddr729@yopmail.com', '', '', 12, 21, 15, 1, '0000-00-00 00:00:00'),
(731, '730', '730', 'বাড়ির মালিকের নামে ৭৩০', 'মালিকের পিতার নামে ৭৩০', 0, 0, 0, 1, '437600', 10, '', '21257929971', 'emailaddr730@yopmail.com', '', '', 2, 19, 9, 1, '0000-00-00 00:00:00'),
(732, '731', '731', 'বাড়ির মালিকের নামে ৭৩১', 'মালিকের পিতার নামে ৭৩১', 0, 0, 0, 1, '225500', 3, '', '42628442643', 'emailaddr731@yopmail.com', '', '', 24, 23, 24, 1, '0000-00-00 00:00:00'),
(733, '732', '732', 'বাড়ির মালিকের নামে ৭৩২', 'মালিকের পিতার নামে ৭৩২', 0, 0, 0, 1, '900400', 6, '', '46324585640', 'emailaddr732@yopmail.com', '', '', 21, 5, 7, 1, '0000-00-00 00:00:00'),
(734, '733', '733', 'বাড়ির মালিকের নামে ৭৩৩', 'মালিকের পিতার নামে ৭৩৩', 0, 0, 0, 1, '560800', 9, '', '15519597296', 'emailaddr733@yopmail.com', '', '', 16, 4, 17, 1, '0000-00-00 00:00:00'),
(735, '734', '734', 'বাড়ির মালিকের নামে ৭৩৪', 'মালিকের পিতার নামে ৭৩৪', 0, 0, 0, 1, '140900', 4, '', '95998936163', 'emailaddr734@yopmail.com', '', '', 27, 23, 23, 1, '0000-00-00 00:00:00'),
(736, '735', '735', 'বাড়ির মালিকের নামে ৭৩৫', 'মালিকের পিতার নামে ৭৩৫', 0, 0, 0, 1, '998500', 7, '', '36011758705', 'emailaddr735@yopmail.com', '', '', 24, 29, 16, 1, '0000-00-00 00:00:00'),
(737, '736', '736', 'বাড়ির মালিকের নামে ৭৩৬', 'মালিকের পিতার নামে ৭৩৬', 0, 0, 0, 1, '638500', 7, '', '23798326654', 'emailaddr736@yopmail.com', '', '', 12, 25, 27, 1, '0000-00-00 00:00:00'),
(738, '737', '737', 'বাড়ির মালিকের নামে ৭৩৭', 'মালিকের পিতার নামে ৭৩৭', 0, 0, 0, 1, '257200', 9, '', '13047754263', 'emailaddr737@yopmail.com', '', '', 26, 6, 11, 1, '0000-00-00 00:00:00'),
(739, '738', '738', 'বাড়ির মালিকের নামে ৭৩৮', 'মালিকের পিতার নামে ৭৩৮', 0, 0, 0, 1, '666700', 8, '', '11464135279', 'emailaddr738@yopmail.com', '', '', 9, 12, 21, 1, '0000-00-00 00:00:00'),
(740, '739', '739', 'বাড়ির মালিকের নামে ৭৩৯', 'মালিকের পিতার নামে ৭৩৯', 0, 0, 0, 1, '360400', 10, '', '35696860642', 'emailaddr739@yopmail.com', '', '', 12, 21, 30, 1, '0000-00-00 00:00:00'),
(741, '740', '740', 'বাড়ির মালিকের নামে ৭৪০', 'মালিকের পিতার নামে ৭৪০', 0, 0, 0, 1, '148600', 8, '', '18199208133', 'emailaddr740@yopmail.com', '', '', 8, 3, 8, 1, '0000-00-00 00:00:00'),
(742, '741', '741', 'বাড়ির মালিকের নামে ৭৪১', 'মালিকের পিতার নামে ৭৪১', 0, 0, 0, 1, '957900', 10, '', '96178276413', 'emailaddr741@yopmail.com', '', '', 4, 18, 24, 1, '0000-00-00 00:00:00'),
(743, '742', '742', 'বাড়ির মালিকের নামে ৭৪২', 'মালিকের পিতার নামে ৭৪২', 0, 0, 0, 1, '733600', 4, '', '58392661100', 'emailaddr742@yopmail.com', '', '', 23, 5, 15, 1, '0000-00-00 00:00:00'),
(744, '743', '743', 'বাড়ির মালিকের নামে ৭৪৩', 'মালিকের পিতার নামে ৭৪৩', 0, 0, 0, 1, '266800', 8, '', '21575063916', 'emailaddr743@yopmail.com', '', '', 3, 27, 1, 1, '0000-00-00 00:00:00'),
(745, '744', '744', 'বাড়ির মালিকের নামে ৭৪৪', 'মালিকের পিতার নামে ৭৪৪', 0, 0, 0, 1, '987200', 10, '', '44405071909', 'emailaddr744@yopmail.com', '', '', 19, 30, 7, 1, '0000-00-00 00:00:00'),
(746, '745', '745', 'বাড়ির মালিকের নামে ৭৪৫', 'মালিকের পিতার নামে ৭৪৫', 0, 0, 0, 1, '472000', 10, '', '72435011325', 'emailaddr745@yopmail.com', '', '', 26, 11, 5, 1, '0000-00-00 00:00:00'),
(747, '746', '746', 'বাড়ির মালিকের নামে ৭৪৬', 'মালিকের পিতার নামে ৭৪৬', 0, 0, 0, 1, '245000', 6, '', '18260887580', 'emailaddr746@yopmail.com', '', '', 5, 9, 15, 1, '0000-00-00 00:00:00'),
(748, '747', '747', 'বাড়ির মালিকের নামে ৭৪৭', 'মালিকের পিতার নামে ৭৪৭', 0, 0, 0, 1, '490100', 5, '', '96300792960', 'emailaddr747@yopmail.com', '', '', 20, 14, 30, 1, '0000-00-00 00:00:00'),
(749, '748', '748', 'বাড়ির মালিকের নামে ৭৪৮', 'মালিকের পিতার নামে ৭৪৮', 0, 0, 0, 1, '357900', 6, '', '18512533619', 'emailaddr748@yopmail.com', '', '', 20, 16, 22, 1, '0000-00-00 00:00:00'),
(750, '749', '749', 'বাড়ির মালিকের নামে ৭৪৯', 'মালিকের পিতার নামে ৭৪৯', 0, 0, 0, 1, '464100', 5, '', '30879347247', 'emailaddr749@yopmail.com', '', '', 11, 10, 5, 1, '0000-00-00 00:00:00'),
(751, '750', '750', 'বাড়ির মালিকের নামে ৭৫০', 'মালিকের পিতার নামে ৭৫০', 0, 0, 0, 1, '418500', 8, '', '13176655753', 'emailaddr750@yopmail.com', '', '', 16, 17, 30, 1, '0000-00-00 00:00:00'),
(752, '751', '751', 'বাড়ির মালিকের নামে ৭৫১', 'মালিকের পিতার নামে ৭৫১', 0, 0, 0, 1, '147700', 8, '', '75834774236', 'emailaddr751@yopmail.com', '', '', 20, 29, 22, 1, '0000-00-00 00:00:00'),
(753, '752', '752', 'বাড়ির মালিকের নামে ৭৫২', 'মালিকের পিতার নামে ৭৫২', 0, 0, 0, 1, '559100', 9, '', '31988919332', 'emailaddr752@yopmail.com', '', '', 20, 22, 16, 1, '0000-00-00 00:00:00'),
(754, '753', '753', 'বাড়ির মালিকের নামে ৭৫৩', 'মালিকের পিতার নামে ৭৫৩', 0, 0, 0, 1, '899400', 7, '', '63453747930', 'emailaddr753@yopmail.com', '', '', 16, 30, 24, 1, '0000-00-00 00:00:00'),
(755, '754', '754', 'বাড়ির মালিকের নামে ৭৫৪', 'মালিকের পিতার নামে ৭৫৪', 0, 0, 0, 1, '464000', 5, '', '74012010422', 'emailaddr754@yopmail.com', '', '', 9, 1, 5, 1, '0000-00-00 00:00:00'),
(756, '755', '755', 'বাড়ির মালিকের নামে ৭৫৫', 'মালিকের পিতার নামে ৭৫৫', 0, 0, 0, 1, '288400', 7, '', '46795130702', 'emailaddr755@yopmail.com', '', '', 17, 23, 26, 1, '0000-00-00 00:00:00'),
(757, '756', '756', 'বাড়ির মালিকের নামে ৭৫৬', 'মালিকের পিতার নামে ৭৫৬', 0, 0, 0, 1, '559000', 4, '', '94964803826', 'emailaddr756@yopmail.com', '', '', 25, 30, 8, 1, '0000-00-00 00:00:00'),
(758, '757', '757', 'বাড়ির মালিকের নামে ৭৫৭', 'মালিকের পিতার নামে ৭৫৭', 0, 0, 0, 1, '911500', 4, '', '18315403421', 'emailaddr757@yopmail.com', '', '', 5, 9, 20, 1, '0000-00-00 00:00:00'),
(759, '758', '758', 'বাড়ির মালিকের নামে ৭৫৮', 'মালিকের পিতার নামে ৭৫৮', 0, 0, 0, 1, '539300', 10, '', '62044279258', 'emailaddr758@yopmail.com', '', '', 10, 14, 19, 1, '0000-00-00 00:00:00'),
(760, '759', '759', 'বাড়ির মালিকের নামে ৭৫৯', 'মালিকের পিতার নামে ৭৫৯', 0, 0, 0, 1, '353000', 6, '', '51250286205', 'emailaddr759@yopmail.com', '', '', 12, 24, 14, 1, '0000-00-00 00:00:00'),
(761, '760', '760', 'বাড়ির মালিকের নামে ৭৬০', 'মালিকের পিতার নামে ৭৬০', 0, 0, 0, 1, '141700', 3, '', '94871153702', 'emailaddr760@yopmail.com', '', '', 18, 26, 12, 1, '0000-00-00 00:00:00'),
(762, '761', '761', 'বাড়ির মালিকের নামে ৭৬১', 'মালিকের পিতার নামে ৭৬১', 0, 0, 0, 1, '393700', 10, '', '66558346014', 'emailaddr761@yopmail.com', '', '', 8, 3, 14, 1, '0000-00-00 00:00:00'),
(763, '762', '762', 'বাড়ির মালিকের নামে ৭৬২', 'মালিকের পিতার নামে ৭৬২', 0, 0, 0, 1, '737400', 4, '', '79460816349', 'emailaddr762@yopmail.com', '', '', 17, 24, 1, 1, '0000-00-00 00:00:00'),
(764, '763', '763', 'বাড়ির মালিকের নামে ৭৬৩', 'মালিকের পিতার নামে ৭৬৩', 0, 0, 0, 1, '346600', 8, '', '28638592238', 'emailaddr763@yopmail.com', '', '', 13, 1, 29, 1, '0000-00-00 00:00:00'),
(765, '764', '764', 'বাড়ির মালিকের নামে ৭৬৪', 'মালিকের পিতার নামে ৭৬৪', 0, 0, 0, 1, '646000', 10, '', '31114410042', 'emailaddr764@yopmail.com', '', '', 25, 13, 24, 1, '0000-00-00 00:00:00'),
(766, '765', '765', 'বাড়ির মালিকের নামে ৭৬৫', 'মালিকের পিতার নামে ৭৬৫', 0, 0, 0, 1, '336700', 7, '', '80563098740', 'emailaddr765@yopmail.com', '', '', 26, 29, 9, 1, '0000-00-00 00:00:00'),
(767, '766', '766', 'বাড়ির মালিকের নামে ৭৬৬', 'মালিকের পিতার নামে ৭৬৬', 0, 0, 0, 1, '198500', 5, '', '94727654463', 'emailaddr766@yopmail.com', '', '', 28, 30, 18, 1, '0000-00-00 00:00:00'),
(768, '767', '767', 'বাড়ির মালিকের নামে ৭৬৭', 'মালিকের পিতার নামে ৭৬৭', 0, 0, 0, 1, '524000', 10, '', '54421909933', 'emailaddr767@yopmail.com', '', '', 29, 30, 25, 1, '0000-00-00 00:00:00'),
(769, '768', '768', 'বাড়ির মালিকের নামে ৭৬৮', 'মালিকের পিতার নামে ৭৬৮', 0, 0, 0, 1, '157300', 3, '', '70803684588', 'emailaddr768@yopmail.com', '', '', 29, 19, 22, 1, '0000-00-00 00:00:00'),
(770, '769', '769', 'বাড়ির মালিকের নামে ৭৬৯', 'মালিকের পিতার নামে ৭৬৯', 0, 0, 0, 1, '932700', 8, '', '45565887692', 'emailaddr769@yopmail.com', '', '', 12, 24, 4, 1, '0000-00-00 00:00:00'),
(771, '770', '770', 'বাড়ির মালিকের নামে ৭৭০', 'মালিকের পিতার নামে ৭৭০', 0, 0, 0, 1, '290600', 8, '', '81226762893', 'emailaddr770@yopmail.com', '', '', 5, 20, 1, 1, '0000-00-00 00:00:00'),
(772, '771', '771', 'বাড়ির মালিকের নামে ৭৭১', 'মালিকের পিতার নামে ৭৭১', 0, 0, 0, 1, '733600', 6, '', '15347500819', 'emailaddr771@yopmail.com', '', '', 25, 15, 23, 1, '0000-00-00 00:00:00'),
(773, '772', '772', 'বাড়ির মালিকের নামে ৭৭২', 'মালিকের পিতার নামে ৭৭২', 0, 0, 0, 1, '712100', 5, '', '58385428860', 'emailaddr772@yopmail.com', '', '', 12, 10, 11, 1, '0000-00-00 00:00:00'),
(774, '773', '773', 'বাড়ির মালিকের নামে ৭৭৩', 'মালিকের পিতার নামে ৭৭৩', 0, 0, 0, 1, '519000', 4, '', '65781217866', 'emailaddr773@yopmail.com', '', '', 5, 2, 9, 1, '0000-00-00 00:00:00'),
(775, '774', '774', 'বাড়ির মালিকের নামে ৭৭৪', 'মালিকের পিতার নামে ৭৭৪', 0, 0, 0, 1, '402800', 10, '', '90981130943', 'emailaddr774@yopmail.com', '', '', 21, 22, 2, 1, '0000-00-00 00:00:00'),
(776, '775', '775', 'বাড়ির মালিকের নামে ৭৭৫', 'মালিকের পিতার নামে ৭৭৫', 0, 0, 0, 1, '464300', 8, '', '61230407449', 'emailaddr775@yopmail.com', '', '', 23, 6, 3, 1, '0000-00-00 00:00:00'),
(777, '776', '776', 'বাড়ির মালিকের নামে ৭৭৬', 'মালিকের পিতার নামে ৭৭৬', 0, 0, 0, 1, '686300', 10, '', '57603735068', 'emailaddr776@yopmail.com', '', '', 1, 24, 19, 1, '0000-00-00 00:00:00'),
(778, '777', '777', 'বাড়ির মালিকের নামে ৭৭৭', 'মালিকের পিতার নামে ৭৭৭', 0, 0, 0, 1, '841000', 8, '', '82310218863', 'emailaddr777@yopmail.com', '', '', 10, 12, 4, 1, '0000-00-00 00:00:00'),
(779, '778', '778', 'বাড়ির মালিকের নামে ৭৭৮', 'মালিকের পিতার নামে ৭৭৮', 0, 0, 0, 1, '222000', 9, '', '82607566406', 'emailaddr778@yopmail.com', '', '', 10, 8, 4, 1, '0000-00-00 00:00:00'),
(780, '779', '779', 'বাড়ির মালিকের নামে ৭৭৯', 'মালিকের পিতার নামে ৭৭৯', 0, 0, 0, 1, '573000', 4, '', '78707578852', 'emailaddr779@yopmail.com', '', '', 9, 4, 2, 1, '0000-00-00 00:00:00'),
(781, '780', '780', 'বাড়ির মালিকের নামে ৭৮০', 'মালিকের পিতার নামে ৭৮০', 0, 0, 0, 1, '675000', 7, '', '58874274406', 'emailaddr780@yopmail.com', '', '', 3, 16, 15, 1, '0000-00-00 00:00:00'),
(782, '781', '781', 'বাড়ির মালিকের নামে ৭৮১', 'মালিকের পিতার নামে ৭৮১', 0, 0, 0, 1, '689700', 7, '', '14865311104', 'emailaddr781@yopmail.com', '', '', 12, 26, 24, 1, '0000-00-00 00:00:00'),
(783, '782', '782', 'বাড়ির মালিকের নামে ৭৮২', 'মালিকের পিতার নামে ৭৮২', 0, 0, 0, 1, '441100', 9, '', '74251203659', 'emailaddr782@yopmail.com', '', '', 3, 16, 24, 1, '0000-00-00 00:00:00'),
(784, '783', '783', 'বাড়ির মালিকের নামে ৭৮৩', 'মালিকের পিতার নামে ৭৮৩', 0, 0, 0, 1, '303500', 4, '', '35262614262', 'emailaddr783@yopmail.com', '', '', 1, 1, 22, 1, '0000-00-00 00:00:00'),
(785, '784', '784', 'বাড়ির মালিকের নামে ৭৮৪', 'মালিকের পিতার নামে ৭৮৪', 0, 0, 0, 1, '190800', 3, '', '71064295118', 'emailaddr784@yopmail.com', '', '', 27, 26, 2, 1, '0000-00-00 00:00:00'),
(786, '785', '785', 'বাড়ির মালিকের নামে ৭৮৫', 'মালিকের পিতার নামে ৭৮৫', 0, 0, 0, 1, '447600', 3, '', '44764296409', 'emailaddr785@yopmail.com', '', '', 18, 22, 9, 1, '0000-00-00 00:00:00'),
(787, '786', '786', 'বাড়ির মালিকের নামে ৭৮৬', 'মালিকের পিতার নামে ৭৮৬', 0, 0, 0, 1, '727600', 3, '', '84358425705', 'emailaddr786@yopmail.com', '', '', 29, 29, 30, 1, '0000-00-00 00:00:00'),
(788, '787', '787', 'বাড়ির মালিকের নামে ৭৮৭', 'মালিকের পিতার নামে ৭৮৭', 0, 0, 0, 1, '844100', 3, '', '17321661668', 'emailaddr787@yopmail.com', '', '', 2, 18, 30, 1, '0000-00-00 00:00:00'),
(789, '788', '788', 'বাড়ির মালিকের নামে ৭৮৮', 'মালিকের পিতার নামে ৭৮৮', 0, 0, 0, 1, '659300', 3, '', '20910365334', 'emailaddr788@yopmail.com', '', '', 26, 12, 18, 1, '0000-00-00 00:00:00'),
(790, '789', '789', 'বাড়ির মালিকের নামে ৭৮৯', 'মালিকের পিতার নামে ৭৮৯', 0, 0, 0, 1, '775100', 6, '', '23796193083', 'emailaddr789@yopmail.com', '', '', 2, 5, 29, 1, '0000-00-00 00:00:00'),
(791, '790', '790', 'বাড়ির মালিকের নামে ৭৯০', 'মালিকের পিতার নামে ৭৯০', 0, 0, 0, 1, '289900', 6, '', '49940149392', 'emailaddr790@yopmail.com', '', '', 8, 24, 29, 1, '0000-00-00 00:00:00'),
(792, '791', '791', 'বাড়ির মালিকের নামে ৭৯১', 'মালিকের পিতার নামে ৭৯১', 0, 0, 0, 1, '263200', 3, '', '33460572002', 'emailaddr791@yopmail.com', '', '', 6, 2, 21, 1, '0000-00-00 00:00:00'),
(793, '792', '792', 'বাড়ির মালিকের নামে ৭৯২', 'মালিকের পিতার নামে ৭৯২', 0, 0, 0, 1, '808300', 7, '', '88909450921', 'emailaddr792@yopmail.com', '', '', 27, 22, 26, 1, '0000-00-00 00:00:00');
INSERT INTO `holdings` (`id`, `holding_no`, `holding_slug`, `owner_name`, `owner_fathers_name`, `asset_category_id`, `asset_cat_class_id`, `sqr_feet`, `asset_qty`, `yearly_amount`, `yearly_percentage`, `description`, `phone`, `email`, `nid`, `google_map_data`, `ward_id`, `area_id`, `road_id`, `status`, `created_at`) VALUES
(794, '793', '793', 'বাড়ির মালিকের নামে ৭৯৩', 'মালিকের পিতার নামে ৭৯৩', 0, 0, 0, 1, '849600', 7, '', '32652151186', 'emailaddr793@yopmail.com', '', '', 17, 3, 8, 1, '0000-00-00 00:00:00'),
(795, '794', '794', 'বাড়ির মালিকের নামে ৭৯৪', 'মালিকের পিতার নামে ৭৯৪', 0, 0, 0, 1, '426100', 4, '', '62552875597', 'emailaddr794@yopmail.com', '', '', 17, 6, 21, 1, '0000-00-00 00:00:00'),
(796, '795', '795', 'বাড়ির মালিকের নামে ৭৯৫', 'মালিকের পিতার নামে ৭৯৫', 0, 0, 0, 1, '809500', 8, '', '11404027947', 'emailaddr795@yopmail.com', '', '', 10, 28, 1, 1, '0000-00-00 00:00:00'),
(797, '796', '796', 'বাড়ির মালিকের নামে ৭৯৬', 'মালিকের পিতার নামে ৭৯৬', 0, 0, 0, 1, '899700', 3, '', '24507724258', 'emailaddr796@yopmail.com', '', '', 21, 14, 11, 1, '0000-00-00 00:00:00'),
(798, '797', '797', 'বাড়ির মালিকের নামে ৭৯৭', 'মালিকের পিতার নামে ৭৯৭', 0, 0, 0, 1, '938300', 10, '', '30286832962', 'emailaddr797@yopmail.com', '', '', 24, 10, 3, 1, '0000-00-00 00:00:00'),
(799, '798', '798', 'বাড়ির মালিকের নামে ৭৯৮', 'মালিকের পিতার নামে ৭৯৮', 0, 0, 0, 1, '236500', 10, '', '64485599158', 'emailaddr798@yopmail.com', '', '', 15, 16, 1, 1, '0000-00-00 00:00:00'),
(800, '799', '799', 'বাড়ির মালিকের নামে ৭৯৯', 'মালিকের পিতার নামে ৭৯৯', 0, 0, 0, 1, '968400', 3, '', '74905298739', 'emailaddr799@yopmail.com', '', '', 5, 20, 11, 1, '0000-00-00 00:00:00'),
(801, '800', '800', 'বাড়ির মালিকের নামে ৮০০', 'মালিকের পিতার নামে ৮০০', 0, 0, 0, 1, '320300', 9, '', '99288465910', 'emailaddr800@yopmail.com', '', '', 28, 25, 10, 1, '0000-00-00 00:00:00'),
(802, '801', '801', 'বাড়ির মালিকের নামে ৮০১', 'মালিকের পিতার নামে ৮০১', 0, 0, 0, 1, '553400', 3, '', '34099190394', 'emailaddr801@yopmail.com', '', '', 1, 13, 10, 1, '0000-00-00 00:00:00'),
(803, '802', '802', 'বাড়ির মালিকের নামে ৮০২', 'মালিকের পিতার নামে ৮০২', 0, 0, 0, 1, '650800', 5, '', '91130382450', 'emailaddr802@yopmail.com', '', '', 20, 28, 23, 1, '0000-00-00 00:00:00'),
(804, '803', '803', 'বাড়ির মালিকের নামে ৮০৩', 'মালিকের পিতার নামে ৮০৩', 0, 0, 0, 1, '509600', 10, '', '29232168064', 'emailaddr803@yopmail.com', '', '', 1, 7, 10, 1, '0000-00-00 00:00:00'),
(805, '804', '804', 'বাড়ির মালিকের নামে ৮০৪', 'মালিকের পিতার নামে ৮০৪', 0, 0, 0, 1, '175600', 4, '', '86981811511', 'emailaddr804@yopmail.com', '', '', 19, 18, 15, 1, '0000-00-00 00:00:00'),
(806, '805', '805', 'বাড়ির মালিকের নামে ৮০৫', 'মালিকের পিতার নামে ৮০৫', 0, 0, 0, 1, '134600', 5, '', '47610853817', 'emailaddr805@yopmail.com', '', '', 14, 26, 10, 1, '0000-00-00 00:00:00'),
(807, '806', '806', 'বাড়ির মালিকের নামে ৮০৬', 'মালিকের পিতার নামে ৮০৬', 0, 0, 0, 1, '895200', 3, '', '49964494412', 'emailaddr806@yopmail.com', '', '', 3, 3, 7, 1, '0000-00-00 00:00:00'),
(808, '807', '807', 'বাড়ির মালিকের নামে ৮০৭', 'মালিকের পিতার নামে ৮০৭', 0, 0, 0, 1, '914200', 7, '', '94600454249', 'emailaddr807@yopmail.com', '', '', 4, 19, 26, 1, '0000-00-00 00:00:00'),
(809, '808', '808', 'বাড়ির মালিকের নামে ৮০৮', 'মালিকের পিতার নামে ৮০৮', 0, 0, 0, 1, '921200', 4, '', '93988873997', 'emailaddr808@yopmail.com', '', '', 10, 15, 6, 1, '0000-00-00 00:00:00'),
(810, '809', '809', 'বাড়ির মালিকের নামে ৮০৯', 'মালিকের পিতার নামে ৮০৯', 0, 0, 0, 1, '959100', 9, '', '59564654170', 'emailaddr809@yopmail.com', '', '', 20, 10, 27, 1, '0000-00-00 00:00:00'),
(811, '810', '810', 'বাড়ির মালিকের নামে ৮১০', 'মালিকের পিতার নামে ৮১০', 0, 0, 0, 1, '631500', 3, '', '62108025556', 'emailaddr810@yopmail.com', '', '', 10, 16, 21, 1, '0000-00-00 00:00:00'),
(812, '811', '811', 'বাড়ির মালিকের নামে ৮১১', 'মালিকের পিতার নামে ৮১১', 0, 0, 0, 1, '359300', 5, '', '73282918847', 'emailaddr811@yopmail.com', '', '', 3, 1, 1, 1, '0000-00-00 00:00:00'),
(813, '812', '812', 'বাড়ির মালিকের নামে ৮১২', 'মালিকের পিতার নামে ৮১২', 0, 0, 0, 1, '177900', 9, '', '90645337816', 'emailaddr812@yopmail.com', '', '', 7, 29, 4, 1, '0000-00-00 00:00:00'),
(814, '813', '813', 'বাড়ির মালিকের নামে ৮১৩', 'মালিকের পিতার নামে ৮১৩', 0, 0, 0, 1, '802500', 3, '', '71749555560', 'emailaddr813@yopmail.com', '', '', 5, 6, 19, 1, '0000-00-00 00:00:00'),
(815, '814', '814', 'বাড়ির মালিকের নামে ৮১৪', 'মালিকের পিতার নামে ৮১৪', 0, 0, 0, 1, '672100', 4, '', '64527270878', 'emailaddr814@yopmail.com', '', '', 20, 24, 19, 1, '0000-00-00 00:00:00'),
(816, '815', '815', 'বাড়ির মালিকের নামে ৮১৫', 'মালিকের পিতার নামে ৮১৫', 0, 0, 0, 1, '556800', 4, '', '68244953417', 'emailaddr815@yopmail.com', '', '', 17, 29, 20, 1, '0000-00-00 00:00:00'),
(817, '816', '816', 'বাড়ির মালিকের নামে ৮১৬', 'মালিকের পিতার নামে ৮১৬', 0, 0, 0, 1, '362200', 4, '', '93262621780', 'emailaddr816@yopmail.com', '', '', 6, 14, 13, 1, '0000-00-00 00:00:00'),
(818, '817', '817', 'বাড়ির মালিকের নামে ৮১৭', 'মালিকের পিতার নামে ৮১৭', 0, 0, 0, 1, '704400', 9, '', '49657868332', 'emailaddr817@yopmail.com', '', '', 1, 12, 5, 1, '0000-00-00 00:00:00'),
(819, '818', '818', 'বাড়ির মালিকের নামে ৮১৮', 'মালিকের পিতার নামে ৮১৮', 0, 0, 0, 1, '242600', 9, '', '38112441729', 'emailaddr818@yopmail.com', '', '', 8, 1, 13, 1, '0000-00-00 00:00:00'),
(820, '819', '819', 'বাড়ির মালিকের নামে ৮১৯', 'মালিকের পিতার নামে ৮১৯', 0, 0, 0, 1, '980700', 4, '', '62762839519', 'emailaddr819@yopmail.com', '', '', 1, 24, 28, 1, '0000-00-00 00:00:00'),
(821, '820', '820', 'বাড়ির মালিকের নামে ৮২০', 'মালিকের পিতার নামে ৮২০', 0, 0, 0, 1, '492400', 9, '', '64169529049', 'emailaddr820@yopmail.com', '', '', 22, 27, 26, 1, '0000-00-00 00:00:00'),
(822, '821', '821', 'বাড়ির মালিকের নামে ৮২১', 'মালিকের পিতার নামে ৮২১', 0, 0, 0, 1, '725200', 6, '', '85949105656', 'emailaddr821@yopmail.com', '', '', 1, 15, 1, 1, '0000-00-00 00:00:00'),
(823, '822', '822', 'বাড়ির মালিকের নামে ৮২২', 'মালিকের পিতার নামে ৮২২', 0, 0, 0, 1, '214900', 4, '', '81258566609', 'emailaddr822@yopmail.com', '', '', 15, 1, 27, 1, '0000-00-00 00:00:00'),
(824, '823', '823', 'বাড়ির মালিকের নামে ৮২৩', 'মালিকের পিতার নামে ৮২৩', 0, 0, 0, 1, '591600', 4, '', '58449389270', 'emailaddr823@yopmail.com', '', '', 29, 29, 26, 1, '0000-00-00 00:00:00'),
(825, '824', '824', 'বাড়ির মালিকের নামে ৮২৪', 'মালিকের পিতার নামে ৮২৪', 0, 0, 0, 1, '648900', 4, '', '64561382367', 'emailaddr824@yopmail.com', '', '', 12, 25, 7, 1, '0000-00-00 00:00:00'),
(826, '825', '825', 'বাড়ির মালিকের নামে ৮২৫', 'মালিকের পিতার নামে ৮২৫', 0, 0, 0, 1, '252200', 6, '', '13120845066', 'emailaddr825@yopmail.com', '', '', 19, 30, 23, 1, '0000-00-00 00:00:00'),
(827, '826', '826', 'বাড়ির মালিকের নামে ৮২৬', 'মালিকের পিতার নামে ৮২৬', 0, 0, 0, 1, '174900', 3, '', '58320249197', 'emailaddr826@yopmail.com', '', '', 5, 21, 3, 1, '0000-00-00 00:00:00'),
(828, '827', '827', 'বাড়ির মালিকের নামে ৮২৭', 'মালিকের পিতার নামে ৮২৭', 0, 0, 0, 1, '825100', 8, '', '49110773311', 'emailaddr827@yopmail.com', '', '', 24, 1, 11, 1, '0000-00-00 00:00:00'),
(829, '828', '828', 'বাড়ির মালিকের নামে ৮২৮', 'মালিকের পিতার নামে ৮২৮', 0, 0, 0, 1, '798800', 3, '', '77396575754', 'emailaddr828@yopmail.com', '', '', 11, 28, 2, 1, '0000-00-00 00:00:00'),
(830, '829', '829', 'বাড়ির মালিকের নামে ৮২৯', 'মালিকের পিতার নামে ৮২৯', 0, 0, 0, 1, '200500', 5, '', '15959881434', 'emailaddr829@yopmail.com', '', '', 12, 19, 9, 1, '0000-00-00 00:00:00'),
(831, '830', '830', 'বাড়ির মালিকের নামে ৮৩০', 'মালিকের পিতার নামে ৮৩০', 0, 0, 0, 1, '135300', 9, '', '55013200619', 'emailaddr830@yopmail.com', '', '', 23, 26, 30, 1, '0000-00-00 00:00:00'),
(832, '831', '831', 'বাড়ির মালিকের নামে ৮৩১', 'মালিকের পিতার নামে ৮৩১', 0, 0, 0, 1, '250900', 3, '', '71152152562', 'emailaddr831@yopmail.com', '', '', 15, 12, 15, 1, '0000-00-00 00:00:00'),
(833, '832', '832', 'বাড়ির মালিকের নামে ৮৩২', 'মালিকের পিতার নামে ৮৩২', 0, 0, 0, 1, '810800', 5, '', '87573980141', 'emailaddr832@yopmail.com', '', '', 23, 4, 4, 1, '0000-00-00 00:00:00'),
(834, '833', '833', 'বাড়ির মালিকের নামে ৮৩৩', 'মালিকের পিতার নামে ৮৩৩', 0, 0, 0, 1, '116400', 8, '', '71286038639', 'emailaddr833@yopmail.com', '', '', 27, 3, 30, 1, '0000-00-00 00:00:00'),
(835, '834', '834', 'বাড়ির মালিকের নামে ৮৩৪', 'মালিকের পিতার নামে ৮৩৪', 0, 0, 0, 1, '521300', 4, '', '12907558273', 'emailaddr834@yopmail.com', '', '', 26, 7, 4, 1, '0000-00-00 00:00:00'),
(836, '835', '835', 'বাড়ির মালিকের নামে ৮৩৫', 'মালিকের পিতার নামে ৮৩৫', 0, 0, 0, 1, '116700', 6, '', '88291964502', 'emailaddr835@yopmail.com', '', '', 20, 27, 27, 1, '0000-00-00 00:00:00'),
(837, '836', '836', 'বাড়ির মালিকের নামে ৮৩৬', 'মালিকের পিতার নামে ৮৩৬', 0, 0, 0, 1, '468000', 5, '', '16675629072', 'emailaddr836@yopmail.com', '', '', 4, 15, 27, 1, '0000-00-00 00:00:00'),
(838, '837', '837', 'বাড়ির মালিকের নামে ৮৩৭', 'মালিকের পিতার নামে ৮৩৭', 0, 0, 0, 1, '841600', 8, '', '96428504331', 'emailaddr837@yopmail.com', '', '', 5, 16, 18, 1, '0000-00-00 00:00:00'),
(839, '838', '838', 'বাড়ির মালিকের নামে ৮৩৮', 'মালিকের পিতার নামে ৮৩৮', 0, 0, 0, 1, '972900', 7, '', '24915498216', 'emailaddr838@yopmail.com', '', '', 12, 21, 12, 1, '0000-00-00 00:00:00'),
(840, '839', '839', 'বাড়ির মালিকের নামে ৮৩৯', 'মালিকের পিতার নামে ৮৩৯', 0, 0, 0, 1, '131300', 6, '', '89833869626', 'emailaddr839@yopmail.com', '', '', 27, 4, 13, 1, '0000-00-00 00:00:00'),
(841, '840', '840', 'বাড়ির মালিকের নামে ৮৪০', 'মালিকের পিতার নামে ৮৪০', 0, 0, 0, 1, '606400', 5, '', '44340943191', 'emailaddr840@yopmail.com', '', '', 7, 9, 29, 1, '0000-00-00 00:00:00'),
(842, '841', '841', 'বাড়ির মালিকের নামে ৮৪১', 'মালিকের পিতার নামে ৮৪১', 0, 0, 0, 1, '679700', 8, '', '95737037250', 'emailaddr841@yopmail.com', '', '', 11, 19, 6, 1, '0000-00-00 00:00:00'),
(843, '842', '842', 'বাড়ির মালিকের নামে ৮৪২', 'মালিকের পিতার নামে ৮৪২', 0, 0, 0, 1, '429700', 8, '', '76030413788', 'emailaddr842@yopmail.com', '', '', 15, 6, 12, 1, '0000-00-00 00:00:00'),
(844, '843', '843', 'বাড়ির মালিকের নামে ৮৪৩', 'মালিকের পিতার নামে ৮৪৩', 0, 0, 0, 1, '377100', 3, '', '80644246298', 'emailaddr843@yopmail.com', '', '', 20, 17, 2, 1, '0000-00-00 00:00:00'),
(845, '844', '844', 'বাড়ির মালিকের নামে ৮৪৪', 'মালিকের পিতার নামে ৮৪৪', 0, 0, 0, 1, '499500', 10, '', '84395388628', 'emailaddr844@yopmail.com', '', '', 16, 2, 12, 1, '0000-00-00 00:00:00'),
(846, '845', '845', 'বাড়ির মালিকের নামে ৮৪৫', 'মালিকের পিতার নামে ৮৪৫', 0, 0, 0, 1, '902300', 9, '', '24078825546', 'emailaddr845@yopmail.com', '', '', 3, 21, 11, 1, '0000-00-00 00:00:00'),
(847, '846', '846', 'বাড়ির মালিকের নামে ৮৪৬', 'মালিকের পিতার নামে ৮৪৬', 0, 0, 0, 1, '312700', 10, '', '43823519565', 'emailaddr846@yopmail.com', '', '', 21, 5, 5, 1, '0000-00-00 00:00:00'),
(848, '847', '847', 'বাড়ির মালিকের নামে ৮৪৭', 'মালিকের পিতার নামে ৮৪৭', 0, 0, 0, 1, '783200', 9, '', '55006146074', 'emailaddr847@yopmail.com', '', '', 12, 4, 10, 1, '0000-00-00 00:00:00'),
(849, '848', '848', 'বাড়ির মালিকের নামে ৮৪৮', 'মালিকের পিতার নামে ৮৪৮', 0, 0, 0, 1, '148800', 9, '', '99856124312', 'emailaddr848@yopmail.com', '', '', 5, 27, 10, 1, '0000-00-00 00:00:00'),
(850, '849', '849', 'বাড়ির মালিকের নামে ৮৪৯', 'মালিকের পিতার নামে ৮৪৯', 0, 0, 0, 1, '218600', 8, '', '30957293842', 'emailaddr849@yopmail.com', '', '', 19, 18, 17, 1, '0000-00-00 00:00:00'),
(851, '850', '850', 'বাড়ির মালিকের নামে ৮৫০', 'মালিকের পিতার নামে ৮৫০', 0, 0, 0, 1, '813900', 4, '', '67621901273', 'emailaddr850@yopmail.com', '', '', 8, 21, 10, 1, '0000-00-00 00:00:00'),
(852, '851', '851', 'বাড়ির মালিকের নামে ৮৫১', 'মালিকের পিতার নামে ৮৫১', 0, 0, 0, 1, '873100', 10, '', '64928143858', 'emailaddr851@yopmail.com', '', '', 21, 26, 2, 1, '0000-00-00 00:00:00'),
(853, '852', '852', 'বাড়ির মালিকের নামে ৮৫২', 'মালিকের পিতার নামে ৮৫২', 0, 0, 0, 1, '437800', 10, '', '94889431250', 'emailaddr852@yopmail.com', '', '', 9, 16, 17, 1, '0000-00-00 00:00:00'),
(854, '853', '853', 'বাড়ির মালিকের নামে ৮৫৩', 'মালিকের পিতার নামে ৮৫৩', 0, 0, 0, 1, '396400', 7, '', '34062563676', 'emailaddr853@yopmail.com', '', '', 23, 21, 8, 1, '0000-00-00 00:00:00'),
(855, '854', '854', 'বাড়ির মালিকের নামে ৮৫৪', 'মালিকের পিতার নামে ৮৫৪', 0, 0, 0, 1, '533800', 8, '', '62259523866', 'emailaddr854@yopmail.com', '', '', 11, 6, 21, 1, '0000-00-00 00:00:00'),
(856, '855', '855', 'বাড়ির মালিকের নামে ৮৫৫', 'মালিকের পিতার নামে ৮৫৫', 0, 0, 0, 1, '902700', 7, '', '92759379846', 'emailaddr855@yopmail.com', '', '', 12, 9, 17, 1, '0000-00-00 00:00:00'),
(857, '856', '856', 'বাড়ির মালিকের নামে ৮৫৬', 'মালিকের পিতার নামে ৮৫৬', 0, 0, 0, 1, '771800', 9, '', '28550252299', 'emailaddr856@yopmail.com', '', '', 8, 1, 2, 1, '0000-00-00 00:00:00'),
(858, '857', '857', 'বাড়ির মালিকের নামে ৮৫৭', 'মালিকের পিতার নামে ৮৫৭', 0, 0, 0, 1, '590000', 8, '', '18956449691', 'emailaddr857@yopmail.com', '', '', 21, 15, 12, 1, '0000-00-00 00:00:00'),
(859, '858', '858', 'বাড়ির মালিকের নামে ৮৫৮', 'মালিকের পিতার নামে ৮৫৮', 0, 0, 0, 1, '946100', 10, '', '17599080906', 'emailaddr858@yopmail.com', '', '', 10, 5, 18, 1, '0000-00-00 00:00:00'),
(860, '859', '859', 'বাড়ির মালিকের নামে ৮৫৯', 'মালিকের পিতার নামে ৮৫৯', 0, 0, 0, 1, '764900', 7, '', '61279142272', 'emailaddr859@yopmail.com', '', '', 13, 20, 10, 1, '0000-00-00 00:00:00'),
(861, '860', '860', 'বাড়ির মালিকের নামে ৮৬০', 'মালিকের পিতার নামে ৮৬০', 0, 0, 0, 1, '894400', 8, '', '42030074435', 'emailaddr860@yopmail.com', '', '', 17, 15, 27, 1, '0000-00-00 00:00:00'),
(862, '861', '861', 'বাড়ির মালিকের নামে ৮৬১', 'মালিকের পিতার নামে ৮৬১', 0, 0, 0, 1, '823100', 6, '', '54202052023', 'emailaddr861@yopmail.com', '', '', 28, 8, 19, 1, '0000-00-00 00:00:00'),
(863, '862', '862', 'বাড়ির মালিকের নামে ৮৬২', 'মালিকের পিতার নামে ৮৬২', 0, 0, 0, 1, '656000', 7, '', '79318429205', 'emailaddr862@yopmail.com', '', '', 8, 16, 13, 1, '0000-00-00 00:00:00'),
(864, '863', '863', 'বাড়ির মালিকের নামে ৮৬৩', 'মালিকের পিতার নামে ৮৬৩', 0, 0, 0, 1, '646100', 10, '', '70928397271', 'emailaddr863@yopmail.com', '', '', 26, 30, 27, 1, '0000-00-00 00:00:00'),
(865, '864', '864', 'বাড়ির মালিকের নামে ৮৬৪', 'মালিকের পিতার নামে ৮৬৪', 0, 0, 0, 1, '715800', 5, '', '23152498470', 'emailaddr864@yopmail.com', '', '', 3, 24, 20, 1, '0000-00-00 00:00:00'),
(866, '865', '865', 'বাড়ির মালিকের নামে ৮৬৫', 'মালিকের পিতার নামে ৮৬৫', 0, 0, 0, 1, '294900', 8, '', '28904271484', 'emailaddr865@yopmail.com', '', '', 13, 27, 26, 1, '0000-00-00 00:00:00'),
(867, '866', '866', 'বাড়ির মালিকের নামে ৮৬৬', 'মালিকের পিতার নামে ৮৬৬', 0, 0, 0, 1, '420500', 8, '', '85599351431', 'emailaddr866@yopmail.com', '', '', 11, 10, 8, 1, '0000-00-00 00:00:00'),
(868, '867', '867', 'বাড়ির মালিকের নামে ৮৬৭', 'মালিকের পিতার নামে ৮৬৭', 0, 0, 0, 1, '962800', 10, '', '91533528568', 'emailaddr867@yopmail.com', '', '', 18, 16, 14, 1, '0000-00-00 00:00:00'),
(869, '868', '868', 'বাড়ির মালিকের নামে ৮৬৮', 'মালিকের পিতার নামে ৮৬৮', 0, 0, 0, 1, '438500', 10, '', '25014488037', 'emailaddr868@yopmail.com', '', '', 8, 22, 13, 1, '0000-00-00 00:00:00'),
(870, '869', '869', 'বাড়ির মালিকের নামে ৮৬৯', 'মালিকের পিতার নামে ৮৬৯', 0, 0, 0, 1, '125900', 3, '', '85396702019', 'emailaddr869@yopmail.com', '', '', 22, 23, 20, 1, '0000-00-00 00:00:00'),
(871, '870', '870', 'বাড়ির মালিকের নামে ৮৭০', 'মালিকের পিতার নামে ৮৭০', 0, 0, 0, 1, '877700', 7, '', '60948382132', 'emailaddr870@yopmail.com', '', '', 4, 5, 29, 1, '0000-00-00 00:00:00'),
(872, '871', '871', 'বাড়ির মালিকের নামে ৮৭১', 'মালিকের পিতার নামে ৮৭১', 0, 0, 0, 1, '226200', 10, '', '55373670255', 'emailaddr871@yopmail.com', '', '', 25, 27, 6, 1, '0000-00-00 00:00:00'),
(873, '872', '872', 'বাড়ির মালিকের নামে ৮৭২', 'মালিকের পিতার নামে ৮৭২', 0, 0, 0, 1, '295200', 5, '', '79926652801', 'emailaddr872@yopmail.com', '', '', 23, 27, 2, 1, '0000-00-00 00:00:00'),
(874, '873', '873', 'বাড়ির মালিকের নামে ৮৭৩', 'মালিকের পিতার নামে ৮৭৩', 0, 0, 0, 1, '391100', 8, '', '99354500026', 'emailaddr873@yopmail.com', '', '', 3, 20, 16, 1, '0000-00-00 00:00:00'),
(875, '874', '874', 'বাড়ির মালিকের নামে ৮৭৪', 'মালিকের পিতার নামে ৮৭৪', 0, 0, 0, 1, '587900', 3, '', '73226852951', 'emailaddr874@yopmail.com', '', '', 27, 30, 9, 1, '0000-00-00 00:00:00'),
(876, '875', '875', 'বাড়ির মালিকের নামে ৮৭৫', 'মালিকের পিতার নামে ৮৭৫', 0, 0, 0, 1, '803300', 6, '', '98103272853', 'emailaddr875@yopmail.com', '', '', 8, 17, 23, 1, '0000-00-00 00:00:00'),
(877, '876', '876', 'বাড়ির মালিকের নামে ৮৭৬', 'মালিকের পিতার নামে ৮৭৬', 0, 0, 0, 1, '306100', 7, '', '61502675574', 'emailaddr876@yopmail.com', '', '', 20, 27, 18, 1, '0000-00-00 00:00:00'),
(878, '877', '877', 'বাড়ির মালিকের নামে ৮৭৭', 'মালিকের পিতার নামে ৮৭৭', 0, 0, 0, 1, '736600', 10, '', '81455842980', 'emailaddr877@yopmail.com', '', '', 29, 2, 9, 1, '0000-00-00 00:00:00'),
(879, '878', '878', 'বাড়ির মালিকের নামে ৮৭৮', 'মালিকের পিতার নামে ৮৭৮', 0, 0, 0, 1, '846400', 4, '', '99858836582', 'emailaddr878@yopmail.com', '', '', 13, 15, 25, 1, '0000-00-00 00:00:00'),
(880, '879', '879', 'বাড়ির মালিকের নামে ৮৭৯', 'মালিকের পিতার নামে ৮৭৯', 0, 0, 0, 1, '680000', 3, '', '27914134016', 'emailaddr879@yopmail.com', '', '', 30, 3, 21, 1, '0000-00-00 00:00:00'),
(881, '880', '880', 'বাড়ির মালিকের নামে ৮৮০', 'মালিকের পিতার নামে ৮৮০', 0, 0, 0, 1, '900100', 3, '', '79306411380', 'emailaddr880@yopmail.com', '', '', 24, 10, 12, 1, '0000-00-00 00:00:00'),
(882, '881', '881', 'বাড়ির মালিকের নামে ৮৮১', 'মালিকের পিতার নামে ৮৮১', 0, 0, 0, 1, '844200', 6, '', '20466131849', 'emailaddr881@yopmail.com', '', '', 11, 4, 24, 1, '0000-00-00 00:00:00'),
(883, '882', '882', 'বাড়ির মালিকের নামে ৮৮২', 'মালিকের পিতার নামে ৮৮২', 0, 0, 0, 1, '274100', 4, '', '93542555322', 'emailaddr882@yopmail.com', '', '', 20, 27, 13, 1, '0000-00-00 00:00:00'),
(884, '883', '883', 'বাড়ির মালিকের নামে ৮৮৩', 'মালিকের পিতার নামে ৮৮৩', 0, 0, 0, 1, '741400', 10, '', '64703333460', 'emailaddr883@yopmail.com', '', '', 20, 24, 5, 1, '0000-00-00 00:00:00'),
(885, '884', '884', 'বাড়ির মালিকের নামে ৮৮৪', 'মালিকের পিতার নামে ৮৮৪', 0, 0, 0, 1, '927100', 7, '', '67935685171', 'emailaddr884@yopmail.com', '', '', 5, 11, 5, 1, '0000-00-00 00:00:00'),
(886, '885', '885', 'বাড়ির মালিকের নামে ৮৮৫', 'মালিকের পিতার নামে ৮৮৫', 0, 0, 0, 1, '157500', 7, '', '73193891754', 'emailaddr885@yopmail.com', '', '', 21, 28, 6, 1, '0000-00-00 00:00:00'),
(887, '886', '886', 'বাড়ির মালিকের নামে ৮৮৬', 'মালিকের পিতার নামে ৮৮৬', 0, 0, 0, 1, '150700', 6, '', '35293269570', 'emailaddr886@yopmail.com', '', '', 20, 28, 11, 1, '0000-00-00 00:00:00'),
(888, '887', '887', 'বাড়ির মালিকের নামে ৮৮৭', 'মালিকের পিতার নামে ৮৮৭', 0, 0, 0, 1, '592700', 9, '', '20360171724', 'emailaddr887@yopmail.com', '', '', 15, 9, 7, 1, '0000-00-00 00:00:00'),
(889, '888', '888', 'বাড়ির মালিকের নামে ৮৮৮', 'মালিকের পিতার নামে ৮৮৮', 0, 0, 0, 1, '794900', 4, '', '26035077749', 'emailaddr888@yopmail.com', '', '', 25, 15, 22, 1, '0000-00-00 00:00:00'),
(890, '889', '889', 'বাড়ির মালিকের নামে ৮৮৯', 'মালিকের পিতার নামে ৮৮৯', 0, 0, 0, 1, '809500', 4, '', '42162207667', 'emailaddr889@yopmail.com', '', '', 17, 21, 2, 1, '0000-00-00 00:00:00'),
(891, '890', '890', 'বাড়ির মালিকের নামে ৮৯০', 'মালিকের পিতার নামে ৮৯০', 0, 0, 0, 1, '801900', 5, '', '46955342319', 'emailaddr890@yopmail.com', '', '', 9, 6, 19, 1, '0000-00-00 00:00:00'),
(892, '891', '891', 'বাড়ির মালিকের নামে ৮৯১', 'মালিকের পিতার নামে ৮৯১', 0, 0, 0, 1, '358300', 10, '', '25602853420', 'emailaddr891@yopmail.com', '', '', 19, 28, 21, 1, '0000-00-00 00:00:00'),
(893, '892', '892', 'বাড়ির মালিকের নামে ৮৯২', 'মালিকের পিতার নামে ৮৯২', 0, 0, 0, 1, '156000', 7, '', '22543100650', 'emailaddr892@yopmail.com', '', '', 8, 14, 19, 1, '0000-00-00 00:00:00'),
(894, '893', '893', 'বাড়ির মালিকের নামে ৮৯৩', 'মালিকের পিতার নামে ৮৯৩', 0, 0, 0, 1, '208500', 5, '', '29267886229', 'emailaddr893@yopmail.com', '', '', 14, 17, 1, 1, '0000-00-00 00:00:00'),
(895, '894', '894', 'বাড়ির মালিকের নামে ৮৯৪', 'মালিকের পিতার নামে ৮৯৪', 0, 0, 0, 1, '420900', 3, '', '34768720272', 'emailaddr894@yopmail.com', '', '', 14, 7, 10, 1, '0000-00-00 00:00:00'),
(896, '895', '895', 'বাড়ির মালিকের নামে ৮৯৫', 'মালিকের পিতার নামে ৮৯৫', 0, 0, 0, 1, '767000', 4, '', '92231175574', 'emailaddr895@yopmail.com', '', '', 4, 18, 13, 1, '0000-00-00 00:00:00'),
(897, '896', '896', 'বাড়ির মালিকের নামে ৮৯৬', 'মালিকের পিতার নামে ৮৯৬', 0, 0, 0, 1, '524500', 4, '', '56592240646', 'emailaddr896@yopmail.com', '', '', 7, 17, 9, 1, '0000-00-00 00:00:00'),
(898, '897', '897', 'বাড়ির মালিকের নামে ৮৯৭', 'মালিকের পিতার নামে ৮৯৭', 0, 0, 0, 1, '810100', 6, '', '73966337397', 'emailaddr897@yopmail.com', '', '', 16, 21, 14, 1, '0000-00-00 00:00:00'),
(899, '898', '898', 'বাড়ির মালিকের নামে ৮৯৮', 'মালিকের পিতার নামে ৮৯৮', 0, 0, 0, 1, '603300', 7, '', '28041334295', 'emailaddr898@yopmail.com', '', '', 13, 9, 7, 1, '0000-00-00 00:00:00'),
(900, '899', '899', 'বাড়ির মালিকের নামে ৮৯৯', 'মালিকের পিতার নামে ৮৯৯', 0, 0, 0, 1, '654000', 5, '', '25828628962', 'emailaddr899@yopmail.com', '', '', 12, 7, 21, 1, '0000-00-00 00:00:00'),
(901, '900', '900', 'বাড়ির মালিকের নামে ৯০০', 'মালিকের পিতার নামে ৯০০', 0, 0, 0, 1, '379700', 5, '', '23012037010', 'emailaddr900@yopmail.com', '', '', 15, 25, 13, 1, '0000-00-00 00:00:00'),
(902, '901', '901', 'বাড়ির মালিকের নামে ৯০১', 'মালিকের পিতার নামে ৯০১', 0, 0, 0, 1, '761600', 3, '', '24424691865', 'emailaddr901@yopmail.com', '', '', 10, 15, 9, 1, '0000-00-00 00:00:00'),
(903, '902', '902', 'বাড়ির মালিকের নামে ৯০২', 'মালিকের পিতার নামে ৯০২', 0, 0, 0, 1, '644200', 6, '', '26283729004', 'emailaddr902@yopmail.com', '', '', 30, 27, 20, 1, '0000-00-00 00:00:00'),
(904, '903', '903', 'বাড়ির মালিকের নামে ৯০৩', 'মালিকের পিতার নামে ৯০৩', 0, 0, 0, 1, '427700', 4, '', '91015292661', 'emailaddr903@yopmail.com', '', '', 19, 16, 26, 1, '0000-00-00 00:00:00'),
(905, '904', '904', 'বাড়ির মালিকের নামে ৯০৪', 'মালিকের পিতার নামে ৯০৪', 0, 0, 0, 1, '813000', 3, '', '41196685101', 'emailaddr904@yopmail.com', '', '', 5, 30, 22, 1, '0000-00-00 00:00:00'),
(906, '905', '905', 'বাড়ির মালিকের নামে ৯০৫', 'মালিকের পিতার নামে ৯০৫', 0, 0, 0, 1, '453500', 4, '', '74845309400', 'emailaddr905@yopmail.com', '', '', 7, 4, 23, 1, '0000-00-00 00:00:00'),
(907, '906', '906', 'বাড়ির মালিকের নামে ৯০৬', 'মালিকের পিতার নামে ৯০৬', 0, 0, 0, 1, '182700', 9, '', '69046848682', 'emailaddr906@yopmail.com', '', '', 30, 1, 1, 1, '0000-00-00 00:00:00'),
(908, '907', '907', 'বাড়ির মালিকের নামে ৯০৭', 'মালিকের পিতার নামে ৯০৭', 0, 0, 0, 1, '558000', 7, '', '87677397099', 'emailaddr907@yopmail.com', '', '', 7, 24, 3, 1, '0000-00-00 00:00:00'),
(909, '908', '908', 'বাড়ির মালিকের নামে ৯০৮', 'মালিকের পিতার নামে ৯০৮', 0, 0, 0, 1, '882100', 5, '', '52512671659', 'emailaddr908@yopmail.com', '', '', 8, 14, 9, 1, '0000-00-00 00:00:00'),
(910, '909', '909', 'বাড়ির মালিকের নামে ৯০৯', 'মালিকের পিতার নামে ৯০৯', 0, 0, 0, 1, '125400', 3, '', '92156861818', 'emailaddr909@yopmail.com', '', '', 18, 27, 20, 1, '0000-00-00 00:00:00'),
(911, '910', '910', 'বাড়ির মালিকের নামে ৯১০', 'মালিকের পিতার নামে ৯১০', 0, 0, 0, 1, '954900', 6, '', '99607962837', 'emailaddr910@yopmail.com', '', '', 21, 22, 22, 1, '0000-00-00 00:00:00'),
(912, '911', '911', 'বাড়ির মালিকের নামে ৯১১', 'মালিকের পিতার নামে ৯১১', 0, 0, 0, 1, '688400', 6, '', '90962560079', 'emailaddr911@yopmail.com', '', '', 19, 25, 3, 1, '0000-00-00 00:00:00'),
(913, '912', '912', 'বাড়ির মালিকের নামে ৯১২', 'মালিকের পিতার নামে ৯১২', 0, 0, 0, 1, '344700', 9, '', '24493741567', 'emailaddr912@yopmail.com', '', '', 21, 16, 1, 1, '0000-00-00 00:00:00'),
(914, '913', '913', 'বাড়ির মালিকের নামে ৯১৩', 'মালিকের পিতার নামে ৯১৩', 0, 0, 0, 1, '997900', 3, '', '40095183443', 'emailaddr913@yopmail.com', '', '', 19, 20, 21, 1, '0000-00-00 00:00:00'),
(915, '914', '914', 'বাড়ির মালিকের নামে ৯১৪', 'মালিকের পিতার নামে ৯১৪', 0, 0, 0, 1, '944200', 9, '', '61385641641', 'emailaddr914@yopmail.com', '', '', 20, 11, 17, 1, '0000-00-00 00:00:00'),
(916, '915', '915', 'বাড়ির মালিকের নামে ৯১৫', 'মালিকের পিতার নামে ৯১৫', 0, 0, 0, 1, '167500', 5, '', '32961841406', 'emailaddr915@yopmail.com', '', '', 8, 6, 6, 1, '0000-00-00 00:00:00'),
(917, '916', '916', 'বাড়ির মালিকের নামে ৯১৬', 'মালিকের পিতার নামে ৯১৬', 0, 0, 0, 1, '285200', 3, '', '73895885584', 'emailaddr916@yopmail.com', '', '', 10, 22, 4, 1, '0000-00-00 00:00:00'),
(918, '917', '917', 'বাড়ির মালিকের নামে ৯১৭', 'মালিকের পিতার নামে ৯১৭', 0, 0, 0, 1, '888900', 9, '', '90425891838', 'emailaddr917@yopmail.com', '', '', 10, 21, 2, 1, '0000-00-00 00:00:00'),
(919, '918', '918', 'বাড়ির মালিকের নামে ৯১৮', 'মালিকের পিতার নামে ৯১৮', 0, 0, 0, 1, '348500', 7, '', '54468897773', 'emailaddr918@yopmail.com', '', '', 7, 24, 7, 1, '0000-00-00 00:00:00'),
(920, '919', '919', 'বাড়ির মালিকের নামে ৯১৯', 'মালিকের পিতার নামে ৯১৯', 0, 0, 0, 1, '967400', 10, '', '40352184161', 'emailaddr919@yopmail.com', '', '', 1, 18, 16, 1, '0000-00-00 00:00:00'),
(921, '920', '920', 'বাড়ির মালিকের নামে ৯২০', 'মালিকের পিতার নামে ৯২০', 0, 0, 0, 1, '957500', 8, '', '32334773727', 'emailaddr920@yopmail.com', '', '', 19, 18, 13, 1, '0000-00-00 00:00:00'),
(922, '921', '921', 'বাড়ির মালিকের নামে ৯২১', 'মালিকের পিতার নামে ৯২১', 0, 0, 0, 1, '771600', 4, '', '69233304486', 'emailaddr921@yopmail.com', '', '', 12, 3, 9, 1, '0000-00-00 00:00:00'),
(923, '922', '922', 'বাড়ির মালিকের নামে ৯২২', 'মালিকের পিতার নামে ৯২২', 0, 0, 0, 1, '786200', 3, '', '76060434134', 'emailaddr922@yopmail.com', '', '', 21, 5, 8, 1, '0000-00-00 00:00:00'),
(924, '923', '923', 'বাড়ির মালিকের নামে ৯২৩', 'মালিকের পিতার নামে ৯২৩', 0, 0, 0, 1, '790400', 7, '', '57953204965', 'emailaddr923@yopmail.com', '', '', 7, 8, 22, 1, '0000-00-00 00:00:00'),
(925, '924', '924', 'বাড়ির মালিকের নামে ৯২৪', 'মালিকের পিতার নামে ৯২৪', 0, 0, 0, 1, '830400', 5, '', '91450009773', 'emailaddr924@yopmail.com', '', '', 5, 27, 7, 1, '0000-00-00 00:00:00'),
(926, '925', '925', 'বাড়ির মালিকের নামে ৯২৫', 'মালিকের পিতার নামে ৯২৫', 0, 0, 0, 1, '409300', 10, '', '67339681966', 'emailaddr925@yopmail.com', '', '', 18, 20, 18, 1, '0000-00-00 00:00:00'),
(927, '926', '926', 'বাড়ির মালিকের নামে ৯২৬', 'মালিকের পিতার নামে ৯২৬', 0, 0, 0, 1, '337100', 6, '', '68605395097', 'emailaddr926@yopmail.com', '', '', 24, 21, 28, 1, '0000-00-00 00:00:00'),
(928, '927', '927', 'বাড়ির মালিকের নামে ৯২৭', 'মালিকের পিতার নামে ৯২৭', 0, 0, 0, 1, '655500', 7, '', '80146954938', 'emailaddr927@yopmail.com', '', '', 14, 1, 27, 1, '0000-00-00 00:00:00'),
(929, '928', '928', 'বাড়ির মালিকের নামে ৯২৮', 'মালিকের পিতার নামে ৯২৮', 0, 0, 0, 1, '391700', 3, '', '72337020515', 'emailaddr928@yopmail.com', '', '', 15, 17, 30, 1, '0000-00-00 00:00:00'),
(930, '929', '929', 'বাড়ির মালিকের নামে ৯২৯', 'মালিকের পিতার নামে ৯২৯', 0, 0, 0, 1, '125400', 3, '', '48313413160', 'emailaddr929@yopmail.com', '', '', 6, 5, 18, 1, '0000-00-00 00:00:00'),
(931, '930', '930', 'বাড়ির মালিকের নামে ৯৩০', 'মালিকের পিতার নামে ৯৩০', 0, 0, 0, 1, '610500', 3, '', '28042210819', 'emailaddr930@yopmail.com', '', '', 15, 11, 4, 1, '0000-00-00 00:00:00'),
(932, '931', '931', 'বাড়ির মালিকের নামে ৯৩১', 'মালিকের পিতার নামে ৯৩১', 0, 0, 0, 1, '469300', 10, '', '80450713402', 'emailaddr931@yopmail.com', '', '', 24, 7, 3, 1, '0000-00-00 00:00:00'),
(933, '932', '932', 'বাড়ির মালিকের নামে ৯৩২', 'মালিকের পিতার নামে ৯৩২', 0, 0, 0, 1, '201700', 10, '', '51409097814', 'emailaddr932@yopmail.com', '', '', 27, 15, 4, 1, '0000-00-00 00:00:00'),
(934, '933', '933', 'বাড়ির মালিকের নামে ৯৩৩', 'মালিকের পিতার নামে ৯৩৩', 0, 0, 0, 1, '626500', 8, '', '69752365024', 'emailaddr933@yopmail.com', '', '', 5, 14, 27, 1, '0000-00-00 00:00:00'),
(935, '934', '934', 'বাড়ির মালিকের নামে ৯৩৪', 'মালিকের পিতার নামে ৯৩৪', 0, 0, 0, 1, '739000', 7, '', '82986503052', 'emailaddr934@yopmail.com', '', '', 20, 6, 22, 1, '0000-00-00 00:00:00'),
(936, '935', '935', 'বাড়ির মালিকের নামে ৯৩৫', 'মালিকের পিতার নামে ৯৩৫', 0, 0, 0, 1, '411300', 7, '', '63185303031', 'emailaddr935@yopmail.com', '', '', 8, 25, 7, 1, '0000-00-00 00:00:00'),
(937, '936', '936', 'বাড়ির মালিকের নামে ৯৩৬', 'মালিকের পিতার নামে ৯৩৬', 0, 0, 0, 1, '926500', 10, '', '18460792752', 'emailaddr936@yopmail.com', '', '', 7, 1, 10, 1, '0000-00-00 00:00:00'),
(938, '937', '937', 'বাড়ির মালিকের নামে ৯৩৭', 'মালিকের পিতার নামে ৯৩৭', 0, 0, 0, 1, '941200', 5, '', '26096046635', 'emailaddr937@yopmail.com', '', '', 28, 9, 2, 1, '0000-00-00 00:00:00'),
(939, '938', '938', 'বাড়ির মালিকের নামে ৯৩৮', 'মালিকের পিতার নামে ৯৩৮', 0, 0, 0, 1, '394500', 10, '', '94701688917', 'emailaddr938@yopmail.com', '', '', 19, 17, 25, 1, '0000-00-00 00:00:00'),
(940, '939', '939', 'বাড়ির মালিকের নামে ৯৩৯', 'মালিকের পিতার নামে ৯৩৯', 0, 0, 0, 1, '939000', 7, '', '41260757928', 'emailaddr939@yopmail.com', '', '', 4, 19, 5, 1, '0000-00-00 00:00:00'),
(941, '940', '940', 'বাড়ির মালিকের নামে ৯৪০', 'মালিকের পিতার নামে ৯৪০', 0, 0, 0, 1, '688900', 6, '', '91820998720', 'emailaddr940@yopmail.com', '', '', 24, 2, 15, 1, '0000-00-00 00:00:00'),
(942, '941', '941', 'বাড়ির মালিকের নামে ৯৪১', 'মালিকের পিতার নামে ৯৪১', 0, 0, 0, 1, '394800', 10, '', '77518189358', 'emailaddr941@yopmail.com', '', '', 27, 14, 14, 1, '0000-00-00 00:00:00'),
(943, '942', '942', 'বাড়ির মালিকের নামে ৯৪২', 'মালিকের পিতার নামে ৯৪২', 0, 0, 0, 1, '251700', 6, '', '48724658339', 'emailaddr942@yopmail.com', '', '', 6, 17, 28, 1, '0000-00-00 00:00:00'),
(944, '943', '943', 'বাড়ির মালিকের নামে ৯৪৩', 'মালিকের পিতার নামে ৯৪৩', 0, 0, 0, 1, '264900', 7, '', '34776247472', 'emailaddr943@yopmail.com', '', '', 12, 3, 4, 1, '0000-00-00 00:00:00'),
(945, '944', '944', 'বাড়ির মালিকের নামে ৯৪৪', 'মালিকের পিতার নামে ৯৪৪', 0, 0, 0, 1, '623600', 6, '', '44373688834', 'emailaddr944@yopmail.com', '', '', 13, 9, 12, 1, '0000-00-00 00:00:00'),
(946, '945', '945', 'বাড়ির মালিকের নামে ৯৪৫', 'মালিকের পিতার নামে ৯৪৫', 0, 0, 0, 1, '342000', 6, '', '16131166698', 'emailaddr945@yopmail.com', '', '', 3, 23, 8, 1, '0000-00-00 00:00:00'),
(947, '946', '946', 'বাড়ির মালিকের নামে ৯৪৬', 'মালিকের পিতার নামে ৯৪৬', 0, 0, 0, 1, '235400', 3, '', '14918838746', 'emailaddr946@yopmail.com', '', '', 17, 26, 8, 1, '0000-00-00 00:00:00'),
(948, '947', '947', 'বাড়ির মালিকের নামে ৯৪৭', 'মালিকের পিতার নামে ৯৪৭', 0, 0, 0, 1, '484600', 5, '', '33954104818', 'emailaddr947@yopmail.com', '', '', 12, 25, 29, 1, '0000-00-00 00:00:00'),
(949, '948', '948', 'বাড়ির মালিকের নামে ৯৪৮', 'মালিকের পিতার নামে ৯৪৮', 0, 0, 0, 1, '533800', 5, '', '51587838239', 'emailaddr948@yopmail.com', '', '', 22, 3, 1, 1, '0000-00-00 00:00:00'),
(950, '949', '949', 'বাড়ির মালিকের নামে ৯৪৯', 'মালিকের পিতার নামে ৯৪৯', 0, 0, 0, 1, '171700', 3, '', '49460177706', 'emailaddr949@yopmail.com', '', '', 27, 22, 20, 1, '0000-00-00 00:00:00'),
(951, '950', '950', 'বাড়ির মালিকের নামে ৯৫০', 'মালিকের পিতার নামে ৯৫০', 0, 0, 0, 1, '338500', 9, '', '21032172050', 'emailaddr950@yopmail.com', '', '', 9, 1, 15, 1, '0000-00-00 00:00:00'),
(952, '951', '951', 'বাড়ির মালিকের নামে ৯৫১', 'মালিকের পিতার নামে ৯৫১', 0, 0, 0, 1, '817300', 9, '', '65838653170', 'emailaddr951@yopmail.com', '', '', 17, 8, 9, 1, '0000-00-00 00:00:00'),
(953, '952', '952', 'বাড়ির মালিকের নামে ৯৫২', 'মালিকের পিতার নামে ৯৫২', 0, 0, 0, 1, '289800', 7, '', '50747703310', 'emailaddr952@yopmail.com', '', '', 1, 26, 22, 1, '0000-00-00 00:00:00'),
(954, '953', '953', 'বাড়ির মালিকের নামে ৯৫৩', 'মালিকের পিতার নামে ৯৫৩', 0, 0, 0, 1, '581200', 4, '', '35214929006', 'emailaddr953@yopmail.com', '', '', 8, 18, 27, 1, '0000-00-00 00:00:00'),
(955, '954', '954', 'বাড়ির মালিকের নামে ৯৫৪', 'মালিকের পিতার নামে ৯৫৪', 0, 0, 0, 1, '295700', 10, '', '87361249266', 'emailaddr954@yopmail.com', '', '', 7, 22, 28, 1, '0000-00-00 00:00:00'),
(956, '955', '955', 'বাড়ির মালিকের নামে ৯৫৫', 'মালিকের পিতার নামে ৯৫৫', 0, 0, 0, 1, '389600', 3, '', '13300010407', 'emailaddr955@yopmail.com', '', '', 3, 30, 3, 1, '0000-00-00 00:00:00'),
(957, '956', '956', 'বাড়ির মালিকের নামে ৯৫৬', 'মালিকের পিতার নামে ৯৫৬', 0, 0, 0, 1, '679500', 8, '', '25158565452', 'emailaddr956@yopmail.com', '', '', 14, 23, 24, 1, '0000-00-00 00:00:00'),
(958, '957', '957', 'বাড়ির মালিকের নামে ৯৫৭', 'মালিকের পিতার নামে ৯৫৭', 0, 0, 0, 1, '284900', 9, '', '21079717619', 'emailaddr957@yopmail.com', '', '', 19, 4, 26, 1, '0000-00-00 00:00:00'),
(959, '958', '958', 'বাড়ির মালিকের নামে ৯৫৮', 'মালিকের পিতার নামে ৯৫৮', 0, 0, 0, 1, '251500', 10, '', '91678091351', 'emailaddr958@yopmail.com', '', '', 19, 11, 24, 1, '0000-00-00 00:00:00'),
(960, '959', '959', 'বাড়ির মালিকের নামে ৯৫৯', 'মালিকের পিতার নামে ৯৫৯', 0, 0, 0, 1, '978500', 9, '', '93578876807', 'emailaddr959@yopmail.com', '', '', 16, 12, 8, 1, '0000-00-00 00:00:00'),
(961, '960', '960', 'বাড়ির মালিকের নামে ৯৬০', 'মালিকের পিতার নামে ৯৬০', 0, 0, 0, 1, '969400', 9, '', '62693013960', 'emailaddr960@yopmail.com', '', '', 17, 2, 3, 1, '0000-00-00 00:00:00'),
(962, '961', '961', 'বাড়ির মালিকের নামে ৯৬১', 'মালিকের পিতার নামে ৯৬১', 0, 0, 0, 1, '227500', 8, '', '90713033328', 'emailaddr961@yopmail.com', '', '', 7, 8, 9, 1, '0000-00-00 00:00:00'),
(963, '962', '962', 'বাড়ির মালিকের নামে ৯৬২', 'মালিকের পিতার নামে ৯৬২', 0, 0, 0, 1, '305800', 3, '', '17246217399', 'emailaddr962@yopmail.com', '', '', 30, 26, 27, 1, '0000-00-00 00:00:00'),
(964, '963', '963', 'বাড়ির মালিকের নামে ৯৬৩', 'মালিকের পিতার নামে ৯৬৩', 0, 0, 0, 1, '839200', 4, '', '37570244481', 'emailaddr963@yopmail.com', '', '', 11, 25, 3, 1, '0000-00-00 00:00:00'),
(965, '964', '964', 'বাড়ির মালিকের নামে ৯৬৪', 'মালিকের পিতার নামে ৯৬৪', 0, 0, 0, 1, '244200', 10, '', '23776680869', 'emailaddr964@yopmail.com', '', '', 28, 12, 17, 1, '0000-00-00 00:00:00'),
(966, '965', '965', 'বাড়ির মালিকের নামে ৯৬৫', 'মালিকের পিতার নামে ৯৬৫', 0, 0, 0, 1, '350000', 9, '', '94450722940', 'emailaddr965@yopmail.com', '', '', 9, 17, 10, 1, '0000-00-00 00:00:00'),
(967, '966', '966', 'বাড়ির মালিকের নামে ৯৬৬', 'মালিকের পিতার নামে ৯৬৬', 0, 0, 0, 1, '659200', 3, '', '17181797056', 'emailaddr966@yopmail.com', '', '', 28, 29, 28, 1, '0000-00-00 00:00:00'),
(968, '967', '967', 'বাড়ির মালিকের নামে ৯৬৭', 'মালিকের পিতার নামে ৯৬৭', 0, 0, 0, 1, '538900', 9, '', '75767842107', 'emailaddr967@yopmail.com', '', '', 20, 13, 15, 1, '0000-00-00 00:00:00'),
(969, '968', '968', 'বাড়ির মালিকের নামে ৯৬৮', 'মালিকের পিতার নামে ৯৬৮', 0, 0, 0, 1, '853500', 10, '', '28438524593', 'emailaddr968@yopmail.com', '', '', 8, 8, 22, 1, '0000-00-00 00:00:00'),
(970, '969', '969', 'বাড়ির মালিকের নামে ৯৬৯', 'মালিকের পিতার নামে ৯৬৯', 0, 0, 0, 1, '904500', 8, '', '38108289316', 'emailaddr969@yopmail.com', '', '', 17, 7, 30, 1, '0000-00-00 00:00:00'),
(971, '970', '970', 'বাড়ির মালিকের নামে ৯৭০', 'মালিকের পিতার নামে ৯৭০', 0, 0, 0, 1, '942100', 7, '', '53267357269', 'emailaddr970@yopmail.com', '', '', 29, 11, 26, 1, '0000-00-00 00:00:00'),
(972, '971', '971', 'বাড়ির মালিকের নামে ৯৭১', 'মালিকের পিতার নামে ৯৭১', 0, 0, 0, 1, '239200', 6, '', '98693142506', 'emailaddr971@yopmail.com', '', '', 26, 11, 24, 1, '0000-00-00 00:00:00'),
(973, '972', '972', 'বাড়ির মালিকের নামে ৯৭২', 'মালিকের পিতার নামে ৯৭২', 0, 0, 0, 1, '700500', 7, '', '41641859490', 'emailaddr972@yopmail.com', '', '', 19, 24, 22, 1, '0000-00-00 00:00:00'),
(974, '973', '973', 'বাড়ির মালিকের নামে ৯৭৩', 'মালিকের পিতার নামে ৯৭৩', 0, 0, 0, 1, '796100', 10, '', '44936739944', 'emailaddr973@yopmail.com', '', '', 21, 26, 29, 1, '0000-00-00 00:00:00'),
(975, '974', '974', 'বাড়ির মালিকের নামে ৯৭৪', 'মালিকের পিতার নামে ৯৭৪', 0, 0, 0, 1, '406500', 6, '', '48313817197', 'emailaddr974@yopmail.com', '', '', 4, 25, 22, 1, '0000-00-00 00:00:00'),
(976, '975', '975', 'বাড়ির মালিকের নামে ৯৭৫', 'মালিকের পিতার নামে ৯৭৫', 0, 0, 0, 1, '565300', 8, '', '23769249420', 'emailaddr975@yopmail.com', '', '', 6, 8, 16, 1, '0000-00-00 00:00:00'),
(977, '976', '976', 'বাড়ির মালিকের নামে ৯৭৬', 'মালিকের পিতার নামে ৯৭৬', 0, 0, 0, 1, '646600', 10, '', '73957297157', 'emailaddr976@yopmail.com', '', '', 29, 8, 23, 1, '0000-00-00 00:00:00'),
(978, '977', '977', 'বাড়ির মালিকের নামে ৯৭৭', 'মালিকের পিতার নামে ৯৭৭', 0, 0, 0, 1, '928600', 5, '', '29345861888', 'emailaddr977@yopmail.com', '', '', 7, 23, 8, 1, '0000-00-00 00:00:00'),
(979, '978', '978', 'বাড়ির মালিকের নামে ৯৭৮', 'মালিকের পিতার নামে ৯৭৮', 0, 0, 0, 1, '152600', 7, '', '39291044304', 'emailaddr978@yopmail.com', '', '', 16, 23, 28, 1, '0000-00-00 00:00:00'),
(980, '979', '979', 'বাড়ির মালিকের নামে ৯৭৯', 'মালিকের পিতার নামে ৯৭৯', 0, 0, 0, 1, '321700', 3, '', '48026019233', 'emailaddr979@yopmail.com', '', '', 8, 18, 27, 1, '0000-00-00 00:00:00'),
(981, '980', '980', 'বাড়ির মালিকের নামে ৯৮০', 'মালিকের পিতার নামে ৯৮০', 0, 0, 0, 1, '609100', 4, '', '96794159987', 'emailaddr980@yopmail.com', '', '', 22, 7, 13, 1, '0000-00-00 00:00:00'),
(982, '981', '981', 'বাড়ির মালিকের নামে ৯৮১', 'মালিকের পিতার নামে ৯৮১', 0, 0, 0, 1, '640300', 9, '', '26228895452', 'emailaddr981@yopmail.com', '', '', 6, 26, 27, 1, '0000-00-00 00:00:00'),
(983, '982', '982', 'বাড়ির মালিকের নামে ৯৮২', 'মালিকের পিতার নামে ৯৮২', 0, 0, 0, 1, '745700', 10, '', '34784982720', 'emailaddr982@yopmail.com', '', '', 27, 30, 25, 1, '0000-00-00 00:00:00'),
(984, '983', '983', 'বাড়ির মালিকের নামে ৯৮৩', 'মালিকের পিতার নামে ৯৮৩', 0, 0, 0, 1, '960800', 9, '', '80475462598', 'emailaddr983@yopmail.com', '', '', 24, 15, 19, 1, '0000-00-00 00:00:00'),
(985, '984', '984', 'বাড়ির মালিকের নামে ৯৮৪', 'মালিকের পিতার নামে ৯৮৪', 0, 0, 0, 1, '734600', 8, '', '18789286213', 'emailaddr984@yopmail.com', '', '', 9, 26, 28, 1, '0000-00-00 00:00:00'),
(986, '985', '985', 'বাড়ির মালিকের নামে ৯৮৫', 'মালিকের পিতার নামে ৯৮৫', 0, 0, 0, 1, '846000', 4, '', '98223211655', 'emailaddr985@yopmail.com', '', '', 17, 3, 18, 1, '0000-00-00 00:00:00'),
(987, '986', '986', 'বাড়ির মালিকের নামে ৯৮৬', 'মালিকের পিতার নামে ৯৮৬', 0, 0, 0, 1, '904300', 10, '', '32148169477', 'emailaddr986@yopmail.com', '', '', 5, 7, 23, 1, '0000-00-00 00:00:00'),
(988, '987', '987', 'বাড়ির মালিকের নামে ৯৮৭', 'মালিকের পিতার নামে ৯৮৭', 0, 0, 0, 1, '269700', 10, '', '32293950487', 'emailaddr987@yopmail.com', '', '', 1, 26, 5, 1, '0000-00-00 00:00:00'),
(989, '988', '988', 'বাড়ির মালিকের নামে ৯৮৮', 'মালিকের পিতার নামে ৯৮৮', 0, 0, 0, 1, '841400', 9, '', '11665948629', 'emailaddr988@yopmail.com', '', '', 24, 29, 10, 1, '0000-00-00 00:00:00'),
(990, '989', '989', 'বাড়ির মালিকের নামে ৯৮৯', 'মালিকের পিতার নামে ৯৮৯', 0, 0, 0, 1, '360000', 9, '', '31549978409', 'emailaddr989@yopmail.com', '', '', 13, 23, 5, 1, '0000-00-00 00:00:00'),
(991, '990', '990', 'বাড়ির মালিকের নামে ৯৯০', 'মালিকের পিতার নামে ৯৯০', 0, 0, 0, 1, '247000', 6, '', '48889471688', 'emailaddr990@yopmail.com', '', '', 28, 25, 28, 1, '0000-00-00 00:00:00'),
(992, '991', '991', 'বাড়ির মালিকের নামে ৯৯১', 'মালিকের পিতার নামে ৯৯১', 0, 0, 0, 1, '463000', 9, '', '85406254407', 'emailaddr991@yopmail.com', '', '', 3, 28, 24, 1, '0000-00-00 00:00:00'),
(993, '992', '992', 'বাড়ির মালিকের নামে ৯৯২', 'মালিকের পিতার নামে ৯৯২', 0, 0, 0, 1, '853100', 8, '', '53883515967', 'emailaddr992@yopmail.com', '', '', 25, 8, 21, 1, '0000-00-00 00:00:00'),
(994, '993', '993', 'বাড়ির মালিকের নামে ৯৯৩', 'মালিকের পিতার নামে ৯৯৩', 0, 0, 0, 1, '314400', 10, '', '69832693204', 'emailaddr993@yopmail.com', '', '', 27, 9, 11, 1, '0000-00-00 00:00:00'),
(995, '994', '994', 'বাড়ির মালিকের নামে ৯৯৪', 'মালিকের পিতার নামে ৯৯৪', 0, 0, 0, 1, '156800', 8, '', '41019338074', 'emailaddr994@yopmail.com', '', '', 14, 21, 5, 1, '0000-00-00 00:00:00'),
(996, '995', '995', 'বাড়ির মালিকের নামে ৯৯৫', 'মালিকের পিতার নামে ৯৯৫', 0, 0, 0, 1, '701900', 8, '', '39895844867', 'emailaddr995@yopmail.com', '', '', 29, 26, 4, 1, '0000-00-00 00:00:00'),
(997, '996', '996', 'বাড়ির মালিকের নামে ৯৯৬', 'মালিকের পিতার নামে ৯৯৬', 0, 0, 0, 1, '737600', 4, '', '30015209266', 'emailaddr996@yopmail.com', '', '', 27, 22, 17, 1, '0000-00-00 00:00:00'),
(998, '997', '997', 'বাড়ির মালিকের নামে ৯৯৭', 'মালিকের পিতার নামে ৯৯৭', 0, 0, 0, 1, '593100', 9, '', '60877336794', 'emailaddr997@yopmail.com', '', '', 28, 19, 2, 1, '0000-00-00 00:00:00'),
(999, '998', '998', 'বাড়ির মালিকের নামে ৯৯৮', 'মালিকের পিতার নামে ৯৯৮', 0, 0, 0, 1, '567100', 6, '', '70517630618', 'emailaddr998@yopmail.com', '', '', 20, 24, 9, 1, '0000-00-00 00:00:00'),
(1000, '999', '999', 'বাড়ির মালিকের নামে ৯৯৯', 'মালিকের পিতার নামে ৯৯৯', 0, 0, 0, 1, '640800', 5, '', '51503904835', 'emailaddr999@yopmail.com', '', '', 27, 6, 14, 1, '0000-00-00 00:00:00'),
(1001, '1000', '1000', 'বাড়ির মালিকের নামে ১০০০', 'মালিকের পিতার নামে ১০০০', 0, 0, 0, 1, '648000', 7, '', '66717706552', 'emailaddr1000@yopmail.com', '', '', 16, 24, 26, 1, '0000-00-00 00:00:00'),
(1002, '1001', '1001', 'বাড়ির মালিকের নামে ১০০১', 'মালিকের পিতার নামে ১০০১', 0, 0, 0, 1, '630200', 10, '', '57544856051', 'emailaddr1001@yopmail.com', '', '', 11, 20, 2, 1, '0000-00-00 00:00:00'),
(1003, '1002', '1002', 'বাড়ির মালিকের নামে ১০০২', 'মালিকের পিতার নামে ১০০২', 0, 0, 0, 1, '363100', 9, '', '93007604201', 'emailaddr1002@yopmail.com', '', '', 1, 13, 1, 1, '0000-00-00 00:00:00'),
(1004, '1003', '1003', 'বাড়ির মালিকের নামে ১০০৩', 'মালিকের পিতার নামে ১০০৩', 0, 0, 0, 1, '630800', 8, '', '81494514314', 'emailaddr1003@yopmail.com', '', '', 9, 11, 26, 1, '0000-00-00 00:00:00'),
(1005, '1004', '1004', 'বাড়ির মালিকের নামে ১০০৪', 'মালিকের পিতার নামে ১০০৪', 0, 0, 0, 1, '837800', 9, '', '59433339542', 'emailaddr1004@yopmail.com', '', '', 18, 27, 24, 1, '0000-00-00 00:00:00'),
(1006, '1005', '1005', 'বাড়ির মালিকের নামে ১০০৫', 'মালিকের পিতার নামে ১০০৫', 0, 0, 0, 1, '687600', 5, '', '45555747789', 'emailaddr1005@yopmail.com', '', '', 23, 27, 9, 1, '0000-00-00 00:00:00'),
(1007, '1006', '1006', 'বাড়ির মালিকের নামে ১০০৬', 'মালিকের পিতার নামে ১০০৬', 0, 0, 0, 1, '555700', 9, '', '90716242590', 'emailaddr1006@yopmail.com', '', '', 15, 3, 23, 1, '0000-00-00 00:00:00'),
(1008, '1007', '1007', 'বাড়ির মালিকের নামে ১০০৭', 'মালিকের পিতার নামে ১০০৭', 0, 0, 0, 1, '920700', 3, '', '79224264307', 'emailaddr1007@yopmail.com', '', '', 18, 24, 13, 1, '0000-00-00 00:00:00'),
(1009, '1008', '1008', 'বাড়ির মালিকের নামে ১০০৮', 'মালিকের পিতার নামে ১০০৮', 0, 0, 0, 1, '634600', 5, '', '33214857857', 'emailaddr1008@yopmail.com', '', '', 25, 2, 11, 1, '0000-00-00 00:00:00'),
(1010, '1009', '1009', 'বাড়ির মালিকের নামে ১০০৯', 'মালিকের পিতার নামে ১০০৯', 0, 0, 0, 1, '165800', 4, '', '48283892505', 'emailaddr1009@yopmail.com', '', '', 8, 10, 25, 1, '0000-00-00 00:00:00'),
(1011, '1010', '1010', 'বাড়ির মালিকের নামে ১০১০', 'মালিকের পিতার নামে ১০১০', 0, 0, 0, 1, '989400', 8, '', '67319822636', 'emailaddr1010@yopmail.com', '', '', 12, 11, 3, 1, '0000-00-00 00:00:00'),
(1012, '1011', '1011', 'বাড়ির মালিকের নামে ১০১১', 'মালিকের পিতার নামে ১০১১', 0, 0, 0, 1, '248900', 10, '', '65458821831', 'emailaddr1011@yopmail.com', '', '', 18, 5, 1, 1, '0000-00-00 00:00:00'),
(1013, '1012', '1012', 'বাড়ির মালিকের নামে ১০১২', 'মালিকের পিতার নামে ১০১২', 0, 0, 0, 1, '296500', 7, '', '91633158253', 'emailaddr1012@yopmail.com', '', '', 28, 9, 16, 1, '0000-00-00 00:00:00'),
(1014, '1013', '1013', 'বাড়ির মালিকের নামে ১০১৩', 'মালিকের পিতার নামে ১০১৩', 0, 0, 0, 1, '699300', 5, '', '45522487404', 'emailaddr1013@yopmail.com', '', '', 7, 4, 17, 1, '0000-00-00 00:00:00'),
(1015, '1014', '1014', 'বাড়ির মালিকের নামে ১০১৪', 'মালিকের পিতার নামে ১০১৪', 0, 0, 0, 1, '395700', 8, '', '69777617571', 'emailaddr1014@yopmail.com', '', '', 6, 5, 13, 1, '0000-00-00 00:00:00'),
(1016, '1015', '1015', 'বাড়ির মালিকের নামে ১০১৫', 'মালিকের পিতার নামে ১০১৫', 0, 0, 0, 1, '434600', 8, '', '99126798964', 'emailaddr1015@yopmail.com', '', '', 6, 1, 7, 1, '0000-00-00 00:00:00'),
(1017, '1016', '1016', 'বাড়ির মালিকের নামে ১০১৬', 'মালিকের পিতার নামে ১০১৬', 0, 0, 0, 1, '203300', 4, '', '20161044115', 'emailaddr1016@yopmail.com', '', '', 4, 18, 16, 1, '0000-00-00 00:00:00'),
(1018, '1017', '1017', 'বাড়ির মালিকের নামে ১০১৭', 'মালিকের পিতার নামে ১০১৭', 0, 0, 0, 1, '780200', 10, '', '15845238906', 'emailaddr1017@yopmail.com', '', '', 9, 21, 21, 1, '0000-00-00 00:00:00'),
(1019, '1018', '1018', 'বাড়ির মালিকের নামে ১০১৮', 'মালিকের পিতার নামে ১০১৮', 0, 0, 0, 1, '115300', 10, '', '27518001008', 'emailaddr1018@yopmail.com', '', '', 17, 15, 11, 1, '0000-00-00 00:00:00'),
(1020, '1019', '1019', 'বাড়ির মালিকের নামে ১০১৯', 'মালিকের পিতার নামে ১০১৯', 0, 0, 0, 1, '194900', 8, '', '51413595062', 'emailaddr1019@yopmail.com', '', '', 18, 10, 30, 1, '0000-00-00 00:00:00'),
(1021, '1020', '1020', 'বাড়ির মালিকের নামে ১০২০', 'মালিকের পিতার নামে ১০২০', 0, 0, 0, 1, '782700', 6, '', '31261549405', 'emailaddr1020@yopmail.com', '', '', 22, 5, 24, 1, '0000-00-00 00:00:00'),
(1022, '1021', '1021', 'বাড়ির মালিকের নামে ১০২১', 'মালিকের পিতার নামে ১০২১', 0, 0, 0, 1, '738500', 8, '', '97816013308', 'emailaddr1021@yopmail.com', '', '', 17, 23, 10, 1, '0000-00-00 00:00:00'),
(1023, '1022', '1022', 'বাড়ির মালিকের নামে ১০২২', 'মালিকের পিতার নামে ১০২২', 0, 0, 0, 1, '510700', 9, '', '24858843114', 'emailaddr1022@yopmail.com', '', '', 21, 13, 23, 1, '0000-00-00 00:00:00'),
(1024, '1023', '1023', 'বাড়ির মালিকের নামে ১০২৩', 'মালিকের পিতার নামে ১০২৩', 0, 0, 0, 1, '921900', 8, '', '71202054552', 'emailaddr1023@yopmail.com', '', '', 14, 1, 18, 1, '0000-00-00 00:00:00'),
(1025, '1024', '1024', 'বাড়ির মালিকের নামে ১০২৪', 'মালিকের পিতার নামে ১০২৪', 0, 0, 0, 1, '649500', 8, '', '93847414000', 'emailaddr1024@yopmail.com', '', '', 29, 28, 5, 1, '0000-00-00 00:00:00'),
(1026, '1025', '1025', 'বাড়ির মালিকের নামে ১০২৫', 'মালিকের পিতার নামে ১০২৫', 0, 0, 0, 1, '174600', 10, '', '71403799570', 'emailaddr1025@yopmail.com', '', '', 3, 15, 17, 1, '0000-00-00 00:00:00'),
(1027, '1026', '1026', 'বাড়ির মালিকের নামে ১০২৬', 'মালিকের পিতার নামে ১০২৬', 0, 0, 0, 1, '932300', 5, '', '19323420357', 'emailaddr1026@yopmail.com', '', '', 17, 29, 17, 1, '0000-00-00 00:00:00'),
(1028, '1027', '1027', 'বাড়ির মালিকের নামে ১০২৭', 'মালিকের পিতার নামে ১০২৭', 0, 0, 0, 1, '836600', 6, '', '12197310247', 'emailaddr1027@yopmail.com', '', '', 7, 18, 25, 1, '0000-00-00 00:00:00'),
(1029, '1028', '1028', 'বাড়ির মালিকের নামে ১০২৮', 'মালিকের পিতার নামে ১০২৮', 0, 0, 0, 1, '418000', 9, '', '60866263101', 'emailaddr1028@yopmail.com', '', '', 12, 30, 29, 1, '0000-00-00 00:00:00'),
(1030, '1029', '1029', 'বাড়ির মালিকের নামে ১০২৯', 'মালিকের পিতার নামে ১০২৯', 0, 0, 0, 1, '167500', 5, '', '98880050393', 'emailaddr1029@yopmail.com', '', '', 19, 18, 7, 1, '0000-00-00 00:00:00'),
(1031, '1030', '1030', 'বাড়ির মালিকের নামে ১০৩০', 'মালিকের পিতার নামে ১০৩০', 0, 0, 0, 1, '806000', 4, '', '49092846138', 'emailaddr1030@yopmail.com', '', '', 4, 14, 10, 1, '0000-00-00 00:00:00'),
(1032, '1031', '1031', 'বাড়ির মালিকের নামে ১০৩১', 'মালিকের পিতার নামে ১০৩১', 0, 0, 0, 1, '797800', 10, '', '34983173682', 'emailaddr1031@yopmail.com', '', '', 5, 18, 1, 1, '0000-00-00 00:00:00'),
(1033, '1032', '1032', 'বাড়ির মালিকের নামে ১০৩২', 'মালিকের পিতার নামে ১০৩২', 0, 0, 0, 1, '569400', 10, '', '24879509716', 'emailaddr1032@yopmail.com', '', '', 13, 21, 11, 1, '0000-00-00 00:00:00'),
(1034, '1033', '1033', 'বাড়ির মালিকের নামে ১০৩৩', 'মালিকের পিতার নামে ১০৩৩', 0, 0, 0, 1, '894400', 9, '', '39577251315', 'emailaddr1033@yopmail.com', '', '', 26, 13, 2, 1, '0000-00-00 00:00:00'),
(1035, '1034', '1034', 'বাড়ির মালিকের নামে ১০৩৪', 'মালিকের পিতার নামে ১০৩৪', 0, 0, 0, 1, '189600', 10, '', '34580264596', 'emailaddr1034@yopmail.com', '', '', 13, 19, 25, 1, '0000-00-00 00:00:00'),
(1036, '1035', '1035', 'বাড়ির মালিকের নামে ১০৩৫', 'মালিকের পিতার নামে ১০৩৫', 0, 0, 0, 1, '208400', 6, '', '67161047699', 'emailaddr1035@yopmail.com', '', '', 24, 11, 11, 1, '0000-00-00 00:00:00'),
(1037, '1036', '1036', 'বাড়ির মালিকের নামে ১০৩৬', 'মালিকের পিতার নামে ১০৩৬', 0, 0, 0, 1, '393600', 5, '', '29878616460', 'emailaddr1036@yopmail.com', '', '', 10, 5, 13, 1, '0000-00-00 00:00:00'),
(1038, '1037', '1037', 'বাড়ির মালিকের নামে ১০৩৭', 'মালিকের পিতার নামে ১০৩৭', 0, 0, 0, 1, '407200', 8, '', '19813740518', 'emailaddr1037@yopmail.com', '', '', 22, 22, 3, 1, '0000-00-00 00:00:00'),
(1039, '1038', '1038', 'বাড়ির মালিকের নামে ১০৩৮', 'মালিকের পিতার নামে ১০৩৮', 0, 0, 0, 1, '135800', 6, '', '60915432056', 'emailaddr1038@yopmail.com', '', '', 19, 14, 23, 1, '0000-00-00 00:00:00'),
(1040, '1039', '1039', 'বাড়ির মালিকের নামে ১০৩৯', 'মালিকের পিতার নামে ১০৩৯', 0, 0, 0, 1, '502200', 10, '', '27481516934', 'emailaddr1039@yopmail.com', '', '', 27, 23, 11, 1, '0000-00-00 00:00:00'),
(1041, '1040', '1040', 'বাড়ির মালিকের নামে ১০৪০', 'মালিকের পিতার নামে ১০৪০', 0, 0, 0, 1, '485200', 7, '', '98013930201', 'emailaddr1040@yopmail.com', '', '', 13, 17, 1, 1, '0000-00-00 00:00:00'),
(1042, '1041', '1041', 'বাড়ির মালিকের নামে ১০৪১', 'মালিকের পিতার নামে ১০৪১', 0, 0, 0, 1, '485600', 10, '', '80378299820', 'emailaddr1041@yopmail.com', '', '', 21, 24, 2, 1, '0000-00-00 00:00:00'),
(1043, '1042', '1042', 'বাড়ির মালিকের নামে ১০৪২', 'মালিকের পিতার নামে ১০৪২', 0, 0, 0, 1, '307700', 10, '', '57310792248', 'emailaddr1042@yopmail.com', '', '', 21, 6, 28, 1, '0000-00-00 00:00:00'),
(1044, '1043', '1043', 'বাড়ির মালিকের নামে ১০৪৩', 'মালিকের পিতার নামে ১০৪৩', 0, 0, 0, 1, '497600', 6, '', '25356162486', 'emailaddr1043@yopmail.com', '', '', 11, 9, 20, 1, '0000-00-00 00:00:00'),
(1045, '1044', '1044', 'বাড়ির মালিকের নামে ১০৪৪', 'মালিকের পিতার নামে ১০৪৪', 0, 0, 0, 1, '478800', 6, '', '93451818384', 'emailaddr1044@yopmail.com', '', '', 11, 4, 22, 1, '0000-00-00 00:00:00'),
(1046, '1045', '1045', 'বাড়ির মালিকের নামে ১০৪৫', 'মালিকের পিতার নামে ১০৪৫', 0, 0, 0, 1, '918700', 4, '', '25501693838', 'emailaddr1045@yopmail.com', '', '', 24, 28, 26, 1, '0000-00-00 00:00:00'),
(1047, '1046', '1046', 'বাড়ির মালিকের নামে ১০৪৬', 'মালিকের পিতার নামে ১০৪৬', 0, 0, 0, 1, '872000', 6, '', '56367848250', 'emailaddr1046@yopmail.com', '', '', 15, 21, 16, 1, '0000-00-00 00:00:00'),
(1048, '1047', '1047', 'বাড়ির মালিকের নামে ১০৪৭', 'মালিকের পিতার নামে ১০৪৭', 0, 0, 0, 1, '830300', 7, '', '62146486834', 'emailaddr1047@yopmail.com', '', '', 21, 17, 17, 1, '0000-00-00 00:00:00'),
(1049, '1048', '1048', 'বাড়ির মালিকের নামে ১০৪৮', 'মালিকের পিতার নামে ১০৪৮', 0, 0, 0, 1, '177300', 4, '', '28876713839', 'emailaddr1048@yopmail.com', '', '', 18, 5, 18, 1, '0000-00-00 00:00:00'),
(1050, '1049', '1049', 'বাড়ির মালিকের নামে ১০৪৯', 'মালিকের পিতার নামে ১০৪৯', 0, 0, 0, 1, '171200', 8, '', '60119533616', 'emailaddr1049@yopmail.com', '', '', 5, 1, 14, 1, '0000-00-00 00:00:00'),
(1051, '1050', '1050', 'বাড়ির মালিকের নামে ১০৫০', 'মালিকের পিতার নামে ১০৫০', 0, 0, 0, 1, '447300', 4, '', '12650894710', 'emailaddr1050@yopmail.com', '', '', 16, 15, 2, 1, '0000-00-00 00:00:00'),
(1052, '1051', '1051', 'বাড়ির মালিকের নামে ১০৫১', 'মালিকের পিতার নামে ১০৫১', 0, 0, 0, 1, '229800', 7, '', '63201003051', 'emailaddr1051@yopmail.com', '', '', 10, 2, 12, 1, '0000-00-00 00:00:00'),
(1053, '1052', '1052', 'বাড়ির মালিকের নামে ১০৫২', 'মালিকের পিতার নামে ১০৫২', 0, 0, 0, 1, '769200', 4, '', '93236729484', 'emailaddr1052@yopmail.com', '', '', 22, 12, 1, 1, '0000-00-00 00:00:00'),
(1054, '1053', '1053', 'বাড়ির মালিকের নামে ১০৫৩', 'মালিকের পিতার নামে ১০৫৩', 0, 0, 0, 1, '175600', 7, '', '32821925094', 'emailaddr1053@yopmail.com', '', '', 29, 10, 4, 1, '0000-00-00 00:00:00'),
(1055, '1054', '1054', 'বাড়ির মালিকের নামে ১০৫৪', 'মালিকের পিতার নামে ১০৫৪', 0, 0, 0, 1, '911700', 3, '', '47507577664', 'emailaddr1054@yopmail.com', '', '', 20, 29, 23, 1, '0000-00-00 00:00:00');
INSERT INTO `holdings` (`id`, `holding_no`, `holding_slug`, `owner_name`, `owner_fathers_name`, `asset_category_id`, `asset_cat_class_id`, `sqr_feet`, `asset_qty`, `yearly_amount`, `yearly_percentage`, `description`, `phone`, `email`, `nid`, `google_map_data`, `ward_id`, `area_id`, `road_id`, `status`, `created_at`) VALUES
(1056, '1055', '1055', 'বাড়ির মালিকের নামে ১০৫৫', 'মালিকের পিতার নামে ১০৫৫', 0, 0, 0, 1, '357600', 7, '', '71583766510', 'emailaddr1055@yopmail.com', '', '', 21, 11, 9, 1, '0000-00-00 00:00:00'),
(1057, '1056', '1056', 'বাড়ির মালিকের নামে ১০৫৬', 'মালিকের পিতার নামে ১০৫৬', 0, 0, 0, 1, '617800', 9, '', '22978673962', 'emailaddr1056@yopmail.com', '', '', 25, 22, 5, 1, '0000-00-00 00:00:00'),
(1058, '1057', '1057', 'বাড়ির মালিকের নামে ১০৫৭', 'মালিকের পিতার নামে ১০৫৭', 0, 0, 0, 1, '894100', 3, '', '23435680045', 'emailaddr1057@yopmail.com', '', '', 27, 20, 10, 1, '0000-00-00 00:00:00'),
(1059, '1058', '1058', 'বাড়ির মালিকের নামে ১০৫৮', 'মালিকের পিতার নামে ১০৫৮', 0, 0, 0, 1, '925500', 3, '', '34671355808', 'emailaddr1058@yopmail.com', '', '', 16, 7, 19, 1, '0000-00-00 00:00:00'),
(1060, '1059', '1059', 'বাড়ির মালিকের নামে ১০৫৯', 'মালিকের পিতার নামে ১০৫৯', 0, 0, 0, 1, '198900', 5, '', '93507507658', 'emailaddr1059@yopmail.com', '', '', 11, 9, 20, 1, '0000-00-00 00:00:00'),
(1061, '1060', '1060', 'বাড়ির মালিকের নামে ১০৬০', 'মালিকের পিতার নামে ১০৬০', 0, 0, 0, 1, '949600', 10, '', '87254140176', 'emailaddr1060@yopmail.com', '', '', 30, 23, 17, 1, '0000-00-00 00:00:00'),
(1062, '1061', '1061', 'বাড়ির মালিকের নামে ১০৬১', 'মালিকের পিতার নামে ১০৬১', 0, 0, 0, 1, '727000', 7, '', '86567656604', 'emailaddr1061@yopmail.com', '', '', 9, 5, 5, 1, '0000-00-00 00:00:00'),
(1063, '1062', '1062', 'বাড়ির মালিকের নামে ১০৬২', 'মালিকের পিতার নামে ১০৬২', 0, 0, 0, 1, '899700', 4, '', '39913002350', 'emailaddr1062@yopmail.com', '', '', 21, 27, 21, 1, '0000-00-00 00:00:00'),
(1064, '1063', '1063', 'বাড়ির মালিকের নামে ১০৬৩', 'মালিকের পিতার নামে ১০৬৩', 0, 0, 0, 1, '186600', 8, '', '89537663198', 'emailaddr1063@yopmail.com', '', '', 8, 26, 27, 1, '0000-00-00 00:00:00'),
(1065, '1064', '1064', 'বাড়ির মালিকের নামে ১০৬৪', 'মালিকের পিতার নামে ১০৬৪', 0, 0, 0, 1, '561200', 6, '', '88923802325', 'emailaddr1064@yopmail.com', '', '', 21, 21, 15, 1, '0000-00-00 00:00:00'),
(1066, '1065', '1065', 'বাড়ির মালিকের নামে ১০৬৫', 'মালিকের পিতার নামে ১০৬৫', 0, 0, 0, 1, '871100', 9, '', '37071606362', 'emailaddr1065@yopmail.com', '', '', 14, 13, 13, 1, '0000-00-00 00:00:00'),
(1067, '1066', '1066', 'বাড়ির মালিকের নামে ১০৬৬', 'মালিকের পিতার নামে ১০৬৬', 0, 0, 0, 1, '825400', 10, '', '36070618412', 'emailaddr1066@yopmail.com', '', '', 4, 18, 11, 1, '0000-00-00 00:00:00'),
(1068, '1067', '1067', 'বাড়ির মালিকের নামে ১০৬৭', 'মালিকের পিতার নামে ১০৬৭', 0, 0, 0, 1, '546700', 5, '', '60974660729', 'emailaddr1067@yopmail.com', '', '', 12, 7, 7, 1, '0000-00-00 00:00:00'),
(1069, '1068', '1068', 'বাড়ির মালিকের নামে ১০৬৮', 'মালিকের পিতার নামে ১০৬৮', 0, 0, 0, 1, '197900', 6, '', '84397678911', 'emailaddr1068@yopmail.com', '', '', 7, 28, 7, 1, '0000-00-00 00:00:00'),
(1070, '1069', '1069', 'বাড়ির মালিকের নামে ১০৬৯', 'মালিকের পিতার নামে ১০৬৯', 0, 0, 0, 1, '565400', 3, '', '70390350610', 'emailaddr1069@yopmail.com', '', '', 27, 25, 26, 1, '0000-00-00 00:00:00'),
(1071, '1070', '1070', 'বাড়ির মালিকের নামে ১০৭০', 'মালিকের পিতার নামে ১০৭০', 0, 0, 0, 1, '732600', 6, '', '53557536850', 'emailaddr1070@yopmail.com', '', '', 11, 8, 3, 1, '0000-00-00 00:00:00'),
(1072, '1071', '1071', 'বাড়ির মালিকের নামে ১০৭১', 'মালিকের পিতার নামে ১০৭১', 0, 0, 0, 1, '457600', 9, '', '61487399117', 'emailaddr1071@yopmail.com', '', '', 13, 24, 9, 1, '0000-00-00 00:00:00'),
(1073, '1072', '1072', 'বাড়ির মালিকের নামে ১০৭২', 'মালিকের পিতার নামে ১০৭২', 0, 0, 0, 1, '351700', 10, '', '74846792177', 'emailaddr1072@yopmail.com', '', '', 27, 12, 19, 1, '0000-00-00 00:00:00'),
(1074, '1073', '1073', 'বাড়ির মালিকের নামে ১০৭৩', 'মালিকের পিতার নামে ১০৭৩', 0, 0, 0, 1, '207700', 9, '', '98333985434', 'emailaddr1073@yopmail.com', '', '', 8, 22, 7, 1, '0000-00-00 00:00:00'),
(1075, '1074', '1074', 'বাড়ির মালিকের নামে ১০৭৪', 'মালিকের পিতার নামে ১০৭৪', 0, 0, 0, 1, '617800', 4, '', '36111480114', 'emailaddr1074@yopmail.com', '', '', 8, 26, 29, 1, '0000-00-00 00:00:00'),
(1076, '1075', '1075', 'বাড়ির মালিকের নামে ১০৭৫', 'মালিকের পিতার নামে ১০৭৫', 0, 0, 0, 1, '527800', 6, '', '87729869618', 'emailaddr1075@yopmail.com', '', '', 29, 4, 25, 1, '0000-00-00 00:00:00'),
(1077, '1076', '1076', 'বাড়ির মালিকের নামে ১০৭৬', 'মালিকের পিতার নামে ১০৭৬', 0, 0, 0, 1, '961600', 7, '', '36287038553', 'emailaddr1076@yopmail.com', '', '', 25, 9, 7, 1, '0000-00-00 00:00:00'),
(1078, '1077', '1077', 'বাড়ির মালিকের নামে ১০৭৭', 'মালিকের পিতার নামে ১০৭৭', 0, 0, 0, 1, '701100', 7, '', '43040766366', 'emailaddr1077@yopmail.com', '', '', 8, 30, 14, 1, '0000-00-00 00:00:00'),
(1079, '1078', '1078', 'বাড়ির মালিকের নামে ১০৭৮', 'মালিকের পিতার নামে ১০৭৮', 0, 0, 0, 1, '385000', 6, '', '40915071360', 'emailaddr1078@yopmail.com', '', '', 18, 12, 10, 1, '0000-00-00 00:00:00'),
(1080, '1079', '1079', 'বাড়ির মালিকের নামে ১০৭৯', 'মালিকের পিতার নামে ১০৭৯', 0, 0, 0, 1, '963200', 8, '', '80653555128', 'emailaddr1079@yopmail.com', '', '', 3, 11, 29, 1, '0000-00-00 00:00:00'),
(1081, '1080', '1080', 'বাড়ির মালিকের নামে ১০৮০', 'মালিকের পিতার নামে ১০৮০', 0, 0, 0, 1, '913700', 9, '', '74657729726', 'emailaddr1080@yopmail.com', '', '', 18, 28, 5, 1, '0000-00-00 00:00:00'),
(1082, '1081', '1081', 'বাড়ির মালিকের নামে ১০৮১', 'মালিকের পিতার নামে ১০৮১', 0, 0, 0, 1, '908800', 4, '', '64083952652', 'emailaddr1081@yopmail.com', '', '', 16, 17, 7, 1, '0000-00-00 00:00:00'),
(1083, '1082', '1082', 'বাড়ির মালিকের নামে ১০৮২', 'মালিকের পিতার নামে ১০৮২', 0, 0, 0, 1, '313600', 9, '', '91957250122', 'emailaddr1082@yopmail.com', '', '', 2, 29, 11, 1, '0000-00-00 00:00:00'),
(1084, '1083', '1083', 'বাড়ির মালিকের নামে ১০৮৩', 'মালিকের পিতার নামে ১০৮৩', 0, 0, 0, 1, '331900', 9, '', '44745763729', 'emailaddr1083@yopmail.com', '', '', 18, 10, 22, 1, '0000-00-00 00:00:00'),
(1085, '1084', '1084', 'বাড়ির মালিকের নামে ১০৮৪', 'মালিকের পিতার নামে ১০৮৪', 0, 0, 0, 1, '264900', 9, '', '53209321410', 'emailaddr1084@yopmail.com', '', '', 8, 21, 14, 1, '0000-00-00 00:00:00'),
(1086, '1085', '1085', 'বাড়ির মালিকের নামে ১০৮৫', 'মালিকের পিতার নামে ১০৮৫', 0, 0, 0, 1, '749400', 6, '', '61548648200', 'emailaddr1085@yopmail.com', '', '', 28, 14, 6, 1, '0000-00-00 00:00:00'),
(1087, '1086', '1086', 'বাড়ির মালিকের নামে ১০৮৬', 'মালিকের পিতার নামে ১০৮৬', 0, 0, 0, 1, '990900', 10, '', '39997596468', 'emailaddr1086@yopmail.com', '', '', 9, 15, 19, 1, '0000-00-00 00:00:00'),
(1088, '1087', '1087', 'বাড়ির মালিকের নামে ১০৮৭', 'মালিকের পিতার নামে ১০৮৭', 0, 0, 0, 1, '580800', 6, '', '88826774201', 'emailaddr1087@yopmail.com', '', '', 16, 25, 19, 1, '0000-00-00 00:00:00'),
(1089, '1088', '1088', 'বাড়ির মালিকের নামে ১০৮৮', 'মালিকের পিতার নামে ১০৮৮', 0, 0, 0, 1, '854300', 9, '', '83300366518', 'emailaddr1088@yopmail.com', '', '', 2, 10, 9, 1, '0000-00-00 00:00:00'),
(1090, '1089', '1089', 'বাড়ির মালিকের নামে ১০৮৯', 'মালিকের পিতার নামে ১০৮৯', 0, 0, 0, 1, '803200', 9, '', '32797571275', 'emailaddr1089@yopmail.com', '', '', 5, 28, 3, 1, '0000-00-00 00:00:00'),
(1091, '1090', '1090', 'বাড়ির মালিকের নামে ১০৯০', 'মালিকের পিতার নামে ১০৯০', 0, 0, 0, 1, '338800', 9, '', '73226199503', 'emailaddr1090@yopmail.com', '', '', 19, 24, 24, 1, '0000-00-00 00:00:00'),
(1092, '1091', '1091', 'বাড়ির মালিকের নামে ১০৯১', 'মালিকের পিতার নামে ১০৯১', 0, 0, 0, 1, '360300', 3, '', '33327231184', 'emailaddr1091@yopmail.com', '', '', 16, 29, 22, 1, '0000-00-00 00:00:00'),
(1093, '1092', '1092', 'বাড়ির মালিকের নামে ১০৯২', 'মালিকের পিতার নামে ১০৯২', 0, 0, 0, 1, '742900', 10, '', '44274265896', 'emailaddr1092@yopmail.com', '', '', 20, 13, 5, 1, '0000-00-00 00:00:00'),
(1094, '1093', '1093', 'বাড়ির মালিকের নামে ১০৯৩', 'মালিকের পিতার নামে ১০৯৩', 0, 0, 0, 1, '827000', 10, '', '71796999752', 'emailaddr1093@yopmail.com', '', '', 24, 20, 21, 1, '0000-00-00 00:00:00'),
(1095, '1094', '1094', 'বাড়ির মালিকের নামে ১০৯৪', 'মালিকের পিতার নামে ১০৯৪', 0, 0, 0, 1, '624100', 5, '', '36963394014', 'emailaddr1094@yopmail.com', '', '', 1, 20, 14, 1, '0000-00-00 00:00:00'),
(1096, '1095', '1095', 'বাড়ির মালিকের নামে ১০৯৫', 'মালিকের পিতার নামে ১০৯৫', 0, 0, 0, 1, '506500', 5, '', '27437132571', 'emailaddr1095@yopmail.com', '', '', 23, 9, 21, 1, '0000-00-00 00:00:00'),
(1097, '1096', '1096', 'বাড়ির মালিকের নামে ১০৯৬', 'মালিকের পিতার নামে ১০৯৬', 0, 0, 0, 1, '721700', 4, '', '26789139017', 'emailaddr1096@yopmail.com', '', '', 15, 17, 19, 1, '0000-00-00 00:00:00'),
(1098, '1097', '1097', 'বাড়ির মালিকের নামে ১০৯৭', 'মালিকের পিতার নামে ১০৯৭', 0, 0, 0, 1, '616200', 6, '', '82604761616', 'emailaddr1097@yopmail.com', '', '', 17, 4, 20, 1, '0000-00-00 00:00:00'),
(1099, '1098', '1098', 'বাড়ির মালিকের নামে ১০৯৮', 'মালিকের পিতার নামে ১০৯৮', 0, 0, 0, 1, '245800', 4, '', '16349755825', 'emailaddr1098@yopmail.com', '', '', 1, 8, 18, 1, '0000-00-00 00:00:00'),
(1100, '1099', '1099', 'বাড়ির মালিকের নামে ১০৯৯', 'মালিকের পিতার নামে ১০৯৯', 0, 0, 0, 1, '573000', 3, '', '93706768940', 'emailaddr1099@yopmail.com', '', '', 1, 27, 8, 1, '0000-00-00 00:00:00'),
(1101, '1100', '1100', 'বাড়ির মালিকের নামে ১১০০', 'মালিকের পিতার নামে ১১০০', 0, 0, 0, 1, '583500', 5, '', '42864209216', 'emailaddr1100@yopmail.com', '', '', 6, 5, 26, 1, '0000-00-00 00:00:00'),
(1102, '1101', '1101', 'বাড়ির মালিকের নামে ১১০১', 'মালিকের পিতার নামে ১১০১', 0, 0, 0, 1, '680000', 9, '', '60574506140', 'emailaddr1101@yopmail.com', '', '', 16, 10, 17, 1, '0000-00-00 00:00:00'),
(1103, '1102', '1102', 'বাড়ির মালিকের নামে ১১০২', 'মালিকের পিতার নামে ১১০২', 0, 0, 0, 1, '264800', 9, '', '61778927613', 'emailaddr1102@yopmail.com', '', '', 25, 14, 6, 1, '0000-00-00 00:00:00'),
(1104, '1103', '1103', 'বাড়ির মালিকের নামে ১১০৩', 'মালিকের পিতার নামে ১১০৩', 0, 0, 0, 1, '426900', 5, '', '28393815684', 'emailaddr1103@yopmail.com', '', '', 8, 11, 21, 1, '0000-00-00 00:00:00'),
(1105, '1104', '1104', 'বাড়ির মালিকের নামে ১১০৪', 'মালিকের পিতার নামে ১১০৪', 0, 0, 0, 1, '689100', 8, '', '86306756468', 'emailaddr1104@yopmail.com', '', '', 13, 14, 1, 1, '0000-00-00 00:00:00'),
(1106, '1105', '1105', 'বাড়ির মালিকের নামে ১১০৫', 'মালিকের পিতার নামে ১১০৫', 0, 0, 0, 1, '750600', 8, '', '14366865064', 'emailaddr1105@yopmail.com', '', '', 21, 7, 11, 1, '0000-00-00 00:00:00'),
(1107, '1106', '1106', 'বাড়ির মালিকের নামে ১১০৬', 'মালিকের পিতার নামে ১১০৬', 0, 0, 0, 1, '318800', 9, '', '68952065490', 'emailaddr1106@yopmail.com', '', '', 20, 11, 13, 1, '0000-00-00 00:00:00'),
(1108, '1107', '1107', 'বাড়ির মালিকের নামে ১১০৭', 'মালিকের পিতার নামে ১১০৭', 0, 0, 0, 1, '799200', 7, '', '38282153728', 'emailaddr1107@yopmail.com', '', '', 25, 19, 16, 1, '0000-00-00 00:00:00'),
(1109, '1108', '1108', 'বাড়ির মালিকের নামে ১১০৮', 'মালিকের পিতার নামে ১১০৮', 0, 0, 0, 1, '783000', 7, '', '36113300979', 'emailaddr1108@yopmail.com', '', '', 15, 2, 8, 1, '0000-00-00 00:00:00'),
(1110, '1109', '1109', 'বাড়ির মালিকের নামে ১১০৯', 'মালিকের পিতার নামে ১১০৯', 0, 0, 0, 1, '262800', 4, '', '73370339084', 'emailaddr1109@yopmail.com', '', '', 16, 23, 15, 1, '0000-00-00 00:00:00'),
(1111, '1110', '1110', 'বাড়ির মালিকের নামে ১১১০', 'মালিকের পিতার নামে ১১১০', 0, 0, 0, 1, '296400', 3, '', '16482036603', 'emailaddr1110@yopmail.com', '', '', 22, 24, 12, 1, '0000-00-00 00:00:00'),
(1112, '1111', '1111', 'বাড়ির মালিকের নামে ১১১১', 'মালিকের পিতার নামে ১১১১', 0, 0, 0, 1, '730100', 4, '', '60161164356', 'emailaddr1111@yopmail.com', '', '', 3, 27, 30, 1, '0000-00-00 00:00:00');

-- --------------------------------------------------------

--
-- Table structure for table `migrations`
--

CREATE TABLE `migrations` (
  `id` int(10) UNSIGNED NOT NULL,
  `migration` varchar(255) COLLATE utf8mb4_unicode_ci NOT NULL,
  `batch` int(11) NOT NULL
) ENGINE=InnoDB DEFAULT CHARSET=utf8mb4 COLLATE=utf8mb4_unicode_ci;

--
-- Dumping data for table `migrations`
--

INSERT INTO `migrations` (`id`, `migration`, `batch`) VALUES
(4, '2014_10_12_000000_create_users_table', 1),
(5, '2014_10_12_100000_create_password_resets_table', 1),
(6, '2019_08_19_000000_create_failed_jobs_table', 1),
(7, '2019_10_24_200045_create_zones_table', 1),
(8, '2019_10_24_200808_create_packages_table', 1),
(9, '2019_10_24_201611_create_customers_table', 1),
(10, '2019_11_12_210159_create_profiles_table', 1);

-- --------------------------------------------------------

--
-- Table structure for table `packages`
--

CREATE TABLE `packages` (
  `id` bigint(20) UNSIGNED NOT NULL,
  `pkg_title` varchar(60) COLLATE utf8mb4_unicode_ci NOT NULL,
  `speed` varchar(36) COLLATE utf8mb4_unicode_ci NOT NULL,
  `price` decimal(8,2) NOT NULL,
  `duration` varchar(36) COLLATE utf8mb4_unicode_ci NOT NULL,
  `description` text COLLATE utf8mb4_unicode_ci NOT NULL,
  `banner` varchar(255) COLLATE utf8mb4_unicode_ci NOT NULL,
  `order_sl` smallint(6) NOT NULL,
  `created_by` bigint(20) UNSIGNED NOT NULL,
  `status` tinyint(1) NOT NULL DEFAULT 1,
  `created_at` timestamp NULL DEFAULT NULL,
  `updated_at` timestamp NULL DEFAULT NULL
) ENGINE=InnoDB DEFAULT CHARSET=utf8mb4 COLLATE=utf8mb4_unicode_ci;

-- --------------------------------------------------------

--
-- Table structure for table `password_resets`
--

CREATE TABLE `password_resets` (
  `email` varchar(255) COLLATE utf8mb4_unicode_ci NOT NULL,
  `token` varchar(255) COLLATE utf8mb4_unicode_ci NOT NULL,
  `created_at` timestamp NULL DEFAULT NULL
) ENGINE=InnoDB DEFAULT CHARSET=utf8mb4 COLLATE=utf8mb4_unicode_ci;

-- --------------------------------------------------------

--
-- Table structure for table `profiles`
--

CREATE TABLE `profiles` (
  `id` bigint(20) UNSIGNED NOT NULL,
  `user_id` bigint(20) UNSIGNED NOT NULL,
  `phone` varchar(128) COLLATE utf8mb4_unicode_ci NOT NULL,
  `nid` varchar(128) COLLATE utf8mb4_unicode_ci NOT NULL,
  `photo` varchar(255) COLLATE utf8mb4_unicode_ci NOT NULL,
  `address` varchar(255) COLLATE utf8mb4_unicode_ci NOT NULL,
  `google_map_data` text COLLATE utf8mb4_unicode_ci NOT NULL,
  `facebook` varchar(150) COLLATE utf8mb4_unicode_ci NOT NULL,
  `skype` varchar(150) COLLATE utf8mb4_unicode_ci NOT NULL,
  `whatsapp` varchar(150) COLLATE utf8mb4_unicode_ci NOT NULL,
  `imo` varchar(150) COLLATE utf8mb4_unicode_ci NOT NULL,
  `more_detail` text COLLATE utf8mb4_unicode_ci NOT NULL,
  `zone_id` bigint(20) UNSIGNED NOT NULL,
  `joining_date` date NOT NULL,
  `designation` varchar(50) COLLATE utf8mb4_unicode_ci NOT NULL,
  `created_by` bigint(20) UNSIGNED NOT NULL,
  `status` tinyint(1) NOT NULL DEFAULT 1,
  `created_at` timestamp NULL DEFAULT NULL,
  `updated_at` timestamp NULL DEFAULT NULL
) ENGINE=InnoDB DEFAULT CHARSET=utf8mb4 COLLATE=utf8mb4_unicode_ci;

-- --------------------------------------------------------

--
-- Table structure for table `roads`
--

CREATE TABLE `roads` (
  `road_id` int(11) NOT NULL,
  `road_name` varchar(200) NOT NULL,
  `ward_id` int(11) NOT NULL,
  `status` tinyint(1) NOT NULL DEFAULT 1
) ENGINE=InnoDB DEFAULT CHARSET=utf8mb4;

--
-- Dumping data for table `roads`
--

INSERT INTO `roads` (`road_id`, `road_name`, `ward_id`, `status`) VALUES
(1, 'রোড বা সড়ক নাম ১', 18, 1),
(2, 'রোড বা সড়ক নাম ২', 12, 1),
(3, 'রোড বা সড়ক নাম ৩', 13, 1),
(4, 'রোড বা সড়ক নাম ৪', 15, 1),
(5, 'রোড বা সড়ক নাম ৫', 17, 1),
(6, 'রোড বা সড়ক নাম ৬', 7, 1),
(7, 'রোড বা সড়ক নাম ৭', 13, 1),
(8, 'রোড বা সড়ক নাম ৮', 17, 1),
(9, 'রোড বা সড়ক নাম ৯', 15, 1),
(10, 'রোড বা সড়ক নাম ১০', 13, 1),
(11, 'রোড বা সড়ক নাম ১১', 4, 1),
(12, 'রোড বা সড়ক নাম ১২', 19, 1),
(13, 'রোড বা সড়ক নাম ১৩', 1, 1),
(14, 'রোড বা সড়ক নাম ১৪', 7, 1),
(15, 'রোড বা সড়ক নাম ১৫', 13, 1),
(16, 'রোড বা সড়ক নাম ১৬', 20, 1),
(17, 'রোড বা সড়ক নাম ১৭', 13, 1),
(18, 'রোড বা সড়ক নাম ১৮', 1, 1),
(19, 'রোড বা সড়ক নাম ১৯', 15, 1),
(20, 'রোড বা সড়ক নাম ২০', 15, 1),
(21, 'রোড বা সড়ক নাম ২১', 18, 1),
(22, 'রোড বা সড়ক নাম ২২', 1, 1),
(23, 'রোড বা সড়ক নাম ২৩', 11, 1),
(24, 'রোড বা সড়ক নাম ২৪', 16, 1),
(25, 'রোড বা সড়ক নাম ২৫', 12, 1),
(26, 'রোড বা সড়ক নাম ২৬', 11, 1),
(27, 'রোড বা সড়ক নাম ২৭', 4, 1),
(28, 'রোড বা সড়ক নাম ২৮', 15, 1),
(29, 'রোড বা সড়ক নাম ২৯', 9, 1),
(30, 'রোড বা সড়ক নাম ৩০', 5, 1),
(31, 'রোড বা সড়ক নাম ৩১', 19, 1),
(32, 'রোড বা সড়ক নাম ৩২', 16, 1),
(33, 'রোড বা সড়ক নাম ৩৩', 5, 1),
(34, 'রোড বা সড়ক নাম ৩৪', 3, 1),
(35, 'রোড বা সড়ক নাম ৩৫', 16, 1),
(36, 'রোড বা সড়ক নাম ৩৬', 5, 1),
(37, 'রোড বা সড়ক নাম ৩৭', 8, 1),
(38, 'রোড বা সড়ক নাম ৩৮', 20, 1),
(39, 'রোড বা সড়ক নাম ৩৯', 6, 1),
(40, 'রোড বা সড়ক নাম ৪০', 9, 1),
(41, 'রোড বা সড়ক নাম ৪১', 17, 1),
(42, 'রোড বা সড়ক নাম ৪২', 18, 1),
(43, 'রোড বা সড়ক নাম ৪৩', 11, 1),
(44, 'রোড বা সড়ক নাম ৪৪', 3, 1),
(45, 'রোড বা সড়ক নাম ৪৫', 13, 1),
(46, 'রোড বা সড়ক নাম ৪৬', 5, 1),
(47, 'রোড বা সড়ক নাম ৪৭', 8, 1),
(48, 'রোড বা সড়ক নাম ৪৮', 3, 1),
(49, 'রোড বা সড়ক নাম ৪৯', 4, 1),
(50, 'রোড বা সড়ক নাম ৫০', 2, 1),
(51, 'রোড বা সড়ক নাম ৫১', 11, 1),
(52, 'রোড বা সড়ক নাম ৫২', 3, 1),
(53, 'রোড বা সড়ক নাম ৫৩', 6, 1),
(54, 'রোড বা সড়ক নাম ৫৪', 20, 1),
(55, 'রোড বা সড়ক নাম ৫৫', 20, 1),
(56, 'রোড বা সড়ক নাম ৫৬', 2, 1),
(57, 'রোড বা সড়ক নাম ৫৭', 7, 1),
(58, 'রোড বা সড়ক নাম ৫৮', 1, 1),
(59, 'রোড বা সড়ক নাম ৫৯', 3, 1),
(60, 'রোড বা সড়ক নাম ৬০', 9, 1),
(61, 'রোড বা সড়ক নাম ৬১', 14, 1),
(62, 'রোড বা সড়ক নাম ৬২', 18, 1),
(63, 'রোড বা সড়ক নাম ৬৩', 16, 1),
(64, 'রোড বা সড়ক নাম ৬৪', 9, 1),
(65, 'রোড বা সড়ক নাম ৬৫', 20, 1),
(66, 'রোড বা সড়ক নাম ৬৬', 4, 1),
(67, 'রোড বা সড়ক নাম ৬৭', 8, 1),
(68, 'রোড বা সড়ক নাম ৬৮', 4, 1),
(69, 'রোড বা সড়ক নাম ৬৯', 13, 1),
(70, 'রোড বা সড়ক নাম ৭০', 7, 1),
(71, 'রোড বা সড়ক নাম ৭১', 1, 1),
(72, 'রোড বা সড়ক নাম ৭২', 13, 1),
(73, 'রোড বা সড়ক নাম ৭৩', 18, 1),
(74, 'রোড বা সড়ক নাম ৭৪', 5, 1),
(75, 'রোড বা সড়ক নাম ৭৫', 4, 1),
(76, 'রোড বা সড়ক নাম ৭৬', 9, 1),
(77, 'রোড বা সড়ক নাম ৭৭', 9, 1),
(78, 'রোড বা সড়ক নাম ৭৮', 4, 1),
(79, 'রোড বা সড়ক নাম ৭৯', 8, 1),
(80, 'রোড বা সড়ক নাম ৮০', 6, 1),
(81, 'রোড বা সড়ক নাম ৮১', 6, 1),
(82, 'রোড বা সড়ক নাম ৮২', 18, 1),
(83, 'রোড বা সড়ক নাম ৮৩', 17, 1),
(84, 'রোড বা সড়ক নাম ৮৪', 4, 1),
(85, 'রোড বা সড়ক নাম ৮৫', 6, 1),
(86, 'রোড বা সড়ক নাম ৮৬', 11, 1),
(87, 'রোড বা সড়ক নাম ৮৭', 19, 1),
(88, 'রোড বা সড়ক নাম ৮৮', 18, 1),
(89, 'রোড বা সড়ক নাম ৮৯', 17, 1),
(90, 'রোড বা সড়ক নাম ৯০', 16, 1),
(91, 'রোড বা সড়ক নাম ৯১', 18, 1),
(92, 'রোড বা সড়ক নাম ৯২', 20, 1),
(93, 'রোড বা সড়ক নাম ৯৩', 12, 1),
(94, 'রোড বা সড়ক নাম ৯৪', 18, 1),
(95, 'রোড বা সড়ক নাম ৯৫', 18, 1),
(96, 'রোড বা সড়ক নাম ৯৬', 8, 1),
(97, 'রোড বা সড়ক নাম ৯৭', 18, 1),
(98, 'রোড বা সড়ক নাম ৯৮', 9, 1),
(99, 'রোড বা সড়ক নাম ৯৯', 14, 1),
(100, 'রোড বা সড়ক নাম ১০০', 11, 1),
(101, 'রোড বা সড়ক নাম ১০১', 16, 1),
(102, 'রোড বা সড়ক নাম ১০২', 8, 1),
(103, 'রোড বা সড়ক নাম ১০৩', 12, 1),
(104, 'রোড বা সড়ক নাম ১০৪', 4, 1),
(105, 'রোড বা সড়ক নাম ১০৫', 17, 1),
(106, 'রোড বা সড়ক নাম ১০৬', 16, 1),
(107, 'রোড বা সড়ক নাম ১০৭', 19, 1),
(108, 'রোড বা সড়ক নাম ১০৮', 11, 1),
(109, 'রোড বা সড়ক নাম ১০৯', 12, 1),
(110, 'রোড বা সড়ক নাম ১১০', 16, 1),
(111, 'রোড বা সড়ক নাম ১১১', 11, 1);

-- --------------------------------------------------------

--
-- Table structure for table `tax_payments`
--

CREATE TABLE `tax_payments` (
  `id` int(11) NOT NULL,
  `holding_id` int(11) NOT NULL,
  `fiscal_year` tinytext NOT NULL,
  `payment_amount` decimal(10,0) NOT NULL,
  `payment_datetime` datetime NOT NULL,
  `received_by` int(11) NOT NULL
) ENGINE=InnoDB DEFAULT CHARSET=utf8mb4;

--
-- Dumping data for table `tax_payments`
--

INSERT INTO `tax_payments` (`id`, `holding_id`, `fiscal_year`, `payment_amount`, `payment_datetime`, `received_by`) VALUES
(1, 1, '2016-2017', '5000', '2017-01-02 04:27:10', 1),
(2, 134, '2014-2015', '1876', '2015-12-02 04:27:10', 1),
(3, 77, '2014-2015', '2046', '2015-04-02 04:27:10', 1),
(4, 277, '2014-2015', '2861', '2015-12-02 04:27:10', 1),
(5, 22, '2014-2015', '1369', '2015-02-02 04:27:10', 1),
(6, 42, '2014-2015', '4849', '2015-03-02 04:27:10', 1),
(7, 18, '2014-2015', '2064', '2015-01-02 04:27:10', 1),
(8, 111, '2014-2015', '2792', '2015-08-02 04:27:10', 1),
(9, 192, '2014-2015', '2132', '2015-06-02 04:27:10', 1),
(10, 248, '2014-2015', '1776', '2015-06-02 04:27:10', 1),
(11, 80, '2014-2015', '4166', '2015-02-02 04:27:10', 1),
(12, 72, '2014-2015', '1873', '2015-11-02 04:27:10', 1),
(13, 261, '2014-2015', '2200', '2015-07-02 04:27:10', 1),
(14, 38, '2014-2015', '1897', '2015-10-02 04:27:10', 1),
(15, 234, '2014-2015', '3007', '2015-02-02 04:27:10', 1),
(16, 3, '2014-2015', '3995', '2015-12-02 04:27:10', 1),
(17, 279, '2014-2015', '3539', '2015-04-02 04:27:10', 1),
(18, 146, '2014-2015', '4022', '2015-03-02 04:27:10', 1),
(19, 111, '2014-2015', '3881', '2015-10-02 04:27:10', 1),
(20, 226, '2014-2015', '3884', '2015-11-02 04:27:10', 1),
(21, 198, '2014-2015', '3404', '2015-01-02 04:27:10', 1),
(22, 153, '2014-2015', '1095', '2015-09-02 04:27:10', 1),
(23, 286, '2014-2015', '3774', '2015-02-02 04:27:10', 1),
(24, 262, '2014-2015', '1966', '2015-12-02 04:27:10', 1),
(25, 126, '2014-2015', '3899', '2015-08-02 04:27:10', 1),
(26, 259, '2014-2015', '2602', '2015-04-02 04:27:10', 1),
(27, 185, '2014-2015', '4280', '2015-07-02 04:27:10', 1),
(28, 229, '2014-2015', '2442', '2015-06-02 04:27:10', 1),
(29, 249, '2014-2015', '3083', '2015-10-02 04:27:10', 1),
(30, 103, '2014-2015', '4769', '2015-03-02 04:27:10', 1),
(31, 3, '2014-2015', '2355', '2015-08-02 04:27:10', 1),
(32, 212, '2014-2015', '1380', '2015-01-02 04:27:10', 1),
(33, 12, '2014-2015', '1526', '2015-03-02 04:27:10', 1),
(34, 11, '2014-2015', '3568', '2015-09-02 04:27:10', 1),
(35, 223, '2014-2015', '1663', '2015-09-02 04:27:10', 1),
(36, 67, '2014-2015', '4658', '2015-01-02 04:27:10', 1),
(37, 165, '2014-2015', '3193', '2015-03-02 04:27:10', 1),
(38, 299, '2014-2015', '3860', '2015-12-02 04:27:10', 1),
(39, 237, '2014-2015', '2223', '2015-09-02 04:27:10', 1),
(40, 102, '2014-2015', '1401', '2015-11-02 04:27:10', 1),
(41, 125, '2014-2015', '4056', '2015-01-02 04:27:10', 1),
(42, 87, '2014-2015', '3919', '2015-06-02 04:27:10', 1),
(43, 111, '2014-2015', '4378', '2015-08-02 04:27:10', 1),
(44, 71, '2014-2015', '3623', '2015-09-02 04:27:10', 1),
(45, 236, '2014-2015', '3063', '2015-05-02 04:27:10', 1),
(46, 208, '2014-2015', '4363', '2015-09-02 04:27:10', 1),
(47, 221, '2014-2015', '1420', '2015-04-02 04:27:10', 1),
(48, 173, '2014-2015', '4914', '2015-02-02 04:27:10', 1),
(49, 212, '2014-2015', '4039', '2015-06-02 04:27:10', 1),
(50, 24, '2014-2015', '1113', '2015-06-02 04:27:10', 1),
(51, 98, '2014-2015', '2899', '2015-01-02 04:27:10', 1),
(52, 231, '2014-2015', '4214', '2015-08-02 04:27:10', 1),
(53, 261, '2014-2015', '1682', '2015-01-02 04:27:10', 1),
(54, 111, '2014-2015', '3425', '2015-10-02 04:27:10', 1),
(55, 106, '2014-2015', '1973', '2015-08-02 04:27:10', 1),
(56, 275, '2014-2015', '1094', '2015-05-02 04:27:10', 1),
(57, 131, '2014-2015', '2020', '2015-03-02 04:27:10', 1),
(58, 73, '2014-2015', '1285', '2015-09-02 04:27:10', 1),
(59, 170, '2014-2015', '4980', '2015-01-02 04:27:10', 1),
(60, 159, '2014-2015', '1841', '2015-09-02 04:27:10', 1),
(61, 5, '2014-2015', '3491', '2015-12-02 04:27:10', 1),
(62, 281, '2014-2015', '1980', '2015-02-02 04:27:10', 1),
(63, 26, '2014-2015', '2098', '2015-10-02 04:27:10', 1),
(64, 189, '2014-2015', '1241', '2015-10-02 04:27:10', 1),
(65, 171, '2014-2015', '3892', '2015-04-02 04:27:10', 1),
(66, 193, '2014-2015', '4597', '2015-01-02 04:27:10', 1),
(67, 152, '2014-2015', '4080', '2015-03-02 04:27:10', 1),
(68, 135, '2014-2015', '2062', '2015-04-02 04:27:10', 1),
(69, 295, '2014-2015', '4316', '2015-01-02 04:27:10', 1),
(70, 78, '2014-2015', '2497', '2015-07-02 04:27:10', 1),
(71, 45, '2014-2015', '1958', '2015-12-02 04:27:10', 1),
(72, 261, '2014-2015', '3349', '2015-03-02 04:27:10', 1),
(73, 149, '2014-2015', '2783', '2015-05-02 04:27:10', 1),
(74, 182, '2014-2015', '3053', '2015-01-02 04:27:10', 1),
(75, 256, '2014-2015', '4214', '2015-04-02 04:27:10', 1),
(76, 277, '2014-2015', '4142', '2015-04-02 04:27:10', 1),
(77, 83, '2014-2015', '2319', '2015-04-02 04:27:10', 1),
(78, 190, '2014-2015', '4852', '2015-12-02 04:27:10', 1),
(79, 56, '2014-2015', '3260', '2015-02-02 04:27:10', 1),
(80, 257, '2014-2015', '2248', '2015-04-02 04:27:10', 1),
(81, 8, '2014-2015', '4932', '2015-06-02 04:27:10', 1),
(82, 227, '2014-2015', '2335', '2015-03-02 04:27:10', 1),
(83, 65, '2014-2015', '4388', '2015-06-02 04:27:10', 1),
(84, 210, '2014-2015', '3347', '2015-07-02 04:27:10', 1),
(85, 105, '2014-2015', '3856', '2015-05-02 04:27:10', 1),
(86, 54, '2014-2015', '3858', '2015-01-02 04:27:10', 1),
(87, 188, '2014-2015', '1523', '2015-12-02 04:27:10', 1),
(88, 40, '2014-2015', '4541', '2015-09-02 04:27:10', 1),
(89, 188, '2014-2015', '2028', '2015-02-02 04:27:10', 1),
(90, 37, '2014-2015', '3319', '2015-01-02 04:27:10', 1),
(91, 122, '2014-2015', '4577', '2015-01-02 04:27:10', 1),
(92, 257, '2014-2015', '1926', '2015-06-02 04:27:10', 1),
(93, 79, '2014-2015', '2305', '2015-04-02 04:27:10', 1),
(94, 210, '2014-2015', '4562', '2015-06-02 04:27:10', 1),
(95, 147, '2014-2015', '3018', '2015-09-02 04:27:10', 1),
(96, 30, '2014-2015', '3180', '2015-09-02 04:27:10', 1),
(97, 52, '2014-2015', '2637', '2015-01-02 04:27:10', 1),
(98, 247, '2014-2015', '4138', '2015-04-02 04:27:10', 1),
(99, 70, '2014-2015', '4261', '2015-03-02 04:27:10', 1),
(100, 141, '2014-2015', '1225', '2015-06-02 04:27:10', 1),
(101, 33, '2014-2015', '2399', '2015-02-02 04:27:10', 1),
(102, 194, '2014-2015', '2720', '2015-05-02 04:27:10', 1),
(103, 27, '2014-2015', '1330', '2015-01-02 04:27:10', 1),
(104, 85, '2014-2015', '1049', '2015-07-02 04:27:10', 1),
(105, 211, '2014-2015', '3467', '2015-03-02 04:27:10', 1),
(106, 16, '2014-2015', '3137', '2015-05-02 04:27:10', 1),
(107, 197, '2014-2015', '1164', '2015-03-02 04:27:10', 1),
(108, 77, '2014-2015', '1925', '2015-01-02 04:27:10', 1),
(109, 80, '2014-2015', '3082', '2015-08-02 04:27:10', 1),
(110, 41, '2014-2015', '1248', '2015-05-02 04:27:10', 1),
(111, 218, '2014-2015', '2088', '2015-10-02 04:27:10', 1),
(112, 188, '2014-2015', '2948', '2015-02-02 04:27:10', 1),
(113, 44, '2014-2015', '3528', '2015-08-02 04:27:10', 1),
(114, 212, '2014-2015', '1637', '2015-06-02 04:27:10', 1),
(115, 80, '2014-2015', '2946', '2015-03-02 04:27:10', 1),
(116, 169, '2014-2015', '1069', '2015-01-02 04:27:10', 1),
(117, 175, '2014-2015', '4077', '2015-10-02 04:27:10', 1),
(118, 77, '2014-2015', '2556', '2015-01-02 04:27:10', 1),
(119, 186, '2014-2015', '1482', '2015-03-02 04:27:10', 1),
(120, 162, '2014-2015', '4999', '2015-08-02 04:27:10', 1),
(121, 264, '2014-2015', '2249', '2015-07-02 04:27:10', 1),
(122, 127, '2014-2015', '1705', '2015-02-02 04:27:10', 1),
(123, 256, '2014-2015', '4370', '2015-01-02 04:27:10', 1),
(124, 143, '2014-2015', '1587', '2015-01-02 04:27:10', 1),
(125, 105, '2014-2015', '4809', '2015-08-02 04:27:10', 1),
(126, 194, '2014-2015', '3792', '2015-02-02 04:27:10', 1),
(127, 126, '2014-2015', '2753', '2015-09-02 04:27:10', 1),
(128, 101, '2014-2015', '1955', '2015-11-02 04:27:10', 1),
(129, 145, '2014-2015', '2311', '2015-08-02 04:27:10', 1),
(130, 236, '2014-2015', '4228', '2015-07-02 04:27:10', 1),
(131, 288, '2014-2015', '4906', '2015-12-02 04:27:10', 1),
(132, 98, '2014-2015', '3422', '2015-06-02 04:27:10', 1),
(133, 180, '2014-2015', '4681', '2015-02-02 04:27:10', 1),
(134, 47, '2014-2015', '1318', '2015-04-02 04:27:10', 1),
(135, 258, '2014-2015', '3647', '2015-02-02 04:27:10', 1),
(136, 270, '2014-2015', '2908', '2015-04-02 04:27:10', 1),
(137, 227, '2014-2015', '1718', '2015-12-02 04:27:10', 1),
(138, 242, '2014-2015', '2549', '2015-06-02 04:27:10', 1),
(139, 111, '2014-2015', '1858', '2015-07-02 04:27:10', 1),
(140, 142, '2014-2015', '1808', '2015-10-02 04:27:10', 1),
(141, 94, '2014-2015', '4934', '2015-02-02 04:27:10', 1),
(142, 294, '2014-2015', '2151', '2015-06-02 04:27:10', 1),
(143, 183, '2014-2015', '2553', '2015-02-02 04:27:10', 1),
(144, 234, '2014-2015', '2789', '2015-06-02 04:27:10', 1),
(145, 80, '2014-2015', '3544', '2015-11-02 04:27:10', 1),
(146, 33, '2014-2015', '2446', '2015-10-02 04:27:10', 1),
(147, 60, '2014-2015', '1235', '2015-11-02 04:27:10', 1),
(148, 220, '2014-2015', '1690', '2015-06-02 04:27:10', 1),
(149, 90, '2014-2015', '1547', '2015-12-02 04:27:10', 1),
(150, 153, '2014-2015', '4419', '2015-01-02 04:27:10', 1),
(151, 211, '2014-2015', '1903', '2015-11-02 04:27:10', 1),
(152, 148, '2014-2015', '4644', '2015-04-02 04:27:10', 1),
(153, 196, '2014-2015', '4917', '2015-05-02 04:27:10', 1),
(154, 139, '2014-2015', '1354', '2015-07-02 04:27:10', 1),
(155, 138, '2014-2015', '1701', '2015-04-02 04:27:10', 1),
(156, 218, '2014-2015', '4371', '2015-08-02 04:27:10', 1),
(157, 16, '2014-2015', '2605', '2015-06-02 04:27:10', 1),
(158, 253, '2014-2015', '2826', '2015-07-02 04:27:10', 1),
(159, 214, '2014-2015', '3058', '2015-10-02 04:27:10', 1),
(160, 115, '2014-2015', '3518', '2015-01-02 04:27:10', 1),
(161, 2, '2014-2015', '2009', '2015-08-02 04:27:10', 1),
(162, 102, '2014-2015', '4311', '2015-07-02 04:27:10', 1),
(163, 183, '2014-2015', '1586', '2015-07-02 04:27:10', 1),
(164, 96, '2014-2015', '4419', '2015-05-02 04:27:10', 1),
(165, 102, '2014-2015', '4992', '2015-03-02 04:27:10', 1),
(166, 272, '2014-2015', '1103', '2015-08-02 04:27:10', 1),
(167, 209, '2014-2015', '2029', '2015-07-02 04:27:10', 1),
(168, 62, '2014-2015', '4106', '2015-09-02 04:27:10', 1),
(169, 33, '2014-2015', '4570', '2015-08-02 04:27:10', 1),
(170, 158, '2014-2015', '2420', '2015-05-02 04:27:10', 1),
(171, 232, '2014-2015', '2435', '2015-02-02 04:27:10', 1),
(172, 97, '2014-2015', '3427', '2015-04-02 04:27:10', 1),
(173, 43, '2014-2015', '3295', '2015-01-02 04:27:10', 1),
(174, 275, '2014-2015', '3182', '2015-05-02 04:27:10', 1),
(175, 289, '2014-2015', '2657', '2015-01-02 04:27:10', 1),
(176, 147, '2014-2015', '2374', '2015-03-02 04:27:10', 1),
(177, 224, '2014-2015', '4265', '2015-03-02 04:27:10', 1),
(178, 26, '2014-2015', '1555', '2015-08-02 04:27:10', 1),
(179, 243, '2014-2015', '1910', '2015-03-02 04:27:10', 1),
(180, 260, '2014-2015', '3729', '2015-12-02 04:27:10', 1),
(181, 28, '2014-2015', '1301', '2015-04-02 04:27:10', 1),
(182, 73, '2014-2015', '4621', '2015-07-02 04:27:10', 1),
(183, 120, '2014-2015', '2388', '2015-06-02 04:27:10', 1),
(184, 99, '2014-2015', '2643', '2015-03-02 04:27:10', 1),
(185, 47, '2014-2015', '1447', '2015-05-02 04:27:10', 1),
(186, 135, '2014-2015', '2881', '2015-02-02 04:27:10', 1),
(187, 230, '2014-2015', '4057', '2015-11-02 04:27:10', 1),
(188, 67, '2014-2015', '2491', '2015-07-02 04:27:10', 1),
(189, 59, '2014-2015', '1974', '2015-02-02 04:27:10', 1),
(190, 168, '2014-2015', '3963', '2015-12-02 04:27:10', 1),
(191, 238, '2014-2015', '1368', '2015-12-02 04:27:10', 1),
(192, 217, '2014-2015', '4543', '2015-06-02 04:27:10', 1),
(193, 75, '2014-2015', '2165', '2015-01-02 04:27:10', 1),
(194, 245, '2014-2015', '3441', '2015-08-02 04:27:10', 1),
(195, 196, '2014-2015', '3409', '2015-12-02 04:27:10', 1),
(196, 88, '2014-2015', '1922', '2015-04-02 04:27:10', 1),
(197, 101, '2014-2015', '4565', '2015-11-02 04:27:10', 1),
(198, 154, '2014-2015', '1476', '2015-02-02 04:27:10', 1),
(199, 111, '2014-2015', '2453', '2015-07-02 04:27:10', 1),
(200, 80, '2014-2015', '1635', '2015-11-02 04:27:10', 1),
(201, 231, '2014-2015', '1175', '2015-10-02 04:27:10', 1),
(202, 61, '2014-2015', '2519', '2015-07-02 04:27:10', 1),
(203, 128, '2014-2015', '2146', '2015-02-02 04:27:10', 1),
(204, 130, '2014-2015', '2291', '2015-05-02 04:27:10', 1),
(205, 280, '2014-2015', '2500', '2015-11-02 04:27:10', 1),
(206, 249, '2014-2015', '2857', '2015-09-02 04:27:10', 1),
(207, 116, '2014-2015', '3004', '2015-02-02 04:27:10', 1),
(208, 49, '2014-2015', '2375', '2015-12-02 04:27:10', 1),
(209, 264, '2014-2015', '3423', '2015-05-02 04:27:10', 1),
(210, 290, '2014-2015', '4942', '2015-01-02 04:27:10', 1),
(211, 135, '2014-2015', '2012', '2015-10-02 04:27:10', 1),
(212, 219, '2014-2015', '3510', '2015-01-02 04:27:10', 1),
(213, 124, '2014-2015', '2408', '2015-08-02 04:27:10', 1),
(214, 249, '2014-2015', '1416', '2015-04-02 04:27:10', 1),
(215, 182, '2014-2015', '1995', '2015-12-02 04:27:10', 1),
(216, 194, '2014-2015', '4641', '2015-06-02 04:27:10', 1),
(217, 217, '2014-2015', '3996', '2015-07-02 04:27:10', 1),
(218, 279, '2014-2015', '4116', '2015-12-02 04:27:10', 1),
(219, 37, '2014-2015', '2778', '2015-12-02 04:27:10', 1),
(220, 95, '2014-2015', '4725', '2015-05-02 04:27:10', 1),
(221, 269, '2014-2015', '3323', '2015-12-02 04:27:10', 1),
(222, 299, '2014-2015', '2355', '2015-05-02 04:27:10', 1),
(223, 58, '2014-2015', '4708', '2015-02-02 04:27:10', 1),
(224, 76, '2014-2015', '4612', '2015-03-02 04:27:10', 1),
(225, 90, '2014-2015', '2856', '2015-05-02 04:27:10', 1),
(226, 260, '2014-2015', '3887', '2015-01-02 04:27:10', 1),
(227, 35, '2014-2015', '4941', '2015-09-02 04:27:10', 1),
(228, 148, '2014-2015', '3556', '2015-04-02 04:27:10', 1),
(229, 204, '2014-2015', '3343', '2015-05-02 04:27:10', 1),
(230, 250, '2014-2015', '2005', '2015-10-02 04:27:10', 1),
(231, 66, '2014-2015', '2727', '2015-12-02 04:27:10', 1),
(232, 145, '2014-2015', '4300', '2015-12-02 04:27:10', 1),
(233, 235, '2014-2015', '2944', '2015-12-02 04:27:10', 1),
(234, 288, '2014-2015', '1825', '2015-12-02 04:27:10', 1),
(235, 28, '2014-2015', '3551', '2015-08-02 04:27:10', 1),
(236, 66, '2014-2015', '3302', '2015-11-02 04:27:10', 1),
(237, 41, '2014-2015', '2306', '2015-03-02 04:27:10', 1),
(238, 15, '2014-2015', '1754', '2015-01-02 04:27:10', 1),
(239, 118, '2014-2015', '4922', '2015-06-02 04:27:10', 1),
(240, 4, '2014-2015', '4961', '2015-07-02 04:27:10', 1),
(241, 118, '2014-2015', '4821', '2015-07-02 04:27:10', 1),
(242, 152, '2014-2015', '4942', '2015-12-02 04:27:10', 1),
(243, 167, '2014-2015', '2703', '2015-07-02 04:27:10', 1),
(244, 233, '2014-2015', '3578', '2015-02-02 04:27:10', 1),
(245, 191, '2014-2015', '4558', '2015-10-02 04:27:10', 1),
(246, 242, '2014-2015', '3938', '2015-04-02 04:27:10', 1),
(247, 125, '2014-2015', '3567', '2015-06-02 04:27:10', 1),
(248, 274, '2014-2015', '3565', '2015-03-02 04:27:10', 1),
(249, 225, '2014-2015', '4457', '2015-03-02 04:27:10', 1),
(250, 285, '2014-2015', '4188', '2015-06-02 04:27:10', 1),
(251, 51, '2014-2015', '2631', '2015-11-02 04:27:10', 1),
(252, 239, '2014-2015', '1717', '2015-01-02 04:27:10', 1),
(253, 143, '2014-2015', '2419', '2015-02-02 04:27:10', 1),
(254, 260, '2014-2015', '4973', '2015-04-02 04:27:10', 1),
(255, 173, '2014-2015', '3144', '2015-05-02 04:27:10', 1),
(256, 147, '2014-2015', '1762', '2015-07-02 04:27:10', 1),
(257, 131, '2014-2015', '1139', '2015-06-02 04:27:10', 1),
(258, 129, '2014-2015', '1996', '2015-09-02 04:27:10', 1),
(259, 193, '2014-2015', '1568', '2015-08-02 04:27:10', 1),
(260, 117, '2014-2015', '3133', '2015-08-02 04:27:10', 1),
(261, 261, '2014-2015', '4088', '2015-05-02 04:27:10', 1),
(262, 137, '2014-2015', '3012', '2015-02-02 04:27:10', 1),
(263, 227, '2014-2015', '2324', '2015-06-02 04:27:10', 1),
(264, 46, '2014-2015', '3048', '2015-02-02 04:27:10', 1),
(265, 269, '2014-2015', '2866', '2015-10-02 04:27:10', 1),
(266, 22, '2014-2015', '2944', '2015-09-02 04:27:10', 1),
(267, 175, '2014-2015', '4226', '2015-09-02 04:27:10', 1),
(268, 67, '2014-2015', '3655', '2015-06-02 04:27:10', 1),
(269, 146, '2014-2015', '2784', '2015-07-02 04:27:10', 1),
(270, 245, '2014-2015', '2153', '2015-05-02 04:27:10', 1),
(271, 223, '2014-2015', '1816', '2015-10-02 04:27:10', 1),
(272, 83, '2014-2015', '3125', '2015-02-02 04:27:10', 1),
(273, 289, '2014-2015', '3573', '2015-05-02 04:27:10', 1),
(274, 150, '2014-2015', '4268', '2015-08-02 04:27:10', 1),
(275, 27, '2014-2015', '4547', '2015-02-02 04:27:10', 1),
(276, 59, '2014-2015', '2814', '2015-05-02 04:27:10', 1),
(277, 86, '2014-2015', '2901', '2015-11-02 04:27:10', 1),
(278, 51, '2014-2015', '3740', '2015-03-02 04:27:10', 1),
(279, 204, '2014-2015', '1701', '2015-08-02 04:27:10', 1),
(280, 93, '2014-2015', '4771', '2015-08-02 04:27:10', 1),
(281, 7, '2014-2015', '1880', '2015-06-02 04:27:10', 1),
(282, 6, '2014-2015', '2917', '2015-11-02 04:27:10', 1),
(283, 94, '2014-2015', '2697', '2015-06-02 04:27:10', 1),
(284, 20, '2014-2015', '2953', '2015-09-02 04:27:10', 1),
(285, 95, '2014-2015', '1014', '2015-01-02 04:27:10', 1),
(286, 169, '2014-2015', '1507', '2015-08-02 04:27:10', 1),
(287, 287, '2014-2015', '1212', '2015-03-02 04:27:10', 1),
(288, 232, '2014-2015', '2110', '2015-09-02 04:27:10', 1),
(289, 258, '2014-2015', '4747', '2015-06-02 04:27:10', 1),
(290, 234, '2014-2015', '1174', '2015-09-02 04:27:10', 1),
(291, 83, '2014-2015', '2576', '2015-01-02 04:27:10', 1),
(292, 65, '2014-2015', '1380', '2015-02-02 04:27:10', 1),
(293, 65, '2014-2015', '1809', '2015-09-02 04:27:10', 1),
(294, 112, '2014-2015', '4387', '2015-09-02 04:27:10', 1),
(295, 187, '2014-2015', '3887', '2015-09-02 04:27:10', 1),
(296, 297, '2014-2015', '4716', '2015-05-02 04:27:10', 1),
(297, 285, '2014-2015', '4439', '2015-12-02 04:27:10', 1),
(298, 167, '2014-2015', '3943', '2015-09-02 04:27:10', 1),
(299, 261, '2014-2015', '1761', '2015-11-02 04:27:10', 1),
(300, 174, '2014-2015', '1637', '2015-01-02 04:27:10', 1),
(301, 182, '2014-2015', '2413', '2015-08-02 04:27:10', 1),
(302, 60, '2014-2015', '2399', '2015-04-02 04:27:10', 1),
(303, 288, '2014-2015', '2810', '2015-06-02 04:27:10', 1),
(304, 193, '2014-2015', '1790', '2015-02-02 04:27:10', 1),
(305, 11, '2014-2015', '3017', '2015-01-02 04:27:10', 1),
(306, 241, '2014-2015', '1233', '2015-07-02 04:27:10', 1),
(307, 204, '2014-2015', '4428', '2015-12-02 04:27:10', 1),
(308, 3, '2014-2015', '1817', '2015-07-02 04:27:10', 1),
(309, 45, '2014-2015', '2036', '2015-03-02 04:27:10', 1),
(310, 102, '2014-2015', '3648', '2015-01-02 04:27:10', 1),
(311, 245, '2014-2015', '3778', '2015-08-02 04:27:10', 1),
(312, 56, '2014-2015', '1220', '2015-10-02 04:27:10', 1),
(313, 101, '2015-2016', '4610', '2016-12-02 04:27:10', 1),
(314, 235, '2015-2016', '4526', '2016-04-02 04:27:10', 1),
(315, 79, '2015-2016', '2853', '2016-01-02 04:27:10', 1),
(316, 12, '2015-2016', '1358', '2016-03-02 04:27:10', 1),
(317, 156, '2015-2016', '1439', '2016-07-02 04:27:10', 1),
(318, 131, '2015-2016', '2576', '2016-02-02 04:27:10', 1),
(319, 50, '2015-2016', '1871', '2016-03-02 04:27:10', 1),
(320, 221, '2015-2016', '2092', '2016-03-02 04:27:10', 1),
(321, 150, '2015-2016', '2154', '2016-11-02 04:27:10', 1),
(322, 264, '2015-2016', '3752', '2016-10-02 04:27:10', 1),
(323, 258, '2015-2016', '1165', '2016-06-02 04:27:10', 1),
(324, 35, '2015-2016', '3047', '2016-05-02 04:27:10', 1),
(325, 79, '2015-2016', '1576', '2016-04-02 04:27:10', 1),
(326, 37, '2015-2016', '1959', '2016-07-02 04:27:10', 1),
(327, 8, '2015-2016', '3206', '2016-09-02 04:27:10', 1),
(328, 214, '2015-2016', '2768', '2016-03-02 04:27:10', 1),
(329, 281, '2015-2016', '4902', '2016-09-02 04:27:10', 1),
(330, 9, '2015-2016', '4315', '2016-06-02 04:27:10', 1),
(331, 62, '2015-2016', '2764', '2016-10-02 04:27:10', 1),
(332, 132, '2015-2016', '2475', '2016-02-02 04:27:10', 1),
(333, 6, '2015-2016', '3649', '2016-01-02 04:27:10', 1),
(334, 300, '2015-2016', '2117', '2016-05-02 04:27:10', 1),
(335, 46, '2015-2016', '3887', '2016-10-02 04:27:10', 1),
(336, 160, '2015-2016', '1230', '2016-12-02 04:27:10', 1),
(337, 87, '2015-2016', '4439', '2016-10-02 04:27:10', 1),
(338, 299, '2015-2016', '2840', '2016-02-02 04:27:10', 1),
(339, 176, '2015-2016', '4943', '2016-09-02 04:27:10', 1),
(340, 204, '2015-2016', '4038', '2016-01-02 04:27:10', 1),
(341, 5, '2015-2016', '3296', '2016-01-02 04:27:10', 1),
(342, 265, '2015-2016', '2085', '2016-08-02 04:27:10', 1),
(343, 239, '2015-2016', '3757', '2016-07-02 04:27:10', 1),
(344, 196, '2015-2016', '4587', '2016-11-02 04:27:10', 1),
(345, 93, '2015-2016', '3965', '2016-12-02 04:27:10', 1),
(346, 13, '2015-2016', '1625', '2016-10-02 04:27:10', 1),
(347, 42, '2015-2016', '4252', '2016-12-02 04:27:10', 1),
(348, 128, '2015-2016', '2288', '2016-11-02 04:27:10', 1),
(349, 68, '2015-2016', '4283', '2016-01-02 04:27:10', 1),
(350, 116, '2015-2016', '2660', '2016-11-02 04:27:10', 1),
(351, 126, '2015-2016', '2820', '2016-11-02 04:27:10', 1),
(352, 68, '2015-2016', '4807', '2016-07-02 04:27:10', 1),
(353, 132, '2015-2016', '1202', '2016-02-02 04:27:10', 1),
(354, 85, '2015-2016', '3067', '2016-07-02 04:27:10', 1),
(355, 259, '2015-2016', '1932', '2016-10-02 04:27:10', 1),
(356, 118, '2015-2016', '1160', '2016-08-02 04:27:10', 1),
(357, 115, '2015-2016', '2566', '2016-06-02 04:27:10', 1),
(358, 265, '2015-2016', '3427', '2016-04-02 04:27:10', 1),
(359, 84, '2015-2016', '2654', '2016-09-02 04:27:10', 1),
(360, 186, '2015-2016', '4854', '2016-03-02 04:27:10', 1),
(361, 84, '2015-2016', '4987', '2016-09-02 04:27:10', 1),
(362, 121, '2015-2016', '1205', '2016-09-02 04:27:10', 1),
(363, 284, '2015-2016', '3518', '2016-11-02 04:27:10', 1),
(364, 124, '2015-2016', '3414', '2016-11-02 04:27:10', 1),
(365, 249, '2015-2016', '3409', '2016-08-02 04:27:10', 1),
(366, 151, '2015-2016', '1969', '2016-10-02 04:27:10', 1),
(367, 18, '2015-2016', '2637', '2016-04-02 04:27:10', 1),
(368, 12, '2015-2016', '4074', '2016-05-02 04:27:10', 1),
(369, 68, '2015-2016', '4743', '2016-06-02 04:27:10', 1),
(370, 80, '2015-2016', '1600', '2016-01-02 04:27:10', 1),
(371, 35, '2015-2016', '3614', '2016-12-02 04:27:10', 1),
(372, 28, '2015-2016', '1782', '2016-04-02 04:27:10', 1),
(373, 274, '2015-2016', '1244', '2016-09-02 04:27:10', 1),
(374, 38, '2015-2016', '1372', '2016-09-02 04:27:10', 1),
(375, 40, '2015-2016', '2058', '2016-07-02 04:27:10', 1),
(376, 146, '2015-2016', '2899', '2016-07-02 04:27:10', 1),
(377, 283, '2015-2016', '1534', '2016-07-02 04:27:10', 1),
(378, 54, '2015-2016', '1073', '2016-02-02 04:27:10', 1),
(379, 98, '2015-2016', '4716', '2016-03-02 04:27:10', 1),
(380, 279, '2015-2016', '3046', '2016-01-02 04:27:10', 1),
(381, 1, '2015-2016', '1860', '2016-04-02 04:27:10', 1),
(382, 183, '2015-2016', '4500', '2016-03-02 04:27:10', 1),
(383, 152, '2015-2016', '4829', '2016-12-02 04:27:10', 1),
(384, 40, '2015-2016', '3634', '2016-02-02 04:27:10', 1),
(385, 248, '2015-2016', '2563', '2016-03-02 04:27:10', 1),
(386, 167, '2015-2016', '4961', '2016-08-02 04:27:10', 1),
(387, 248, '2015-2016', '2898', '2016-07-02 04:27:10', 1),
(388, 13, '2015-2016', '4963', '2016-08-02 04:27:10', 1),
(389, 223, '2015-2016', '1826', '2016-07-02 04:27:10', 1),
(390, 123, '2015-2016', '3214', '2016-03-02 04:27:10', 1),
(391, 294, '2015-2016', '2301', '2016-12-02 04:27:10', 1),
(392, 258, '2015-2016', '4375', '2016-05-02 04:27:10', 1),
(393, 140, '2015-2016', '2078', '2016-01-02 04:27:10', 1),
(394, 67, '2015-2016', '2111', '2016-10-02 04:27:10', 1),
(395, 103, '2015-2016', '2889', '2016-11-02 04:27:10', 1),
(396, 275, '2015-2016', '2495', '2016-04-02 04:27:10', 1),
(397, 71, '2015-2016', '3844', '2016-12-02 04:27:10', 1),
(398, 16, '2015-2016', '4695', '2016-04-02 04:27:10', 1),
(399, 54, '2015-2016', '3908', '2016-07-02 04:27:10', 1),
(400, 127, '2015-2016', '1650', '2016-04-02 04:27:10', 1),
(401, 26, '2015-2016', '4583', '2016-05-02 04:27:10', 1),
(402, 232, '2015-2016', '3907', '2016-01-02 04:27:10', 1),
(403, 87, '2015-2016', '1100', '2016-10-02 04:27:10', 1),
(404, 300, '2015-2016', '3367', '2016-09-02 04:27:10', 1),
(405, 6, '2015-2016', '2832', '2016-03-02 04:27:10', 1),
(406, 15, '2015-2016', '2254', '2016-11-02 04:27:10', 1),
(407, 123, '2015-2016', '4584', '2016-12-02 04:27:10', 1),
(408, 276, '2015-2016', '1087', '2016-02-02 04:27:10', 1),
(409, 12, '2015-2016', '3113', '2016-10-02 04:27:10', 1),
(410, 253, '2015-2016', '4022', '2016-07-02 04:27:10', 1),
(411, 129, '2015-2016', '3458', '2016-05-02 04:27:10', 1),
(412, 12, '2015-2016', '4346', '2016-11-02 04:27:10', 1),
(413, 115, '2015-2016', '2131', '2016-11-02 04:27:10', 1),
(414, 69, '2015-2016', '2934', '2016-10-02 04:27:10', 1),
(415, 69, '2015-2016', '3614', '2016-09-02 04:27:10', 1),
(416, 27, '2015-2016', '2550', '2016-12-02 04:27:10', 1),
(417, 28, '2015-2016', '1404', '2016-01-02 04:27:10', 1),
(418, 236, '2015-2016', '2025', '2016-03-02 04:27:10', 1),
(419, 288, '2015-2016', '3819', '2016-07-02 04:27:10', 1),
(420, 240, '2015-2016', '4403', '2016-11-02 04:27:10', 1),
(421, 225, '2015-2016', '1021', '2016-06-02 04:27:10', 1),
(422, 294, '2015-2016', '3017', '2016-11-02 04:27:10', 1),
(423, 77, '2015-2016', '2435', '2016-10-02 04:27:10', 1),
(424, 180, '2015-2016', '2154', '2016-12-02 04:27:10', 1),
(425, 284, '2015-2016', '2299', '2016-11-02 04:27:10', 1),
(426, 217, '2015-2016', '4907', '2016-04-02 04:27:10', 1),
(427, 49, '2015-2016', '4340', '2016-10-02 04:27:10', 1),
(428, 88, '2015-2016', '4549', '2016-12-02 04:27:10', 1),
(429, 238, '2015-2016', '3596', '2016-09-02 04:27:10', 1),
(430, 92, '2015-2016', '3196', '2016-01-02 04:27:10', 1),
(431, 13, '2015-2016', '1037', '2016-08-02 04:27:10', 1),
(432, 122, '2015-2016', '2825', '2016-01-02 04:27:10', 1),
(433, 230, '2015-2016', '2001', '2016-07-02 04:27:10', 1),
(434, 165, '2015-2016', '3285', '2016-05-02 04:27:10', 1),
(435, 235, '2015-2016', '3027', '2016-09-02 04:27:10', 1),
(436, 110, '2015-2016', '2051', '2016-04-02 04:27:10', 1),
(437, 208, '2015-2016', '1364', '2016-10-02 04:27:10', 1),
(438, 24, '2015-2016', '1662', '2016-01-02 04:27:10', 1),
(439, 14, '2015-2016', '1735', '2016-12-02 04:27:10', 1),
(440, 264, '2015-2016', '2021', '2016-06-02 04:27:10', 1),
(441, 292, '2015-2016', '1723', '2016-07-02 04:27:10', 1),
(442, 276, '2015-2016', '1922', '2016-05-02 04:27:10', 1),
(443, 47, '2015-2016', '2147', '2016-11-02 04:27:10', 1),
(444, 46, '2015-2016', '2548', '2016-07-02 04:27:10', 1),
(445, 122, '2015-2016', '2419', '2016-05-02 04:27:10', 1),
(446, 56, '2015-2016', '2687', '2016-03-02 04:27:10', 1),
(447, 282, '2015-2016', '3565', '2016-02-02 04:27:10', 1),
(448, 259, '2015-2016', '1426', '2016-07-02 04:27:10', 1),
(449, 123, '2015-2016', '2596', '2016-05-02 04:27:10', 1),
(450, 27, '2015-2016', '1761', '2016-07-02 04:27:10', 1),
(451, 273, '2015-2016', '2401', '2016-08-02 04:27:10', 1),
(452, 18, '2015-2016', '1202', '2016-11-02 04:27:10', 1),
(453, 171, '2015-2016', '3141', '2016-06-02 04:27:10', 1),
(454, 33, '2015-2016', '2602', '2016-03-02 04:27:10', 1),
(455, 264, '2015-2016', '3919', '2016-01-02 04:27:10', 1),
(456, 225, '2015-2016', '2546', '2016-11-02 04:27:10', 1),
(457, 51, '2015-2016', '4961', '2016-12-02 04:27:10', 1),
(458, 14, '2015-2016', '1537', '2016-07-02 04:27:10', 1),
(459, 73, '2015-2016', '2867', '2016-11-02 04:27:10', 1),
(460, 166, '2015-2016', '3680', '2016-07-02 04:27:10', 1),
(461, 140, '2015-2016', '4304', '2016-12-02 04:27:10', 1),
(462, 67, '2015-2016', '1762', '2016-06-02 04:27:10', 1),
(463, 244, '2015-2016', '3988', '2016-04-02 04:27:10', 1),
(464, 70, '2015-2016', '1807', '2016-09-02 04:27:10', 1),
(465, 197, '2015-2016', '1399', '2016-09-02 04:27:10', 1),
(466, 285, '2015-2016', '4136', '2016-04-02 04:27:10', 1),
(467, 219, '2015-2016', '2131', '2016-05-02 04:27:10', 1),
(468, 13, '2015-2016', '2438', '2016-06-02 04:27:10', 1),
(469, 174, '2015-2016', '3341', '2016-08-02 04:27:10', 1),
(470, 52, '2015-2016', '1910', '2016-12-02 04:27:10', 1),
(471, 42, '2015-2016', '4761', '2016-03-02 04:27:10', 1),
(472, 66, '2015-2016', '1301', '2016-07-02 04:27:10', 1),
(473, 98, '2015-2016', '3105', '2016-01-02 04:27:10', 1),
(474, 56, '2015-2016', '1758', '2016-07-02 04:27:10', 1),
(475, 5, '2015-2016', '4178', '2016-07-02 04:27:10', 1),
(476, 204, '2015-2016', '3233', '2016-03-02 04:27:10', 1),
(477, 95, '2015-2016', '4115', '2016-09-02 04:27:10', 1),
(478, 43, '2015-2016', '2272', '2016-11-02 04:27:10', 1),
(479, 166, '2015-2016', '2702', '2016-09-02 04:27:10', 1),
(480, 27, '2015-2016', '1534', '2016-03-02 04:27:10', 1),
(481, 186, '2015-2016', '2159', '2016-04-02 04:27:10', 1),
(482, 224, '2015-2016', '4805', '2016-11-02 04:27:10', 1),
(483, 225, '2015-2016', '4291', '2016-11-02 04:27:10', 1),
(484, 41, '2015-2016', '1613', '2016-08-02 04:27:10', 1),
(485, 223, '2015-2016', '4619', '2016-02-02 04:27:10', 1),
(486, 169, '2015-2016', '4834', '2016-09-02 04:27:10', 1),
(487, 160, '2015-2016', '4895', '2016-08-02 04:27:10', 1),
(488, 14, '2015-2016', '2238', '2016-06-02 04:27:10', 1),
(489, 45, '2015-2016', '2230', '2016-12-02 04:27:10', 1),
(490, 262, '2015-2016', '3702', '2016-02-02 04:27:10', 1),
(491, 284, '2015-2016', '2741', '2016-02-02 04:27:10', 1),
(492, 111, '2015-2016', '1849', '2016-06-02 04:27:10', 1),
(493, 83, '2015-2016', '4842', '2016-07-02 04:27:10', 1),
(494, 133, '2015-2016', '3044', '2016-11-02 04:27:10', 1),
(495, 212, '2015-2016', '2916', '2016-05-02 04:27:10', 1),
(496, 167, '2015-2016', '2561', '2016-01-02 04:27:10', 1),
(497, 183, '2015-2016', '1712', '2016-08-02 04:27:10', 1),
(498, 206, '2015-2016', '2398', '2016-10-02 04:27:10', 1),
(499, 296, '2015-2016', '4302', '2016-04-02 04:27:10', 1),
(500, 110, '2015-2016', '2359', '2016-02-02 04:27:10', 1),
(501, 2, '2015-2016', '2496', '2016-01-02 04:27:10', 1),
(502, 92, '2015-2016', '1446', '2016-06-02 04:27:10', 1),
(503, 95, '2015-2016', '1130', '2016-11-02 04:27:10', 1),
(504, 172, '2015-2016', '2246', '2016-09-02 04:27:10', 1),
(505, 267, '2015-2016', '3300', '2016-10-02 04:27:10', 1),
(506, 281, '2015-2016', '3463', '2016-02-02 04:27:10', 1),
(507, 38, '2015-2016', '2074', '2016-04-02 04:27:10', 1),
(508, 44, '2015-2016', '4245', '2016-05-02 04:27:10', 1),
(509, 38, '2015-2016', '3853', '2016-01-02 04:27:10', 1),
(510, 107, '2015-2016', '2307', '2016-05-02 04:27:10', 1),
(511, 263, '2015-2016', '3339', '2016-05-02 04:27:10', 1),
(512, 128, '2015-2016', '2358', '2016-07-02 04:27:10', 1),
(513, 239, '2015-2016', '3532', '2016-07-02 04:27:10', 1),
(514, 183, '2015-2016', '4690', '2016-04-02 04:27:10', 1),
(515, 113, '2015-2016', '4534', '2016-05-02 04:27:10', 1),
(516, 149, '2015-2016', '2910', '2016-03-02 04:27:10', 1),
(517, 173, '2015-2016', '4744', '2016-07-02 04:27:10', 1),
(518, 18, '2015-2016', '2581', '2016-05-02 04:27:10', 1),
(519, 72, '2015-2016', '3904', '2016-03-02 04:27:10', 1),
(520, 182, '2015-2016', '1242', '2016-08-02 04:27:10', 1),
(521, 82, '2015-2016', '4451', '2016-05-02 04:27:10', 1),
(522, 268, '2015-2016', '1257', '2016-10-02 04:27:10', 1),
(523, 97, '2015-2016', '2212', '2016-12-02 04:27:10', 1),
(524, 23, '2015-2016', '2796', '2016-05-02 04:27:10', 1),
(525, 111, '2015-2016', '3020', '2016-04-02 04:27:10', 1),
(526, 206, '2015-2016', '4821', '2016-01-02 04:27:10', 1),
(527, 82, '2015-2016', '2463', '2016-05-02 04:27:10', 1),
(528, 19, '2015-2016', '3676', '2016-07-02 04:27:10', 1),
(529, 179, '2015-2016', '2543', '2016-06-02 04:27:10', 1),
(530, 148, '2015-2016', '4682', '2016-03-02 04:27:10', 1),
(531, 273, '2015-2016', '3451', '2016-07-02 04:27:10', 1),
(532, 170, '2015-2016', '4433', '2016-11-02 04:27:10', 1),
(533, 33, '2015-2016', '1785', '2016-02-02 04:27:10', 1),
(534, 113, '2015-2016', '3574', '2016-11-02 04:27:10', 1),
(535, 82, '2015-2016', '1701', '2016-09-02 04:27:10', 1),
(536, 196, '2015-2016', '2582', '2016-07-02 04:27:10', 1),
(537, 267, '2015-2016', '3212', '2016-05-02 04:27:10', 1),
(538, 48, '2015-2016', '3578', '2016-07-02 04:27:10', 1),
(539, 239, '2015-2016', '1876', '2016-07-02 04:27:10', 1),
(540, 28, '2015-2016', '1627', '2016-05-02 04:27:10', 1),
(541, 133, '2015-2016', '2439', '2016-10-02 04:27:10', 1),
(542, 8, '2015-2016', '3158', '2016-02-02 04:27:10', 1),
(543, 78, '2015-2016', '2341', '2016-05-02 04:27:10', 1),
(544, 199, '2015-2016', '4275', '2016-01-02 04:27:10', 1),
(545, 191, '2015-2016', '3626', '2016-06-02 04:27:10', 1),
(546, 264, '2015-2016', '3981', '2016-03-02 04:27:10', 1),
(547, 280, '2015-2016', '2033', '2016-06-02 04:27:10', 1),
(548, 233, '2015-2016', '4383', '2016-09-02 04:27:10', 1),
(549, 57, '2015-2016', '4445', '2016-02-02 04:27:10', 1),
(550, 98, '2015-2016', '3799', '2016-02-02 04:27:10', 1),
(551, 207, '2015-2016', '3832', '2016-03-02 04:27:10', 1),
(552, 296, '2015-2016', '1094', '2016-05-02 04:27:10', 1),
(553, 167, '2015-2016', '4712', '2016-08-02 04:27:10', 1),
(554, 298, '2015-2016', '4902', '2016-10-02 04:27:10', 1),
(555, 288, '2015-2016', '3926', '2016-01-02 04:27:10', 1),
(556, 207, '2015-2016', '3759', '2016-09-02 04:27:10', 1),
(557, 34, '2015-2016', '3442', '2016-01-02 04:27:10', 1),
(558, 281, '2015-2016', '4099', '2016-02-02 04:27:10', 1),
(559, 182, '2015-2016', '1888', '2016-08-02 04:27:10', 1),
(560, 6, '2015-2016', '3047', '2016-12-02 04:27:10', 1),
(561, 96, '2015-2016', '1807', '2016-03-02 04:27:10', 1),
(562, 60, '2015-2016', '4129', '2016-12-02 04:27:10', 1),
(563, 53, '2015-2016', '3435', '2016-08-02 04:27:10', 1),
(564, 166, '2015-2016', '4596', '2016-05-02 04:27:10', 1),
(565, 219, '2015-2016', '4006', '2016-06-02 04:27:10', 1),
(566, 223, '2015-2016', '1882', '2016-05-02 04:27:10', 1),
(567, 226, '2015-2016', '2751', '2016-03-02 04:27:10', 1),
(568, 187, '2015-2016', '1022', '2016-05-02 04:27:10', 1),
(569, 135, '2015-2016', '3427', '2016-10-02 04:27:10', 1),
(570, 194, '2015-2016', '3503', '2016-01-02 04:27:10', 1),
(571, 117, '2015-2016', '3162', '2016-08-02 04:27:10', 1),
(572, 216, '2015-2016', '1287', '2016-10-02 04:27:10', 1),
(573, 246, '2015-2016', '1396', '2016-11-02 04:27:10', 1),
(574, 119, '2015-2016', '3221', '2016-08-02 04:27:10', 1),
(575, 104, '2015-2016', '1118', '2016-09-02 04:27:10', 1),
(576, 68, '2015-2016', '1004', '2016-12-02 04:27:10', 1),
(577, 118, '2015-2016', '2643', '2016-10-02 04:27:10', 1),
(578, 216, '2015-2016', '1758', '2016-02-02 04:27:10', 1),
(579, 145, '2015-2016', '4204', '2016-08-02 04:27:10', 1),
(580, 122, '2015-2016', '1675', '2016-09-02 04:27:10', 1),
(581, 177, '2015-2016', '1016', '2016-04-02 04:27:10', 1),
(582, 262, '2015-2016', '2991', '2016-12-02 04:27:10', 1),
(583, 284, '2015-2016', '3131', '2016-12-02 04:27:10', 1),
(584, 114, '2015-2016', '2619', '2016-04-02 04:27:10', 1),
(585, 70, '2015-2016', '3321', '2016-12-02 04:27:10', 1),
(586, 138, '2015-2016', '1951', '2016-08-02 04:27:10', 1),
(587, 300, '2015-2016', '4435', '2016-10-02 04:27:10', 1),
(588, 177, '2015-2016', '3695', '2016-03-02 04:27:10', 1),
(589, 4, '2015-2016', '2594', '2016-02-02 04:27:10', 1),
(590, 285, '2015-2016', '1163', '2016-07-02 04:27:10', 1),
(591, 5, '2015-2016', '4041', '2016-04-02 04:27:10', 1),
(592, 223, '2015-2016', '1756', '2016-04-02 04:27:10', 1),
(593, 155, '2015-2016', '2752', '2016-06-02 04:27:10', 1),
(594, 126, '2015-2016', '2837', '2016-06-02 04:27:10', 1),
(595, 72, '2015-2016', '3697', '2016-02-02 04:27:10', 1),
(596, 102, '2015-2016', '3356', '2016-08-02 04:27:10', 1),
(597, 38, '2015-2016', '3729', '2016-02-02 04:27:10', 1),
(598, 54, '2015-2016', '4796', '2016-08-02 04:27:10', 1),
(599, 196, '2015-2016', '2597', '2016-12-02 04:27:10', 1),
(600, 156, '2015-2016', '4176', '2016-08-02 04:27:10', 1),
(601, 246, '2015-2016', '2432', '2016-02-02 04:27:10', 1),
(602, 155, '2015-2016', '4527', '2016-11-02 04:27:10', 1),
(603, 180, '2015-2016', '1923', '2016-12-02 04:27:10', 1),
(604, 251, '2015-2016', '4299', '2016-06-02 04:27:10', 1),
(605, 114, '2015-2016', '4224', '2016-12-02 04:27:10', 1),
(606, 103, '2015-2016', '2682', '2016-12-02 04:27:10', 1),
(607, 96, '2015-2016', '2882', '2016-07-02 04:27:10', 1),
(608, 199, '2015-2016', '4059', '2016-11-02 04:27:10', 1),
(609, 182, '2015-2016', '4464', '2016-03-02 04:27:10', 1),
(610, 43, '2015-2016', '2303', '2016-06-02 04:27:10', 1),
(611, 151, '2015-2016', '2180', '2016-03-02 04:27:10', 1),
(612, 19, '2015-2016', '3840', '2016-05-02 04:27:10', 1),
(613, 272, '2015-2016', '3889', '2016-05-02 04:27:10', 1),
(614, 175, '2015-2016', '2779', '2016-04-02 04:27:10', 1),
(615, 147, '2015-2016', '3733', '2016-09-02 04:27:10', 1),
(616, 48, '2015-2016', '4687', '2016-11-02 04:27:10', 1),
(617, 143, '2015-2016', '1682', '2016-12-02 04:27:10', 1),
(618, 92, '2015-2016', '3901', '2016-02-02 04:27:10', 1),
(619, 168, '2015-2016', '2057', '2016-04-02 04:27:10', 1),
(620, 149, '2015-2016', '4664', '2016-04-02 04:27:10', 1),
(621, 225, '2015-2016', '1081', '2016-01-02 04:27:10', 1),
(622, 154, '2015-2016', '3213', '2016-10-02 04:27:10', 1),
(623, 161, '2015-2016', '1889', '2016-03-02 04:27:10', 1),
(624, 172, '2016-2017', '4056', '2017-06-13 04:27:10', 1),
(625, 249, '2016-2017', '2844', '2017-10-15 04:27:10', 1),
(626, 100, '2016-2017', '2696', '2017-08-02 04:27:10', 1),
(627, 25, '2016-2017', '2072', '2017-10-30 04:27:10', 1),
(628, 241, '2016-2017', '2284', '2017-03-17 04:27:10', 1),
(629, 194, '2016-2017', '3619', '2017-04-03 04:27:10', 1),
(630, 296, '2016-2017', '2827', '2017-05-15 04:27:10', 1),
(631, 162, '2016-2017', '2563', '2017-07-06 04:27:10', 1),
(632, 252, '2016-2017', '4861', '2017-11-26 04:27:10', 1),
(633, 277, '2016-2017', '1944', '2017-03-28 04:27:10', 1),
(634, 152, '2016-2017', '4306', '2017-09-24 04:27:10', 1),
(635, 52, '2016-2017', '2738', '2017-07-13 04:27:10', 1),
(636, 230, '2016-2017', '4224', '2017-03-09 04:27:10', 1),
(637, 293, '2016-2017', '1874', '2017-01-08 04:27:10', 1),
(638, 138, '2016-2017', '1955', '2017-11-27 04:27:10', 1),
(639, 254, '2016-2017', '4324', '2017-05-16 04:27:10', 1),
(640, 300, '2016-2017', '2305', '2017-01-19 04:27:10', 1),
(641, 188, '2016-2017', '3462', '2017-08-23 04:27:10', 1),
(642, 280, '2016-2017', '1696', '2017-08-04 04:27:10', 1),
(643, 43, '2016-2017', '3171', '2017-07-15 04:27:10', 1),
(644, 200, '2016-2017', '1116', '2017-11-25 04:27:10', 1),
(645, 196, '2016-2017', '1023', '2017-07-20 04:27:10', 1),
(646, 144, '2016-2017', '3090', '2017-03-30 04:27:10', 1),
(647, 263, '2016-2017', '1481', '2017-12-28 04:27:10', 1),
(648, 217, '2016-2017', '3319', '2017-04-02 04:27:10', 1),
(649, 289, '2016-2017', '1240', '2017-06-16 04:27:10', 1),
(650, 10, '2016-2017', '1168', '2017-06-26 04:27:10', 1),
(651, 106, '2016-2017', '3326', '2017-03-15 04:27:10', 1),
(652, 181, '2016-2017', '2469', '2017-01-03 04:27:10', 1),
(653, 135, '2016-2017', '4018', '2017-09-10 04:27:10', 1),
(654, 209, '2016-2017', '2941', '2017-09-07 04:27:10', 1),
(655, 262, '2016-2017', '3090', '2017-02-04 04:27:10', 1),
(656, 17, '2016-2017', '4171', '2017-03-24 04:27:10', 1),
(657, 151, '2016-2017', '3551', '2017-12-12 04:27:10', 1),
(658, 231, '2016-2017', '2941', '2017-03-07 04:27:10', 1),
(659, 166, '2016-2017', '3438', '2017-06-18 04:27:10', 1),
(660, 109, '2016-2017', '2626', '2017-03-10 04:27:10', 1),
(661, 42, '2016-2017', '2242', '2017-02-21 04:27:10', 1),
(662, 251, '2016-2017', '1243', '2017-07-01 04:27:10', 1),
(663, 37, '2016-2017', '2756', '2017-10-18 04:27:10', 1),
(664, 59, '2016-2017', '2429', '2017-07-13 04:27:10', 1),
(665, 201, '2016-2017', '1630', '2017-06-25 04:27:10', 1),
(666, 155, '2016-2017', '2205', '2017-05-04 04:27:10', 1),
(667, 6, '2016-2017', '1738', '2017-05-09 04:27:10', 1),
(668, 105, '2016-2017', '2116', '2017-06-23 04:27:10', 1),
(669, 76, '2016-2017', '3572', '2017-06-15 04:27:10', 1),
(670, 258, '2016-2017', '1236', '2017-04-15 04:27:10', 1),
(671, 238, '2016-2017', '3358', '2017-02-24 04:27:10', 1),
(672, 191, '2016-2017', '2433', '2017-06-29 04:27:10', 1),
(673, 5, '2016-2017', '3389', '2017-04-16 04:27:10', 1),
(674, 54, '2016-2017', '4256', '2017-10-24 04:27:10', 1),
(675, 53, '2016-2017', '3747', '2017-03-24 04:27:10', 1),
(676, 8, '2016-2017', '3466', '2017-12-26 04:27:10', 1),
(677, 234, '2016-2017', '1243', '2017-08-13 04:27:10', 1),
(678, 84, '2016-2017', '1536', '2017-06-22 04:27:10', 1),
(679, 150, '2016-2017', '1185', '2017-09-10 04:27:10', 1),
(680, 79, '2016-2017', '1822', '2017-07-06 04:27:10', 1),
(681, 114, '2016-2017', '1913', '2017-01-04 04:27:10', 1),
(682, 213, '2016-2017', '2699', '2017-11-27 04:27:10', 1),
(683, 247, '2016-2017', '2149', '2017-06-04 04:27:10', 1),
(684, 149, '2016-2017', '4730', '2017-04-25 04:27:10', 1),
(685, 38, '2016-2017', '4634', '2017-11-08 04:27:10', 1),
(686, 18, '2016-2017', '4071', '2017-02-21 04:27:10', 1),
(687, 153, '2016-2017', '4934', '2017-03-02 04:27:10', 1),
(688, 165, '2016-2017', '2782', '2017-03-08 04:27:10', 1),
(689, 74, '2016-2017', '1738', '2017-05-20 04:27:10', 1),
(690, 288, '2016-2017', '2989', '2017-01-18 04:27:10', 1),
(691, 283, '2016-2017', '4969', '2017-06-19 04:27:10', 1),
(692, 181, '2016-2017', '4526', '2017-12-24 04:27:10', 1),
(693, 82, '2016-2017', '1747', '2017-12-25 04:27:10', 1),
(694, 22, '2016-2017', '4828', '2017-01-18 04:27:10', 1),
(695, 218, '2016-2017', '3641', '2017-11-09 04:27:10', 1),
(696, 280, '2016-2017', '2729', '2017-07-08 04:27:10', 1),
(697, 102, '2016-2017', '1520', '2017-12-10 04:27:10', 1),
(698, 95, '2016-2017', '3761', '2017-04-30 04:27:10', 1),
(699, 154, '2016-2017', '3192', '2017-11-21 04:27:10', 1),
(700, 210, '2016-2017', '4628', '2017-06-16 04:27:10', 1),
(701, 16, '2016-2017', '2493', '2017-08-29 04:27:10', 1),
(702, 225, '2016-2017', '2872', '2017-03-05 04:27:10', 1),
(703, 205, '2016-2017', '4275', '2017-03-11 04:27:10', 1),
(704, 111, '2016-2017', '1818', '2017-06-05 04:27:10', 1),
(705, 33, '2016-2017', '1228', '2017-12-27 04:27:10', 1),
(706, 31, '2016-2017', '2221', '2017-04-17 04:27:10', 1),
(707, 278, '2016-2017', '3612', '2017-11-15 04:27:10', 1),
(708, 7, '2016-2017', '1246', '2017-11-18 04:27:10', 1),
(709, 281, '2016-2017', '1480', '2017-12-30 04:27:10', 1),
(710, 266, '2016-2017', '4399', '2017-01-06 04:27:10', 1),
(711, 67, '2016-2017', '2748', '2017-11-21 04:27:10', 1),
(712, 172, '2016-2017', '3863', '2017-12-03 04:27:10', 1),
(713, 205, '2016-2017', '1671', '2017-10-05 04:27:10', 1),
(714, 157, '2016-2017', '3852', '2017-08-30 04:27:10', 1),
(715, 192, '2016-2017', '3671', '2017-03-15 04:27:10', 1),
(716, 68, '2016-2017', '1360', '2017-11-25 04:27:10', 1),
(717, 297, '2016-2017', '2069', '2017-09-26 04:27:10', 1),
(718, 292, '2016-2017', '4330', '2017-10-19 04:27:10', 1),
(719, 115, '2016-2017', '2121', '2017-09-01 04:27:10', 1),
(720, 180, '2016-2017', '2891', '2017-11-25 04:27:10', 1),
(721, 2, '2016-2017', '2256', '2017-07-24 04:27:10', 1),
(722, 168, '2016-2017', '4317', '2017-07-11 04:27:10', 1),
(723, 111, '2016-2017', '3133', '2017-05-30 04:27:10', 1),
(724, 88, '2016-2017', '1272', '2017-11-01 04:27:10', 1),
(725, 41, '2016-2017', '2186', '2017-11-07 04:27:10', 1),
(726, 215, '2016-2017', '1538', '2017-07-03 04:27:10', 1),
(727, 99, '2016-2017', '3675', '2017-10-25 04:27:10', 1),
(728, 103, '2016-2017', '2296', '2017-05-17 04:27:10', 1),
(729, 240, '2016-2017', '1349', '2017-10-25 04:27:10', 1),
(730, 277, '2016-2017', '4770', '2017-10-06 04:27:10', 1),
(731, 80, '2016-2017', '4714', '2017-01-16 04:27:10', 1),
(732, 152, '2016-2017', '4536', '2017-04-19 04:27:10', 1),
(733, 88, '2016-2017', '2647', '2017-07-26 04:27:10', 1),
(734, 224, '2016-2017', '2345', '2017-05-21 04:27:10', 1),
(735, 64, '2016-2017', '3447', '2017-03-23 04:27:10', 1),
(736, 75, '2016-2017', '2460', '2017-09-25 04:27:10', 1),
(737, 293, '2016-2017', '1337', '2017-03-07 04:27:10', 1),
(738, 43, '2016-2017', '2395', '2017-02-01 04:27:10', 1),
(739, 18, '2016-2017', '3602', '2017-11-18 04:27:10', 1),
(740, 26, '2016-2017', '3617', '2017-10-18 04:27:10', 1),
(741, 293, '2016-2017', '4528', '2017-04-12 04:27:10', 1),
(742, 45, '2016-2017', '1496', '2017-06-30 04:27:10', 1),
(743, 230, '2016-2017', '4055', '2017-09-20 04:27:10', 1),
(744, 40, '2016-2017', '1011', '2017-07-07 04:27:10', 1),
(745, 107, '2016-2017', '2111', '2017-04-23 04:27:10', 1),
(746, 290, '2016-2017', '3903', '2017-02-10 04:27:10', 1),
(747, 126, '2016-2017', '1309', '2017-02-26 04:27:10', 1),
(748, 84, '2016-2017', '4166', '2017-12-18 04:27:10', 1),
(749, 242, '2016-2017', '3774', '2017-03-05 04:27:10', 1),
(750, 230, '2016-2017', '1565', '2017-04-14 04:27:10', 1),
(751, 88, '2016-2017', '2032', '2017-06-23 04:27:10', 1),
(752, 158, '2016-2017', '4414', '2017-05-25 04:27:10', 1),
(753, 142, '2016-2017', '2542', '2017-09-22 04:27:10', 1),
(754, 64, '2016-2017', '1105', '2017-04-09 04:27:10', 1),
(755, 47, '2016-2017', '4843', '2017-02-17 04:27:10', 1),
(756, 246, '2016-2017', '1015', '2017-10-07 04:27:10', 1),
(757, 88, '2016-2017', '4894', '2017-05-29 04:27:10', 1),
(758, 139, '2016-2017', '3867', '2017-10-04 04:27:10', 1),
(759, 125, '2016-2017', '4384', '2017-03-16 04:27:10', 1),
(760, 180, '2016-2017', '3195', '2017-08-05 04:27:10', 1),
(761, 106, '2016-2017', '3562', '2017-01-28 04:27:10', 1),
(762, 284, '2016-2017', '2596', '2017-05-16 04:27:10', 1),
(763, 163, '2016-2017', '2158', '2017-12-21 04:27:10', 1),
(764, 89, '2016-2017', '2975', '2017-04-14 04:27:10', 1),
(765, 66, '2016-2017', '3517', '2017-03-04 04:27:10', 1),
(766, 23, '2016-2017', '1107', '2017-07-08 04:27:10', 1),
(767, 278, '2016-2017', '4886', '2017-07-09 04:27:10', 1),
(768, 215, '2016-2017', '3831', '2017-10-02 04:27:10', 1),
(769, 247, '2016-2017', '4807', '2017-02-16 04:27:10', 1),
(770, 236, '2016-2017', '1658', '2017-05-02 04:27:10', 1),
(771, 156, '2016-2017', '4022', '2017-11-22 04:27:10', 1),
(772, 157, '2016-2017', '2837', '2017-10-12 04:27:10', 1),
(773, 1, '2016-2017', '1298', '2017-08-30 04:27:10', 1),
(774, 229, '2016-2017', '4826', '2017-08-08 04:27:10', 1),
(775, 77, '2016-2017', '1420', '2017-03-20 04:27:10', 1),
(776, 148, '2016-2017', '3727', '2017-07-29 04:27:10', 1),
(777, 25, '2016-2017', '1382', '2017-01-09 04:27:10', 1),
(778, 128, '2016-2017', '3899', '2017-10-18 04:27:10', 1),
(779, 45, '2016-2017', '1702', '2017-12-17 04:27:10', 1),
(780, 239, '2016-2017', '1566', '2017-04-08 04:27:10', 1),
(781, 182, '2016-2017', '4035', '2017-06-20 04:27:10', 1),
(782, 123, '2016-2017', '1671', '2017-10-08 04:27:10', 1),
(783, 94, '2016-2017', '3503', '2017-08-12 04:27:10', 1),
(784, 51, '2016-2017', '3476', '2017-12-29 04:27:10', 1),
(785, 264, '2016-2017', '2296', '0000-00-00 00:00:00', 1),
(786, 137, '2016-2017', '3137', '2017-05-07 04:27:10', 1),
(787, 258, '2016-2017', '3681', '2017-12-10 04:27:10', 1),
(788, 142, '2016-2017', '3686', '2017-12-25 04:27:10', 1),
(789, 19, '2016-2017', '1057', '2017-08-24 04:27:10', 1),
(790, 14, '2016-2017', '3221', '2017-04-28 04:27:10', 1),
(791, 147, '2016-2017', '1853', '2017-01-18 04:27:10', 1),
(792, 92, '2016-2017', '2658', '2017-07-14 04:27:10', 1),
(793, 77, '2016-2017', '2502', '2017-07-12 04:27:10', 1),
(794, 279, '2016-2017', '2628', '2017-05-13 04:27:10', 1),
(795, 204, '2016-2017', '2735', '2017-11-15 04:27:10', 1),
(796, 256, '2016-2017', '2332', '2017-03-14 04:27:10', 1),
(797, 253, '2016-2017', '2413', '2017-03-28 04:27:10', 1),
(798, 239, '2016-2017', '2456', '2017-09-08 04:27:10', 1),
(799, 117, '2016-2017', '1335', '2017-02-03 04:27:10', 1),
(800, 292, '2016-2017', '2333', '2017-08-30 04:27:10', 1),
(801, 10, '2016-2017', '1230', '2017-08-17 04:27:10', 1),
(802, 62, '2016-2017', '1427', '2017-11-02 04:27:10', 1),
(803, 55, '2016-2017', '3601', '2017-03-11 04:27:10', 1),
(804, 29, '2016-2017', '4218', '2017-07-13 04:27:10', 1),
(805, 2, '2016-2017', '1612', '2017-06-12 04:27:10', 1),
(806, 21, '2016-2017', '2604', '2017-08-07 04:27:10', 1),
(807, 294, '2016-2017', '4978', '2017-08-05 04:27:10', 1),
(808, 193, '2016-2017', '2050', '2017-08-25 04:27:10', 1),
(809, 109, '2016-2017', '3274', '2017-07-18 04:27:10', 1),
(810, 296, '2016-2017', '4007', '2017-03-06 04:27:10', 1),
(811, 73, '2016-2017', '3944', '2017-09-19 04:27:10', 1),
(812, 171, '2016-2017', '4198', '2017-01-26 04:27:10', 1),
(813, 126, '2016-2017', '4867', '2017-11-15 04:27:10', 1),
(814, 86, '2016-2017', '4736', '2017-02-15 04:27:10', 1),
(815, 133, '2016-2017', '1814', '2017-09-06 04:27:10', 1),
(816, 146, '2016-2017', '4954', '2017-01-30 04:27:10', 1),
(817, 63, '2016-2017', '3590', '2017-06-26 04:27:10', 1),
(818, 63, '2016-2017', '4282', '2017-04-11 04:27:10', 1),
(819, 269, '2016-2017', '4999', '2017-02-02 04:27:10', 1),
(820, 30, '2016-2017', '4715', '2017-10-09 04:27:10', 1),
(821, 8, '2016-2017', '3695', '2017-10-15 04:27:10', 1),
(822, 299, '2016-2017', '3654', '2017-02-03 04:27:10', 1),
(823, 137, '2016-2017', '1210', '2017-09-09 04:27:10', 1),
(824, 135, '2016-2017', '2791', '2017-06-24 04:27:10', 1),
(825, 172, '2016-2017', '2332', '2017-03-01 04:27:10', 1),
(826, 244, '2016-2017', '2753', '2017-12-24 04:27:10', 1),
(827, 138, '2016-2017', '3756', '2017-01-17 04:27:10', 1),
(828, 201, '2016-2017', '2628', '2017-05-15 04:27:10', 1),
(829, 153, '2016-2017', '4448', '2017-03-17 04:27:10', 1),
(830, 181, '2016-2017', '1651', '2017-01-21 04:27:10', 1),
(831, 299, '2016-2017', '4677', '2017-08-13 04:27:10', 1),
(832, 111, '2016-2017', '3902', '2017-08-04 04:27:10', 1),
(833, 113, '2016-2017', '1094', '2017-08-26 04:27:10', 1),
(834, 56, '2016-2017', '1784', '2017-07-29 04:27:10', 1),
(835, 71, '2016-2017', '1452', '2017-04-07 04:27:10', 1),
(836, 30, '2016-2017', '3983', '2017-04-03 04:27:10', 1),
(837, 230, '2016-2017', '3082', '2017-12-09 04:27:10', 1),
(838, 247, '2016-2017', '2251', '2017-12-03 04:27:10', 1),
(839, 5, '2016-2017', '1766', '2017-12-26 04:27:10', 1),
(840, 105, '2016-2017', '3678', '2017-10-28 04:27:10', 1),
(841, 221, '2016-2017', '2079', '2017-05-12 04:27:10', 1),
(842, 100, '2016-2017', '1124', '2017-11-25 04:27:10', 1),
(843, 129, '2016-2017', '3053', '2017-11-07 04:27:10', 1),
(844, 181, '2016-2017', '4835', '2017-01-05 04:27:10', 1),
(845, 145, '2016-2017', '1993', '2017-10-15 04:27:10', 1),
(846, 257, '2016-2017', '1223', '2017-12-06 04:27:10', 1),
(847, 98, '2016-2017', '2072', '2017-12-10 04:27:10', 1),
(848, 199, '2016-2017', '4367', '2017-05-22 04:27:10', 1),
(849, 154, '2016-2017', '4879', '2017-06-01 04:27:10', 1),
(850, 220, '2016-2017', '4479', '2017-01-11 04:27:10', 1),
(851, 296, '2016-2017', '1975', '2017-04-04 04:27:10', 1),
(852, 77, '2016-2017', '4081', '2017-07-10 04:27:10', 1),
(853, 176, '2016-2017', '2825', '2017-09-25 04:27:10', 1),
(854, 246, '2016-2017', '1188', '2017-09-08 04:27:10', 1),
(855, 41, '2016-2017', '1312', '2017-01-04 04:27:10', 1),
(856, 50, '2016-2017', '2410', '2017-05-14 04:27:10', 1),
(857, 90, '2016-2017', '1641', '2017-03-26 04:27:10', 1),
(858, 272, '2016-2017', '3869', '2017-05-12 04:27:10', 1),
(859, 242, '2016-2017', '2524', '2017-11-22 04:27:10', 1),
(860, 251, '2016-2017', '3336', '2017-07-09 04:27:10', 1),
(861, 65, '2016-2017', '1595', '2017-07-26 04:27:10', 1),
(862, 241, '2016-2017', '1677', '2017-03-12 04:27:10', 1),
(863, 70, '2016-2017', '3660', '2017-04-19 04:27:10', 1),
(864, 13, '2016-2017', '2395', '2017-08-02 04:27:10', 1),
(865, 40, '2016-2017', '3111', '2017-04-05 04:27:10', 1),
(866, 71, '2016-2017', '3639', '2017-03-17 04:27:10', 1),
(867, 81, '2016-2017', '4236', '2017-03-24 04:27:10', 1),
(868, 45, '2016-2017', '1415', '2017-07-27 04:27:10', 1),
(869, 166, '2016-2017', '2947', '2017-02-02 04:27:10', 1),
(870, 166, '2016-2017', '3287', '2017-07-19 04:27:10', 1),
(871, 286, '2016-2017', '2715', '2017-09-22 04:27:10', 1),
(872, 175, '2016-2017', '3363', '2017-07-30 04:27:10', 1),
(873, 55, '2016-2017', '3038', '2017-08-13 04:27:10', 1),
(874, 201, '2016-2017', '3596', '2017-09-09 04:27:10', 1),
(875, 11, '2016-2017', '1133', '2017-01-03 04:27:10', 1),
(876, 71, '2016-2017', '1035', '2017-05-16 04:27:10', 1),
(877, 189, '2016-2017', '4331', '2017-05-19 04:27:10', 1),
(878, 269, '2016-2017', '4629', '2017-01-09 04:27:10', 1),
(879, 59, '2016-2017', '4571', '2017-09-22 04:27:10', 1),
(880, 46, '2016-2017', '1320', '2017-08-29 04:27:10', 1),
(881, 3, '2016-2017', '1859', '2017-01-13 04:27:10', 1),
(882, 202, '2016-2017', '2204', '2017-09-01 04:27:10', 1),
(883, 275, '2016-2017', '1390', '2017-08-14 04:27:10', 1);
INSERT INTO `tax_payments` (`id`, `holding_id`, `fiscal_year`, `payment_amount`, `payment_datetime`, `received_by`) VALUES
(884, 249, '2016-2017', '4664', '2017-07-07 04:27:10', 1),
(885, 286, '2016-2017', '1146', '2017-11-07 04:27:10', 1),
(886, 289, '2016-2017', '3990', '2017-07-07 04:27:10', 1),
(887, 113, '2016-2017', '4676', '2017-10-03 04:27:10', 1),
(888, 14, '2016-2017', '2205', '2017-01-02 04:27:10', 1),
(889, 71, '2016-2017', '4801', '2017-12-24 04:27:10', 1),
(890, 108, '2016-2017', '2619', '2017-03-11 04:27:10', 1),
(891, 228, '2016-2017', '2957', '2017-09-09 04:27:10', 1),
(892, 86, '2016-2017', '2607', '2017-06-21 04:27:10', 1),
(893, 281, '2016-2017', '1969', '2017-02-08 04:27:10', 1),
(894, 211, '2016-2017', '1083', '2017-07-19 04:27:10', 1),
(895, 13, '2016-2017', '1465', '2017-04-11 04:27:10', 1),
(896, 148, '2016-2017', '1508', '2017-12-29 04:27:10', 1),
(897, 88, '2016-2017', '4225', '2017-08-21 04:27:10', 1),
(898, 140, '2016-2017', '3652', '2017-09-17 04:27:10', 1),
(899, 124, '2016-2017', '2708', '2017-01-08 04:27:10', 1),
(900, 223, '2016-2017', '1619', '2017-12-26 04:27:10', 1),
(901, 114, '2016-2017', '2097', '2017-09-14 04:27:10', 1),
(902, 104, '2016-2017', '3323', '2017-08-03 04:27:10', 1),
(903, 100, '2016-2017', '2219', '2017-08-28 04:27:10', 1),
(904, 236, '2016-2017', '3355', '2017-11-08 04:27:10', 1),
(905, 194, '2016-2017', '3026', '2017-09-24 04:27:10', 1),
(906, 93, '2016-2017', '4610', '2017-01-16 04:27:10', 1),
(907, 127, '2016-2017', '1507', '2017-03-03 04:27:10', 1),
(908, 19, '2016-2017', '1902', '2017-08-04 04:27:10', 1),
(909, 249, '2016-2017', '2648', '2017-02-25 04:27:10', 1),
(910, 142, '2016-2017', '2450', '2017-09-30 04:27:10', 1),
(911, 48, '2016-2017', '1932', '2017-05-01 04:27:10', 1),
(912, 12, '2016-2017', '4050', '2017-06-11 04:27:10', 1),
(913, 253, '2016-2017', '2046', '2017-07-06 04:27:10', 1),
(914, 43, '2016-2017', '2541', '2017-06-15 04:27:10', 1),
(915, 245, '2016-2017', '2605', '2017-04-25 04:27:10', 1),
(916, 119, '2016-2017', '4739', '2017-05-25 04:27:10', 1),
(917, 96, '2016-2017', '2305', '2017-08-27 04:27:10', 1),
(918, 186, '2016-2017', '3171', '2017-09-24 04:27:10', 1),
(919, 160, '2016-2017', '4722', '2017-02-15 04:27:10', 1),
(920, 112, '2016-2017', '2015', '2017-05-07 04:27:10', 1),
(921, 184, '2016-2017', '1794', '2017-04-08 04:27:10', 1),
(922, 206, '2016-2017', '4378', '2017-11-14 04:27:10', 1),
(923, 219, '2016-2017', '3822', '2017-07-27 04:27:10', 1),
(924, 53, '2016-2017', '1623', '2017-09-12 04:27:10', 1),
(925, 295, '2016-2017', '3040', '2017-03-15 04:27:10', 1),
(926, 298, '2016-2017', '3310', '2017-02-10 04:27:10', 1),
(927, 58, '2016-2017', '1435', '2017-01-24 04:27:10', 1),
(928, 286, '2016-2017', '1834', '2017-02-21 04:27:10', 1),
(929, 35, '2016-2017', '3050', '2017-05-19 04:27:10', 1),
(930, 291, '2016-2017', '4967', '2017-08-10 04:27:10', 1),
(931, 66, '2016-2017', '2536', '2017-08-26 04:27:10', 1),
(932, 300, '2016-2017', '2241', '2017-08-04 04:27:10', 1),
(933, 265, '2016-2017', '2290', '2017-10-28 04:27:10', 1),
(934, 23, '2016-2017', '2927', '2017-11-05 04:27:10', 1),
(935, 272, '2017-2018', '3539', '2018-10-24 04:27:10', 1),
(936, 253, '2017-2018', '1887', '2018-02-28 04:27:10', 1),
(937, 260, '2017-2018', '3364', '2018-12-30 04:27:10', 1),
(938, 299, '2017-2018', '3240', '2018-03-12 04:27:10', 1),
(939, 154, '2017-2018', '4517', '2018-12-03 04:27:10', 1),
(940, 108, '2017-2018', '3348', '2018-09-13 04:27:10', 1),
(941, 204, '2017-2018', '4411', '2018-10-09 04:27:10', 1),
(942, 32, '2017-2018', '4001', '2018-11-21 04:27:10', 1),
(943, 46, '2017-2018', '1344', '2018-02-05 04:27:10', 1),
(944, 122, '2017-2018', '3226', '2018-05-29 04:27:10', 1),
(945, 207, '2017-2018', '4697', '2018-11-21 04:27:10', 1),
(946, 186, '2017-2018', '4819', '2018-03-26 04:27:10', 1),
(947, 197, '2017-2018', '2901', '2018-11-10 04:27:10', 1),
(948, 77, '2017-2018', '4925', '2018-03-03 04:27:10', 1),
(949, 196, '2017-2018', '3814', '2018-03-14 04:27:10', 1),
(950, 290, '2017-2018', '1907', '2018-10-30 04:27:10', 1),
(951, 176, '2017-2018', '2602', '2018-06-05 04:27:10', 1),
(952, 149, '2017-2018', '3980', '2018-07-29 04:27:10', 1),
(953, 258, '2017-2018', '1853', '2018-07-01 04:27:10', 1),
(954, 89, '2017-2018', '2667', '2018-02-08 04:27:10', 1),
(955, 129, '2017-2018', '2834', '2018-08-25 04:27:10', 1),
(956, 138, '2017-2018', '3116', '2018-09-22 04:27:10', 1),
(957, 298, '2017-2018', '3390', '2018-02-06 04:27:10', 1),
(958, 290, '2017-2018', '4321', '2018-09-01 04:27:10', 1),
(959, 116, '2017-2018', '2756', '2018-11-29 04:27:10', 1),
(960, 276, '2017-2018', '1855', '2018-12-03 04:27:10', 1),
(961, 225, '2017-2018', '3551', '2018-05-12 04:27:10', 1),
(962, 287, '2017-2018', '2101', '2018-10-11 04:27:10', 1),
(963, 286, '2017-2018', '2961', '2018-09-25 04:27:10', 1),
(964, 232, '2017-2018', '3970', '2018-03-28 04:27:10', 1),
(965, 222, '2017-2018', '2266', '2018-05-14 04:27:10', 1),
(966, 145, '2017-2018', '3172', '2018-06-30 04:27:10', 1),
(967, 166, '2017-2018', '2013', '2018-08-08 04:27:10', 1),
(968, 70, '2017-2018', '4240', '2018-11-19 04:27:10', 1),
(969, 157, '2017-2018', '1710', '2018-10-14 04:27:10', 1),
(970, 4, '2017-2018', '2505', '2018-08-01 04:27:10', 1),
(971, 288, '2017-2018', '3248', '2018-05-17 04:27:10', 1),
(972, 134, '2017-2018', '3026', '2018-05-10 04:27:10', 1),
(973, 118, '2017-2018', '4297', '2018-12-23 04:27:10', 1),
(974, 212, '2017-2018', '1358', '2018-05-19 04:27:10', 1),
(975, 295, '2017-2018', '4182', '2018-05-04 04:27:10', 1),
(976, 179, '2017-2018', '4600', '2018-08-01 04:27:10', 1),
(977, 250, '2017-2018', '1882', '2018-05-16 04:27:10', 1),
(978, 289, '2017-2018', '4307', '2018-09-10 04:27:10', 1),
(979, 227, '2017-2018', '3671', '2018-07-01 04:27:10', 1),
(980, 159, '2017-2018', '2809', '2018-03-17 04:27:10', 1),
(981, 102, '2017-2018', '4489', '2018-09-28 04:27:10', 1),
(982, 47, '2017-2018', '4486', '2018-12-01 04:27:10', 1),
(983, 209, '2017-2018', '4952', '2018-11-12 04:27:10', 1),
(984, 101, '2017-2018', '4495', '2018-08-13 04:27:10', 1),
(985, 138, '2017-2018', '1594', '2018-04-22 04:27:10', 1),
(986, 159, '2017-2018', '3314', '2018-04-12 04:27:10', 1),
(987, 47, '2017-2018', '3361', '2018-01-05 04:27:10', 1),
(988, 32, '2017-2018', '4344', '2018-03-28 04:27:10', 1),
(989, 284, '2017-2018', '4791', '2018-06-06 04:27:10', 1),
(990, 210, '2017-2018', '2998', '2018-10-22 04:27:10', 1),
(991, 53, '2017-2018', '4293', '2018-02-09 04:27:10', 1),
(992, 145, '2017-2018', '4430', '2018-11-09 04:27:10', 1),
(993, 32, '2017-2018', '2881', '2018-03-30 04:27:10', 1),
(994, 168, '2017-2018', '2316', '2018-01-10 04:27:10', 1),
(995, 231, '2017-2018', '3979', '2018-11-04 04:27:10', 1),
(996, 150, '2017-2018', '2892', '2018-02-03 04:27:10', 1),
(997, 92, '2017-2018', '2549', '2018-12-13 04:27:10', 1),
(998, 124, '2017-2018', '2637', '2018-11-15 04:27:10', 1),
(999, 129, '2017-2018', '3798', '2018-05-17 04:27:10', 1),
(1000, 146, '2017-2018', '2446', '2018-07-26 04:27:10', 1),
(1001, 272, '2017-2018', '4838', '2018-01-25 04:27:10', 1),
(1002, 291, '2017-2018', '1441', '2018-02-20 04:27:10', 1),
(1003, 165, '2017-2018', '1053', '2018-01-21 04:27:10', 1),
(1004, 210, '2017-2018', '3157', '2018-10-03 04:27:10', 1),
(1005, 103, '2017-2018', '1274', '2018-06-05 04:27:10', 1),
(1006, 250, '2017-2018', '3891', '2018-10-06 04:27:10', 1),
(1007, 21, '2017-2018', '1635', '2018-01-10 04:27:10', 1),
(1008, 82, '2017-2018', '1672', '2018-07-29 04:27:10', 1),
(1009, 93, '2017-2018', '1368', '2018-08-26 04:27:10', 1),
(1010, 199, '2017-2018', '2108', '2018-05-04 04:27:10', 1),
(1011, 94, '2017-2018', '4192', '2018-04-10 04:27:10', 1),
(1012, 125, '2017-2018', '4882', '2018-05-10 04:27:10', 1),
(1013, 58, '2017-2018', '1200', '2018-03-03 04:27:10', 1),
(1014, 12, '2017-2018', '1765', '2018-10-08 04:27:10', 1),
(1015, 249, '2017-2018', '1415', '2018-06-04 04:27:10', 1),
(1016, 262, '2017-2018', '3386', '2018-01-05 04:27:10', 1),
(1017, 291, '2017-2018', '1026', '2018-08-29 04:27:10', 1),
(1018, 130, '2017-2018', '3938', '2018-11-13 04:27:10', 1),
(1019, 250, '2017-2018', '3816', '2018-12-04 04:27:10', 1),
(1020, 25, '2017-2018', '1912', '2018-12-02 04:27:10', 1),
(1021, 241, '2017-2018', '3559', '2018-06-18 04:27:10', 1),
(1022, 136, '2017-2018', '2251', '2018-02-14 04:27:10', 1),
(1023, 82, '2017-2018', '1296', '2018-11-29 04:27:10', 1),
(1024, 181, '2017-2018', '1832', '2018-11-20 04:27:10', 1),
(1025, 180, '2017-2018', '3536', '2018-04-03 04:27:10', 1),
(1026, 179, '2017-2018', '2650', '2018-09-05 04:27:10', 1),
(1027, 173, '2017-2018', '1535', '2018-09-13 04:27:10', 1),
(1028, 284, '2017-2018', '4831', '2018-11-22 04:27:10', 1),
(1029, 17, '2017-2018', '1249', '2018-04-03 04:27:10', 1),
(1030, 226, '2017-2018', '1955', '2018-03-09 04:27:10', 1),
(1031, 298, '2017-2018', '2764', '2018-02-25 04:27:10', 1),
(1032, 74, '2017-2018', '2908', '2018-08-03 04:27:10', 1),
(1033, 261, '2017-2018', '1272', '2018-07-28 04:27:10', 1),
(1034, 285, '2017-2018', '4845', '2018-10-10 04:27:10', 1),
(1035, 93, '2017-2018', '1397', '2018-01-13 04:27:10', 1),
(1036, 148, '2017-2018', '2402', '2018-04-08 04:27:10', 1),
(1037, 85, '2017-2018', '4890', '2018-10-09 04:27:10', 1),
(1038, 149, '2017-2018', '1127', '2018-04-05 04:27:10', 1),
(1039, 56, '2017-2018', '1521', '2018-09-20 04:27:10', 1),
(1040, 286, '2017-2018', '3476', '2018-07-13 04:27:10', 1),
(1041, 118, '2017-2018', '4997', '2018-01-25 04:27:10', 1),
(1042, 165, '2017-2018', '1780', '2018-03-17 04:27:10', 1),
(1043, 68, '2017-2018', '2370', '2018-06-18 04:27:10', 1),
(1044, 133, '2017-2018', '1263', '2018-04-06 04:27:10', 1),
(1045, 127, '2017-2018', '3987', '2018-10-08 04:27:10', 1),
(1046, 216, '2017-2018', '2391', '2018-02-17 04:27:10', 1),
(1047, 199, '2017-2018', '1098', '2018-04-02 04:27:10', 1),
(1048, 208, '2017-2018', '2890', '2018-08-19 04:27:10', 1),
(1049, 60, '2017-2018', '3380', '2018-12-18 04:27:10', 1),
(1050, 6, '2017-2018', '3263', '2018-02-25 04:27:10', 1),
(1051, 69, '2017-2018', '2419', '2018-06-21 04:27:10', 1),
(1052, 96, '2017-2018', '4665', '2018-03-09 04:27:10', 1),
(1053, 33, '2017-2018', '2774', '2018-09-06 04:27:10', 1),
(1054, 32, '2017-2018', '4317', '2018-08-21 04:27:10', 1),
(1055, 145, '2017-2018', '1186', '2018-09-29 04:27:10', 1),
(1056, 95, '2017-2018', '1934', '2018-10-21 04:27:10', 1),
(1057, 126, '2017-2018', '4080', '2018-06-22 04:27:10', 1),
(1058, 107, '2017-2018', '4571', '2018-06-01 04:27:10', 1),
(1059, 5, '2017-2018', '1788', '2018-06-24 04:27:10', 1),
(1060, 116, '2017-2018', '4191', '2018-11-29 04:27:10', 1),
(1061, 59, '2017-2018', '1232', '2018-02-19 04:27:10', 1),
(1062, 183, '2017-2018', '2652', '2018-03-26 04:27:10', 1),
(1063, 32, '2017-2018', '3444', '2018-08-19 04:27:10', 1),
(1064, 279, '2017-2018', '2762', '2018-01-21 04:27:10', 1),
(1065, 65, '2017-2018', '4774', '2018-05-18 04:27:10', 1),
(1066, 158, '2017-2018', '3068', '2018-09-11 04:27:10', 1),
(1067, 11, '2017-2018', '2270', '2018-03-26 04:27:10', 1),
(1068, 132, '2017-2018', '3573', '2018-01-26 04:27:10', 1),
(1069, 112, '2017-2018', '2003', '2018-08-16 04:27:10', 1),
(1070, 297, '2017-2018', '2006', '2018-07-11 04:27:10', 1),
(1071, 181, '2017-2018', '4380', '2018-11-09 04:27:10', 1),
(1072, 78, '2017-2018', '1336', '2018-03-13 04:27:10', 1),
(1073, 264, '2017-2018', '4144', '2018-01-18 04:27:10', 1),
(1074, 3, '2017-2018', '4435', '2018-09-28 04:27:10', 1),
(1075, 10, '2017-2018', '3568', '2018-03-07 04:27:10', 1),
(1076, 245, '2017-2018', '1290', '2018-02-09 04:27:10', 1),
(1077, 110, '2017-2018', '1191', '2018-09-04 04:27:10', 1),
(1078, 35, '2017-2018', '2304', '2018-12-04 04:27:10', 1),
(1079, 124, '2017-2018', '1809', '2018-09-30 04:27:10', 1),
(1080, 76, '2017-2018', '3634', '2018-01-21 04:27:10', 1),
(1081, 46, '2017-2018', '1513', '2018-09-10 04:27:10', 1),
(1082, 72, '2017-2018', '2543', '2018-08-11 04:27:10', 1),
(1083, 157, '2017-2018', '3631', '2018-06-09 04:27:10', 1),
(1084, 59, '2017-2018', '1380', '2018-11-22 04:27:10', 1),
(1085, 211, '2017-2018', '4602', '2018-12-10 04:27:10', 1),
(1086, 299, '2017-2018', '2315', '2018-04-16 04:27:10', 1),
(1087, 179, '2017-2018', '3106', '2018-08-28 04:27:10', 1),
(1088, 24, '2017-2018', '4709', '2018-01-21 04:27:10', 1),
(1089, 288, '2017-2018', '3678', '2018-02-10 04:27:10', 1),
(1090, 154, '2017-2018', '2891', '2018-02-28 04:27:10', 1),
(1091, 264, '2017-2018', '1077', '2018-10-20 04:27:10', 1),
(1092, 245, '2017-2018', '4503', '2018-02-11 04:27:10', 1),
(1093, 99, '2017-2018', '1629', '2018-09-02 04:27:10', 1),
(1094, 145, '2017-2018', '2351', '2018-01-14 04:27:10', 1),
(1095, 52, '2017-2018', '1151', '2018-08-27 04:27:10', 1),
(1096, 173, '2017-2018', '2447', '2018-08-30 04:27:10', 1),
(1097, 159, '2017-2018', '2291', '2018-11-14 04:27:10', 1),
(1098, 80, '2017-2018', '1176', '2018-05-27 04:27:10', 1),
(1099, 250, '2017-2018', '1708', '2018-07-24 04:27:10', 1),
(1100, 134, '2017-2018', '3454', '2018-08-01 04:27:10', 1),
(1101, 35, '2017-2018', '1694', '2018-09-19 04:27:10', 1),
(1102, 291, '2017-2018', '2599', '2018-11-23 04:27:10', 1),
(1103, 188, '2017-2018', '4632', '2018-12-05 04:27:10', 1),
(1104, 3, '2017-2018', '4415', '2018-02-14 04:27:10', 1),
(1105, 33, '2017-2018', '3450', '2018-04-10 04:27:10', 1),
(1106, 11, '2017-2018', '4063', '2018-01-26 04:27:10', 1),
(1107, 69, '2017-2018', '3253', '2018-09-08 04:27:10', 1),
(1108, 140, '2017-2018', '4852', '2018-08-18 04:27:10', 1),
(1109, 55, '2017-2018', '2699', '2018-10-20 04:27:10', 1),
(1110, 5, '2017-2018', '2570', '2018-10-27 04:27:10', 1),
(1111, 125, '2017-2018', '1033', '2018-10-03 04:27:10', 1),
(1112, 227, '2017-2018', '3435', '2018-09-25 04:27:10', 1),
(1113, 204, '2017-2018', '3515', '2018-01-03 04:27:10', 1),
(1114, 164, '2017-2018', '4598', '2018-12-28 04:27:10', 1),
(1115, 229, '2017-2018', '4274', '2018-08-09 04:27:10', 1),
(1116, 199, '2017-2018', '2145', '2018-08-12 04:27:10', 1),
(1117, 257, '2017-2018', '2000', '2018-09-03 04:27:10', 1),
(1118, 251, '2017-2018', '4890', '2018-09-24 04:27:10', 1),
(1119, 187, '2017-2018', '2061', '2018-03-05 04:27:10', 1),
(1120, 144, '2017-2018', '3760', '2018-09-05 04:27:10', 1),
(1121, 88, '2017-2018', '2883', '2018-10-11 04:27:10', 1),
(1122, 156, '2017-2018', '2283', '2018-07-28 04:27:10', 1),
(1123, 285, '2017-2018', '4718', '2018-07-11 04:27:10', 1),
(1124, 85, '2017-2018', '4940', '2018-08-29 04:27:10', 1),
(1125, 67, '2017-2018', '2713', '2018-04-22 04:27:10', 1),
(1126, 4, '2017-2018', '3023', '2018-07-04 04:27:10', 1),
(1127, 59, '2017-2018', '3117', '2018-11-08 04:27:10', 1),
(1128, 201, '2017-2018', '2986', '2018-12-01 04:27:10', 1),
(1129, 58, '2017-2018', '1688', '2018-01-20 04:27:10', 1),
(1130, 118, '2017-2018', '3445', '2018-02-15 04:27:10', 1),
(1131, 69, '2017-2018', '4118', '2018-07-24 04:27:10', 1),
(1132, 263, '2017-2018', '2540', '2018-01-29 04:27:10', 1),
(1133, 6, '2017-2018', '3817', '2018-07-22 04:27:10', 1),
(1134, 116, '2017-2018', '1549', '2018-07-08 04:27:10', 1),
(1135, 8, '2017-2018', '1426', '2018-07-15 04:27:10', 1),
(1136, 257, '2017-2018', '4645', '2018-10-17 04:27:10', 1),
(1137, 221, '2017-2018', '2524', '2018-02-25 04:27:10', 1),
(1138, 163, '2017-2018', '3443', '2018-08-11 04:27:10', 1),
(1139, 293, '2017-2018', '4041', '2018-06-04 04:27:10', 1),
(1140, 245, '2017-2018', '1711', '2018-10-02 04:27:10', 1),
(1141, 185, '2017-2018', '3879', '2018-05-21 04:27:10', 1),
(1142, 84, '2017-2018', '4730', '2018-05-09 04:27:10', 1),
(1143, 6, '2017-2018', '4133', '2018-08-06 04:27:10', 1),
(1144, 81, '2017-2018', '3623', '2018-06-08 04:27:10', 1),
(1145, 105, '2017-2018', '2654', '2018-07-01 04:27:10', 1),
(1146, 29, '2017-2018', '1566', '2018-07-20 04:27:10', 1),
(1147, 132, '2017-2018', '4199', '2018-11-08 04:27:10', 1),
(1148, 237, '2017-2018', '1769', '2018-10-11 04:27:10', 1),
(1149, 231, '2017-2018', '1135', '2018-03-12 04:27:10', 1),
(1150, 199, '2017-2018', '3260', '2018-11-07 04:27:10', 1),
(1151, 189, '2017-2018', '2706', '2018-06-04 04:27:10', 1),
(1152, 153, '2017-2018', '4577', '2018-04-22 04:27:10', 1),
(1153, 180, '2017-2018', '4784', '2018-02-11 04:27:10', 1),
(1154, 15, '2017-2018', '4348', '2018-11-26 04:27:10', 1),
(1155, 280, '2017-2018', '1476', '2018-10-24 04:27:10', 1),
(1156, 265, '2017-2018', '4828', '2018-01-23 04:27:10', 1),
(1157, 291, '2017-2018', '1556', '2018-03-26 04:27:10', 1),
(1158, 78, '2017-2018', '4793', '2018-06-06 04:27:10', 1),
(1159, 176, '2017-2018', '1795', '2018-06-11 04:27:10', 1),
(1160, 153, '2017-2018', '1522', '2018-10-30 04:27:10', 1),
(1161, 90, '2017-2018', '3971', '2018-03-09 04:27:10', 1),
(1162, 164, '2017-2018', '4776', '2018-05-02 04:27:10', 1),
(1163, 26, '2017-2018', '1201', '2018-08-03 04:27:10', 1),
(1164, 295, '2017-2018', '4279', '2018-01-06 04:27:10', 1),
(1165, 47, '2017-2018', '1754', '2018-02-09 04:27:10', 1),
(1166, 283, '2017-2018', '2127', '2018-05-15 04:27:10', 1),
(1167, 175, '2017-2018', '3474', '2018-09-23 04:27:10', 1),
(1168, 269, '2017-2018', '2706', '2018-01-29 04:27:10', 1),
(1169, 280, '2017-2018', '1230', '2018-07-19 04:27:10', 1),
(1170, 65, '2017-2018', '2501', '2018-10-27 04:27:10', 1),
(1171, 241, '2017-2018', '2030', '2018-06-08 04:27:10', 1),
(1172, 229, '2017-2018', '4441', '2018-07-22 04:27:10', 1),
(1173, 140, '2017-2018', '3307', '2018-09-09 04:27:10', 1),
(1174, 218, '2017-2018', '2145', '2018-06-18 04:27:10', 1),
(1175, 138, '2017-2018', '2166', '2018-04-01 04:27:10', 1),
(1176, 282, '2017-2018', '1591', '2018-05-19 04:27:10', 1),
(1177, 167, '2017-2018', '4056', '2018-08-04 04:27:10', 1),
(1178, 184, '2017-2018', '2953', '2018-04-10 04:27:10', 1),
(1179, 228, '2017-2018', '4211', '2018-04-07 04:27:10', 1),
(1180, 108, '2017-2018', '3044', '2018-07-28 04:27:10', 1),
(1181, 98, '2017-2018', '3238', '2018-09-03 04:27:10', 1),
(1182, 205, '2017-2018', '4532', '2018-11-12 04:27:10', 1),
(1183, 12, '2017-2018', '3550', '2018-04-13 04:27:10', 1),
(1184, 202, '2017-2018', '3591', '2018-10-17 04:27:10', 1),
(1185, 284, '2017-2018', '1949', '2018-10-12 04:27:10', 1),
(1186, 214, '2017-2018', '4917', '2018-10-07 04:27:10', 1),
(1187, 106, '2017-2018', '4883', '2018-02-13 04:27:10', 1),
(1188, 99, '2017-2018', '2222', '2018-02-18 04:27:10', 1),
(1189, 129, '2017-2018', '3206', '2018-06-24 04:27:10', 1),
(1190, 121, '2017-2018', '2316', '2018-08-07 04:27:10', 1),
(1191, 222, '2017-2018', '4176', '2018-10-02 04:27:10', 1),
(1192, 98, '2017-2018', '3404', '2018-12-27 04:27:10', 1),
(1193, 37, '2017-2018', '3048', '2018-10-24 04:27:10', 1),
(1194, 96, '2017-2018', '4044', '2018-04-10 04:27:10', 1),
(1195, 148, '2017-2018', '2865', '2018-05-27 04:27:10', 1),
(1196, 27, '2017-2018', '1204', '2018-12-14 04:27:10', 1),
(1197, 261, '2017-2018', '4344', '2018-02-12 04:27:10', 1),
(1198, 240, '2017-2018', '1631', '2018-03-30 04:27:10', 1),
(1199, 266, '2017-2018', '1305', '2018-03-05 04:27:10', 1),
(1200, 72, '2017-2018', '2887', '2018-08-02 04:27:10', 1),
(1201, 178, '2017-2018', '3845', '2018-10-09 04:27:10', 1),
(1202, 183, '2017-2018', '3047', '2018-07-30 04:27:10', 1),
(1203, 106, '2017-2018', '3191', '2018-05-01 04:27:10', 1),
(1204, 221, '2017-2018', '4745', '2018-11-27 04:27:10', 1),
(1205, 274, '2017-2018', '4322', '2018-11-21 04:27:10', 1),
(1206, 285, '2017-2018', '2920', '2018-06-15 04:27:10', 1),
(1207, 116, '2017-2018', '4831', '2018-12-16 04:27:10', 1),
(1208, 281, '2017-2018', '1532', '2018-11-05 04:27:10', 1),
(1209, 291, '2017-2018', '4831', '2018-06-11 04:27:10', 1),
(1210, 287, '2017-2018', '4469', '2018-01-29 04:27:10', 1),
(1211, 297, '2017-2018', '4132', '2018-07-15 04:27:10', 1),
(1212, 106, '2017-2018', '3094', '2018-04-15 04:27:10', 1),
(1213, 14, '2017-2018', '1743', '2018-06-24 04:27:10', 1),
(1214, 254, '2017-2018', '4995', '2018-11-20 04:27:10', 1),
(1215, 52, '2017-2018', '4787', '2018-06-29 04:27:10', 1),
(1216, 288, '2017-2018', '3985', '2018-05-27 04:27:10', 1),
(1217, 288, '2017-2018', '4432', '2018-05-14 04:27:10', 1),
(1218, 264, '2017-2018', '3255', '2018-04-08 04:27:10', 1),
(1219, 64, '2017-2018', '1876', '2018-07-18 04:27:10', 1),
(1220, 283, '2017-2018', '4445', '2018-08-07 04:27:10', 1),
(1221, 43, '2017-2018', '4416', '2018-05-30 04:27:10', 1),
(1222, 251, '2017-2018', '4721', '2018-08-07 04:27:10', 1),
(1223, 295, '2017-2018', '3496', '2018-04-07 04:27:10', 1),
(1224, 233, '2017-2018', '2863', '2018-01-30 04:27:10', 1),
(1225, 141, '2017-2018', '3161', '2018-10-14 04:27:10', 1),
(1226, 162, '2017-2018', '4997', '2018-09-22 04:27:10', 1),
(1227, 35, '2017-2018', '4409', '2018-08-04 04:27:10', 1),
(1228, 27, '2017-2018', '4220', '2018-05-07 04:27:10', 1),
(1229, 289, '2017-2018', '4592', '2018-03-11 04:27:10', 1),
(1230, 258, '2017-2018', '2375', '2018-12-20 04:27:10', 1),
(1231, 244, '2017-2018', '1388', '2018-03-26 04:27:10', 1),
(1232, 265, '2017-2018', '1710', '2018-08-19 04:27:10', 1),
(1233, 156, '2017-2018', '4062', '2018-08-25 04:27:10', 1),
(1234, 180, '2017-2018', '3510', '2018-10-26 04:27:10', 1),
(1235, 74, '2017-2018', '2807', '2018-07-13 04:27:10', 1),
(1236, 59, '2017-2018', '4977', '2018-03-13 04:27:10', 1),
(1237, 146, '2017-2018', '4760', '2018-02-27 04:27:10', 1),
(1238, 285, '2017-2018', '4067', '2018-03-23 04:27:10', 1),
(1239, 24, '2017-2018', '4882', '2018-01-08 04:27:10', 1),
(1240, 9, '2017-2018', '3184', '2018-07-14 04:27:10', 1),
(1241, 172, '2017-2018', '4062', '2018-10-21 04:27:10', 1),
(1242, 261, '2017-2018', '2700', '2018-03-15 04:27:10', 1),
(1243, 215, '2017-2018', '2055', '2018-10-10 04:27:10', 1),
(1244, 27, '2017-2018', '4162', '2018-05-17 04:27:10', 1),
(1245, 92, '2017-2018', '3721', '2018-04-11 04:27:10', 1);

-- --------------------------------------------------------

--
-- Table structure for table `users`
--

CREATE TABLE `users` (
  `id` bigint(20) UNSIGNED NOT NULL,
  `name` varchar(255) COLLATE utf8mb4_unicode_ci NOT NULL,
  `email` varchar(255) COLLATE utf8mb4_unicode_ci NOT NULL,
  `email_verified_at` timestamp NULL DEFAULT NULL,
  `password` varchar(255) COLLATE utf8mb4_unicode_ci NOT NULL,
  `usertype` varchar(25) COLLATE utf8mb4_unicode_ci NOT NULL DEFAULT 'employee',
  `remember_token` varchar(100) COLLATE utf8mb4_unicode_ci DEFAULT NULL,
  `created_at` timestamp NULL DEFAULT NULL,
  `updated_at` timestamp NULL DEFAULT NULL
) ENGINE=InnoDB DEFAULT CHARSET=utf8mb4 COLLATE=utf8mb4_unicode_ci;

--
-- Dumping data for table `users`
--

INSERT INTO `users` (`id`, `name`, `email`, `email_verified_at`, `password`, `usertype`, `remember_token`, `created_at`, `updated_at`) VALUES
(1, 'SuperAdmin', 'superadmin1@yopmail.com', NULL, '$2y$10$9T/uEgusoUblFFBfo1G0o.VaN9Z7ODohczAT70pa4wVplVzDRSbfC', 'employee', NULL, '2019-12-02 14:04:21', '2019-12-02 14:04:21');

-- --------------------------------------------------------

--
-- Table structure for table `wards`
--

CREATE TABLE `wards` (
  `ward_id` int(11) NOT NULL,
  `ward_name` varchar(255) NOT NULL,
  `ward_slug` varchar(10) NOT NULL,
  `zone_id` int(11) NOT NULL,
  `created_at` datetime NOT NULL,
  `status` int(1) NOT NULL DEFAULT 1
) ENGINE=InnoDB DEFAULT CHARSET=utf8mb4;

--
-- Dumping data for table `wards`
--

INSERT INTO `wards` (`ward_id`, `ward_name`, `ward_slug`, `zone_id`, `created_at`, `status`) VALUES
(1, '06', '6', 1, '2019-11-21 00:00:00', 1),
(2, '01', '1', 1, '2019-11-21 00:00:00', 1),
(3, '01', '1', 2, '2019-11-21 00:00:00', 1),
(4, '02', '2', 1, '2019-11-21 00:00:00', 1),
(5, '02', '2', 2, '2019-11-21 00:00:00', 1),
(6, '03', '3', 1, '2019-11-21 00:00:00', 1),
(7, '03', '3', 2, '2019-11-21 00:00:00', 1),
(8, '04', '4', 1, '2019-11-21 00:00:00', 1),
(9, '04', '4', 2, '2019-11-21 00:00:00', 1),
(10, '05', '5', 1, '2019-11-21 00:00:00', 1),
(11, '05', '5', 2, '2019-11-21 00:00:00', 1),
(12, '06', '6', 3, '2019-11-21 00:00:00', 1),
(13, '01', '1', 3, '2019-11-21 00:00:00', 1),
(14, '01', '1', 4, '2019-11-21 00:00:00', 1),
(15, '02', '2', 3, '2019-11-21 00:00:00', 1),
(16, '02', '2', 4, '2019-11-21 00:00:00', 1),
(17, '03', '3', 3, '2019-11-21 00:00:00', 1),
(18, '03', '3', 4, '2019-11-21 00:00:00', 1),
(19, '04', '4', 3, '2019-11-21 00:00:00', 1),
(20, '04', '4', 4, '2019-11-21 00:00:00', 1),
(21, '05', '5', 3, '2019-11-21 00:00:00', 1),
(22, '05', '5', 4, '2019-11-21 00:00:00', 1);

-- --------------------------------------------------------

--
-- Table structure for table `ward_areas`
--

CREATE TABLE `ward_areas` (
  `area_id` int(11) NOT NULL,
  `area_name` varchar(200) NOT NULL,
  `ward_id` int(11) NOT NULL,
  `status` tinyint(1) NOT NULL DEFAULT 1
) ENGINE=InnoDB DEFAULT CHARSET=utf8mb4;

--
-- Dumping data for table `ward_areas`
--

INSERT INTO `ward_areas` (`area_id`, `area_name`, `ward_id`, `status`) VALUES
(1, 'মহল্লা নাম ১', 2, 1),
(2, 'মহল্লা নাম ১', 19, 1),
(3, 'মহল্লা নাম ২', 7, 1),
(4, 'মহল্লা নাম ৩', 13, 1),
(5, 'মহল্লা নাম ৪', 2, 1),
(6, 'মহল্লা নাম ৫', 1, 1),
(7, 'মহল্লা নাম ৬', 17, 1),
(8, 'মহল্লা নাম ৭', 7, 1),
(9, 'মহল্লা নাম ৮', 5, 1),
(10, 'মহল্লা নাম ৯', 7, 1),
(11, 'মহল্লা নাম ১০', 7, 1),
(12, 'মহল্লা নাম ১১', 4, 1),
(13, 'মহল্লা নাম ১২', 1, 1),
(14, 'মহল্লা নাম ১৩', 6, 1),
(15, 'মহল্লা নাম ১৪', 1, 1),
(16, 'মহল্লা নাম ১৫', 6, 1),
(17, 'মহল্লা নাম ১৬', 20, 1),
(18, 'মহল্লা নাম ১৭', 2, 1),
(19, 'মহল্লা নাম ১৮', 6, 1),
(20, 'মহল্লা নাম ১৯', 4, 1),
(21, 'মহল্লা নাম ২০', 19, 1),
(22, 'মহল্লা নাম ২১', 18, 1),
(23, 'মহল্লা নাম ২২', 15, 1),
(24, 'মহল্লা নাম ২৩', 19, 1),
(25, 'মহল্লা নাম ২৪', 17, 1),
(26, 'মহল্লা নাম ২৫', 19, 1),
(27, 'মহল্লা নাম ২৬', 7, 1),
(28, 'মহল্লা নাম ২৭', 12, 1),
(29, 'মহল্লা নাম ২৮', 15, 1),
(30, 'মহল্লা নাম ২৯', 1, 1),
(31, 'মহল্লা নাম ৩০', 10, 1),
(32, 'মহল্লা নাম ৩১', 12, 1),
(33, 'মহল্লা নাম ৩২', 5, 1),
(34, 'মহল্লা নাম ৩৩', 1, 1),
(35, 'মহল্লা নাম ৩৪', 17, 1),
(36, 'মহল্লা নাম ৩৫', 6, 1),
(37, 'মহল্লা নাম ৩৬', 20, 1),
(38, 'মহল্লা নাম ৩৭', 7, 1),
(39, 'মহল্লা নাম ৩৮', 7, 1),
(40, 'মহল্লা নাম ৩৯', 10, 1),
(41, 'মহল্লা নাম ৪০', 4, 1),
(42, 'মহল্লা নাম ৪১', 10, 1),
(43, 'মহল্লা নাম ৪২', 15, 1),
(44, 'মহল্লা নাম ৪৩', 5, 1),
(45, 'মহল্লা নাম ৪৪', 7, 1),
(46, 'মহল্লা নাম ৪৫', 8, 1),
(47, 'মহল্লা নাম ৪৬', 7, 1),
(48, 'মহল্লা নাম ৪৭', 13, 1),
(49, 'মহল্লা নাম ৪৮', 8, 1),
(50, 'মহল্লা নাম ৪৯', 13, 1),
(51, 'মহল্লা নাম ৫০', 7, 1),
(52, 'মহল্লা নাম ৫১', 19, 1),
(53, 'মহল্লা নাম ৫২', 15, 1),
(54, 'মহল্লা নাম ৫৩', 2, 1),
(55, 'মহল্লা নাম ৫৪', 1, 1),
(56, 'মহল্লা নাম ৫৫', 7, 1),
(57, 'মহল্লা নাম ৫৬', 15, 1),
(58, 'মহল্লা নাম ৫৭', 3, 1),
(59, 'মহল্লা নাম ৫৮', 16, 1),
(60, 'মহল্লা নাম ৫৯', 9, 1),
(61, 'মহল্লা নাম ৬০', 2, 1),
(62, 'মহল্লা নাম ৬১', 6, 1),
(63, 'মহল্লা নাম ৬২', 11, 1),
(64, 'মহল্লা নাম ৬৩', 5, 1),
(65, 'মহল্লা নাম ৬৪', 16, 1),
(66, 'মহল্লা নাম ৬৫', 8, 1),
(67, 'মহল্লা নাম ৬৬', 7, 1),
(68, 'মহল্লা নাম ৬৭', 16, 1),
(69, 'মহল্লা নাম ৬৮', 8, 1),
(70, 'মহল্লা নাম ৬৯', 1, 1),
(71, 'মহল্লা নাম ৭০', 10, 1),
(72, 'মহল্লা নাম ৭১', 3, 1),
(73, 'মহল্লা নাম ৭২', 20, 1),
(74, 'মহল্লা নাম ৭৩', 12, 1),
(75, 'মহল্লা নাম ৭৪', 17, 1),
(76, 'মহল্লা নাম ৭৫', 12, 1),
(77, 'মহল্লা নাম ৭৬', 3, 1),
(78, 'মহল্লা নাম ৭৭', 5, 1),
(79, 'মহল্লা নাম ৭৮', 12, 1),
(80, 'মহল্লা নাম ৭৯', 8, 1),
(81, 'মহল্লা নাম ৮০', 15, 1),
(82, 'মহল্লা নাম ৮১', 18, 1),
(83, 'মহল্লা নাম ৮২', 12, 1),
(84, 'মহল্লা নাম ৮৩', 20, 1),
(85, 'মহল্লা নাম ৮৪', 1, 1),
(86, 'মহল্লা নাম ৮৫', 7, 1),
(87, 'মহল্লা নাম ৮৬', 12, 1),
(88, 'মহল্লা নাম ৮৭', 14, 1),
(89, 'মহল্লা নাম ৮৮', 1, 1),
(90, 'মহল্লা নাম ৮৯', 18, 1),
(91, 'মহল্লা নাম ৯০', 15, 1),
(92, 'মহল্লা নাম ৯১', 13, 1),
(93, 'মহল্লা নাম ৯২', 12, 1),
(94, 'মহল্লা নাম ৯৩', 20, 1),
(95, 'মহল্লা নাম ৯৪', 2, 1),
(96, 'মহল্লা নাম ৯৫', 9, 1),
(97, 'মহল্লা নাম ৯৬', 7, 1),
(98, 'মহল্লা নাম ৯৭', 19, 1),
(99, 'মহল্লা নাম ৯৮', 3, 1),
(100, 'মহল্লা নাম ৯৯', 8, 1),
(101, 'মহল্লা নাম ১০০', 1, 1),
(102, 'মহল্লা নাম ১০১', 15, 1),
(103, 'মহল্লা নাম ১০২', 1, 1),
(104, 'মহল্লা নাম ১০৩', 18, 1),
(105, 'মহল্লা নাম ১০৪', 17, 1),
(106, 'মহল্লা নাম ১০৫', 9, 1),
(107, 'মহল্লা নাম ১০৬', 12, 1),
(108, 'মহল্লা নাম ১০৭', 18, 1),
(109, 'মহল্লা নাম ১০৮', 7, 1),
(110, 'মহল্লা নাম ১০৯', 6, 1),
(111, 'মহল্লা নাম ১১০', 11, 1),
(112, 'মহল্লা নাম ১১১', 6, 1);

-- --------------------------------------------------------

--
-- Table structure for table `zones`
--

CREATE TABLE `zones` (
  `id` bigint(20) UNSIGNED NOT NULL,
  `name` varchar(255) COLLATE utf8mb4_unicode_ci NOT NULL,
  `google_map_data` text COLLATE utf8mb4_unicode_ci NOT NULL,
  `created_by` bigint(20) UNSIGNED NOT NULL,
  `last_updated_by` bigint(20) UNSIGNED NOT NULL,
  `status` tinyint(1) NOT NULL DEFAULT 1,
  `created_at` timestamp NULL DEFAULT NULL,
  `updated_at` timestamp NULL DEFAULT NULL
) ENGINE=InnoDB DEFAULT CHARSET=utf8mb4 COLLATE=utf8mb4_unicode_ci;

--
-- Dumping data for table `zones`
--

INSERT INTO `zones` (`id`, `name`, `google_map_data`, `created_by`, `last_updated_by`, `status`, `created_at`, `updated_at`) VALUES
(1, '1', '', 1, 0, 1, NULL, NULL),
(2, '2', '', 1, 0, 1, NULL, NULL),
(3, '3', '', 1, 0, 1, NULL, NULL),
(4, '4', '', 1, 0, 1, NULL, NULL),
(5, '5', '', 1, 0, 1, NULL, NULL),
(6, '6', '', 1, 0, 1, NULL, NULL),
(7, '7', '', 1, 0, 1, NULL, NULL),
(8, '8', '', 1, 0, 1, NULL, NULL);

-- --------------------------------------------------------

--
-- Table structure for table `zone_tax_rate_settings`
--

CREATE TABLE `zone_tax_rate_settings` (
  `id` int(11) NOT NULL,
  `zone_id` int(11) NOT NULL,
  `year` int(11) NOT NULL,
  `asset_category_id` int(11) NOT NULL,
  `asset_cat_class_id` int(11) NOT NULL,
  `asset_cat_using_id` int(11) NOT NULL,
  `per_square_feet_rate` decimal(8,2) NOT NULL,
  `updated_at` datetime NOT NULL
) ENGINE=InnoDB DEFAULT CHARSET=utf8mb4;

--
-- Dumping data for table `zone_tax_rate_settings`
--

INSERT INTO `zone_tax_rate_settings` (`id`, `zone_id`, `year`, `asset_category_id`, `asset_cat_class_id`, `asset_cat_using_id`, `per_square_feet_rate`, `updated_at`) VALUES
(1, 3, 2013, 1, 1, 1, '4.20', '0000-00-00 00:00:00'),
(2, 3, 2013, 1, 2, 1, '3.00', '0000-00-00 00:00:00'),
(3, 3, 2013, 1, 3, 1, '2.40', '0000-00-00 00:00:00'),
(4, 3, 2013, 1, 4, 1, '2.40', '0000-00-00 00:00:00'),
(5, 3, 2013, 1, 1, 2, '7.00', '0000-00-00 00:00:00'),
(6, 3, 2013, 1, 2, 2, '5.00', '0000-00-00 00:00:00'),
(7, 3, 2013, 1, 3, 2, '4.00', '0000-00-00 00:00:00'),
(8, 3, 2013, 1, 4, 2, '4.00', '0000-00-00 00:00:00'),
(9, 3, 2013, 2, 1, 1, '4.14', '0000-00-00 00:00:00'),
(10, 3, 2013, 2, 2, 1, '5.10', '0000-00-00 00:00:00'),
(11, 3, 2013, 2, 3, 1, '4.08', '0000-00-00 00:00:00'),
(12, 3, 2013, 2, 4, 1, '4.08', '0000-00-00 00:00:00'),
(13, 3, 2013, 2, 1, 2, '11.90', '0000-00-00 00:00:00'),
(14, 3, 2013, 2, 2, 2, '8.50', '0000-00-00 00:00:00'),
(15, 3, 2013, 2, 3, 2, '6.80', '0000-00-00 00:00:00'),
(16, 3, 2013, 2, 4, 2, '6.80', '0000-00-00 00:00:00'),
(17, 3, 2013, 3, 1, 1, '1.68', '0000-00-00 00:00:00'),
(18, 3, 2013, 3, 2, 1, '1.26', '0000-00-00 00:00:00'),
(19, 3, 2013, 3, 3, 1, '0.84', '0000-00-00 00:00:00'),
(20, 3, 2013, 3, 4, 1, '0.84', '0000-00-00 00:00:00'),
(21, 3, 2013, 3, 1, 2, '2.80', '0000-00-00 00:00:00'),
(22, 3, 2013, 3, 2, 2, '2.10', '0000-00-00 00:00:00'),
(23, 3, 2013, 3, 3, 2, '1.40', '0000-00-00 00:00:00'),
(24, 3, 2013, 3, 4, 2, '1.40', '0000-00-00 00:00:00'),
(25, 3, 2018, 1, 1, 1, '4.20', '0000-00-00 00:00:00'),
(26, 3, 2018, 1, 2, 1, '3.00', '0000-00-00 00:00:00'),
(27, 3, 2018, 1, 3, 1, '2.40', '0000-00-00 00:00:00'),
(28, 3, 2018, 1, 4, 1, '2.40', '0000-00-00 00:00:00'),
(29, 3, 2018, 1, 1, 2, '7.00', '0000-00-00 00:00:00'),
(30, 3, 2018, 1, 2, 2, '5.00', '0000-00-00 00:00:00'),
(31, 3, 2018, 1, 3, 2, '4.00', '0000-00-00 00:00:00'),
(32, 3, 2018, 1, 4, 2, '4.00', '0000-00-00 00:00:00'),
(33, 3, 2018, 2, 1, 1, '4.14', '0000-00-00 00:00:00'),
(34, 3, 2018, 2, 2, 1, '5.10', '0000-00-00 00:00:00'),
(35, 3, 2018, 2, 3, 1, '4.08', '0000-00-00 00:00:00'),
(36, 3, 2018, 2, 4, 1, '4.08', '0000-00-00 00:00:00'),
(37, 3, 2018, 2, 1, 2, '11.90', '0000-00-00 00:00:00'),
(38, 3, 2018, 2, 2, 2, '8.50', '0000-00-00 00:00:00'),
(39, 3, 2018, 2, 3, 2, '6.80', '0000-00-00 00:00:00'),
(40, 3, 2018, 2, 4, 2, '6.80', '0000-00-00 00:00:00'),
(41, 3, 2018, 3, 1, 1, '1.68', '0000-00-00 00:00:00'),
(42, 3, 2018, 3, 2, 1, '1.26', '0000-00-00 00:00:00'),
(43, 3, 2018, 3, 3, 1, '0.84', '0000-00-00 00:00:00'),
(44, 3, 2018, 3, 4, 1, '0.84', '0000-00-00 00:00:00'),
(45, 3, 2018, 3, 1, 2, '2.80', '0000-00-00 00:00:00'),
(46, 3, 2018, 3, 2, 2, '2.10', '0000-00-00 00:00:00'),
(47, 3, 2018, 3, 3, 2, '1.40', '0000-00-00 00:00:00'),
(48, 3, 2018, 3, 4, 2, '1.40', '0000-00-00 00:00:00');

-- --------------------------------------------------------

--
-- Structure for view `gdfsgfg`
--
DROP TABLE IF EXISTS `gdfsgfg`;

CREATE ALGORITHM=UNDEFINED DEFINER=`egsdgsdf`@`%` SQL SECURITY DEFINER VIEW `gdfsgfg`  AS  select `holdings`.`holding_no` AS `holding_no` from `holdings` ;

--
-- Indexes for dumped tables
--

--
-- Indexes for table `anniversary_asset_cat_class_rate`
--
ALTER TABLE `anniversary_asset_cat_class_rate`
  ADD PRIMARY KEY (`id`);

--
-- Indexes for table `anniversary_asset_cat_percentage`
--
ALTER TABLE `anniversary_asset_cat_percentage`
  ADD PRIMARY KEY (`id`);

--
-- Indexes for table `anniversary_range`
--
ALTER TABLE `anniversary_range`
  ADD PRIMARY KEY (`ar_id`);

--
-- Indexes for table `asset_category`
--
ALTER TABLE `asset_category`
  ADD PRIMARY KEY (`asset_category_id`);

--
-- Indexes for table `asset_category_class`
--
ALTER TABLE `asset_category_class`
  ADD PRIMARY KEY (`asset_cat_class_id`);

--
-- Indexes for table `asset_category_of_using`
--
ALTER TABLE `asset_category_of_using`
  ADD PRIMARY KEY (`asset_cat_using_id`);

--
-- Indexes for table `customers`
--
ALTER TABLE `customers`
  ADD PRIMARY KEY (`id`),
  ADD KEY `customers_zone_id_foreign` (`zone_id`),
  ADD KEY `customers_package_id_foreign` (`package_id`),
  ADD KEY `customers_created_by_foreign` (`created_by`);

--
-- Indexes for table `failed_jobs`
--
ALTER TABLE `failed_jobs`
  ADD PRIMARY KEY (`id`);

--
-- Indexes for table `holder_anniversary_asset`
--
ALTER TABLE `holder_anniversary_asset`
  ADD PRIMARY KEY (`id`);

--
-- Indexes for table `holdings`
--
ALTER TABLE `holdings`
  ADD PRIMARY KEY (`id`);

--
-- Indexes for table `migrations`
--
ALTER TABLE `migrations`
  ADD PRIMARY KEY (`id`);

--
-- Indexes for table `packages`
--
ALTER TABLE `packages`
  ADD PRIMARY KEY (`id`),
  ADD KEY `packages_created_by_foreign` (`created_by`);

--
-- Indexes for table `password_resets`
--
ALTER TABLE `password_resets`
  ADD KEY `password_resets_email_index` (`email`);

--
-- Indexes for table `profiles`
--
ALTER TABLE `profiles`
  ADD PRIMARY KEY (`id`),
  ADD KEY `profiles_user_id_foreign` (`user_id`),
  ADD KEY `profiles_created_by_foreign` (`created_by`);

--
-- Indexes for table `roads`
--
ALTER TABLE `roads`
  ADD PRIMARY KEY (`road_id`);

--
-- Indexes for table `tax_payments`
--
ALTER TABLE `tax_payments`
  ADD PRIMARY KEY (`id`);

--
-- Indexes for table `users`
--
ALTER TABLE `users`
  ADD PRIMARY KEY (`id`),
  ADD UNIQUE KEY `users_email_unique` (`email`);

--
-- Indexes for table `wards`
--
ALTER TABLE `wards`
  ADD PRIMARY KEY (`ward_id`),
  ADD KEY `zone_id` (`zone_id`);

--
-- Indexes for table `ward_areas`
--
ALTER TABLE `ward_areas`
  ADD PRIMARY KEY (`area_id`);

--
-- Indexes for table `zones`
--
ALTER TABLE `zones`
  ADD PRIMARY KEY (`id`),
  ADD KEY `zones_created_by_foreign` (`created_by`);

--
-- Indexes for table `zone_tax_rate_settings`
--
ALTER TABLE `zone_tax_rate_settings`
  ADD PRIMARY KEY (`id`);

--
-- AUTO_INCREMENT for dumped tables
--

--
-- AUTO_INCREMENT for table `anniversary_asset_cat_class_rate`
--
ALTER TABLE `anniversary_asset_cat_class_rate`
  MODIFY `id` int(11) NOT NULL AUTO_INCREMENT, AUTO_INCREMENT=13;

--
-- AUTO_INCREMENT for table `anniversary_asset_cat_percentage`
--
ALTER TABLE `anniversary_asset_cat_percentage`
  MODIFY `id` int(11) NOT NULL AUTO_INCREMENT, AUTO_INCREMENT=10;

--
-- AUTO_INCREMENT for table `anniversary_range`
--
ALTER TABLE `anniversary_range`
  MODIFY `ar_id` int(11) NOT NULL AUTO_INCREMENT, AUTO_INCREMENT=4;

--
-- AUTO_INCREMENT for table `asset_category`
--
ALTER TABLE `asset_category`
  MODIFY `asset_category_id` int(11) NOT NULL AUTO_INCREMENT, AUTO_INCREMENT=4;

--
-- AUTO_INCREMENT for table `asset_category_class`
--
ALTER TABLE `asset_category_class`
  MODIFY `asset_cat_class_id` int(11) NOT NULL AUTO_INCREMENT, AUTO_INCREMENT=5;

--
-- AUTO_INCREMENT for table `asset_category_of_using`
--
ALTER TABLE `asset_category_of_using`
  MODIFY `asset_cat_using_id` int(11) NOT NULL AUTO_INCREMENT, AUTO_INCREMENT=4;

--
-- AUTO_INCREMENT for table `customers`
--
ALTER TABLE `customers`
  MODIFY `id` bigint(20) UNSIGNED NOT NULL AUTO_INCREMENT;

--
-- AUTO_INCREMENT for table `failed_jobs`
--
ALTER TABLE `failed_jobs`
  MODIFY `id` bigint(20) UNSIGNED NOT NULL AUTO_INCREMENT;

--
-- AUTO_INCREMENT for table `holder_anniversary_asset`
--
ALTER TABLE `holder_anniversary_asset`
  MODIFY `id` int(11) NOT NULL AUTO_INCREMENT, AUTO_INCREMENT=11;

--
-- AUTO_INCREMENT for table `holdings`
--
ALTER TABLE `holdings`
  MODIFY `id` int(11) NOT NULL AUTO_INCREMENT, AUTO_INCREMENT=1113;

--
-- AUTO_INCREMENT for table `migrations`
--
ALTER TABLE `migrations`
  MODIFY `id` int(10) UNSIGNED NOT NULL AUTO_INCREMENT, AUTO_INCREMENT=11;

--
-- AUTO_INCREMENT for table `packages`
--
ALTER TABLE `packages`
  MODIFY `id` bigint(20) UNSIGNED NOT NULL AUTO_INCREMENT;

--
-- AUTO_INCREMENT for table `profiles`
--
ALTER TABLE `profiles`
  MODIFY `id` bigint(20) UNSIGNED NOT NULL AUTO_INCREMENT;

--
-- AUTO_INCREMENT for table `roads`
--
ALTER TABLE `roads`
  MODIFY `road_id` int(11) NOT NULL AUTO_INCREMENT, AUTO_INCREMENT=112;

--
-- AUTO_INCREMENT for table `tax_payments`
--
ALTER TABLE `tax_payments`
  MODIFY `id` int(11) NOT NULL AUTO_INCREMENT, AUTO_INCREMENT=1246;

--
-- AUTO_INCREMENT for table `users`
--
ALTER TABLE `users`
  MODIFY `id` bigint(20) UNSIGNED NOT NULL AUTO_INCREMENT, AUTO_INCREMENT=2;

--
-- AUTO_INCREMENT for table `wards`
--
ALTER TABLE `wards`
  MODIFY `ward_id` int(11) NOT NULL AUTO_INCREMENT, AUTO_INCREMENT=23;

--
-- AUTO_INCREMENT for table `ward_areas`
--
ALTER TABLE `ward_areas`
  MODIFY `area_id` int(11) NOT NULL AUTO_INCREMENT, AUTO_INCREMENT=113;

--
-- AUTO_INCREMENT for table `zones`
--
ALTER TABLE `zones`
  MODIFY `id` bigint(20) UNSIGNED NOT NULL AUTO_INCREMENT, AUTO_INCREMENT=9;

--
-- AUTO_INCREMENT for table `zone_tax_rate_settings`
--
ALTER TABLE `zone_tax_rate_settings`
  MODIFY `id` int(11) NOT NULL AUTO_INCREMENT, AUTO_INCREMENT=49;

--
-- Constraints for dumped tables
--

--
-- Constraints for table `customers`
--
ALTER TABLE `customers`
  ADD CONSTRAINT `customers_created_by_foreign` FOREIGN KEY (`created_by`) REFERENCES `users` (`id`),
  ADD CONSTRAINT `customers_package_id_foreign` FOREIGN KEY (`package_id`) REFERENCES `packages` (`id`),
  ADD CONSTRAINT `customers_zone_id_foreign` FOREIGN KEY (`zone_id`) REFERENCES `zones` (`id`);

--
-- Constraints for table `packages`
--
ALTER TABLE `packages`
  ADD CONSTRAINT `packages_created_by_foreign` FOREIGN KEY (`created_by`) REFERENCES `users` (`id`);

--
-- Constraints for table `profiles`
--
ALTER TABLE `profiles`
  ADD CONSTRAINT `profiles_created_by_foreign` FOREIGN KEY (`created_by`) REFERENCES `users` (`id`),
  ADD CONSTRAINT `profiles_user_id_foreign` FOREIGN KEY (`user_id`) REFERENCES `users` (`id`) ON DELETE CASCADE;

--
-- Constraints for table `zones`
--
ALTER TABLE `zones`
  ADD CONSTRAINT `zones_created_by_foreign` FOREIGN KEY (`created_by`) REFERENCES `users` (`id`);
COMMIT;

/*!40101 SET CHARACTER_SET_CLIENT=@OLD_CHARACTER_SET_CLIENT */;
/*!40101 SET CHARACTER_SET_RESULTS=@OLD_CHARACTER_SET_RESULTS */;
/*!40101 SET COLLATION_CONNECTION=@OLD_COLLATION_CONNECTION */;
